[2026-10-02 06:46:18] local.ERROR: {closure:{closure:/home/clj/repo/bckgrnd-msc/floor-desktop/bootstrap/app.php:33}:42}(): Argument #2 ($request) must be of type Request, Illuminate\Http\Request given, called in /home/clj/repo/bckgrnd-msc/floor-desktop/vendor/laravel/framework/src/Illuminate/Foundation/Exceptions/Handler.php on line 717 {"exception":"[object] (TypeError(code: 0): {closure:{closure:/home/clj/repo/bckgrnd-msc/floor-desktop/bootstrap/app.php:33}:42}(): Argument #2 ($request) must be of type Request, Illuminate\\Http\\Request given, called in /home/clj/repo/bckgrnd-msc/floor-desktop/vendor/laravel/framework/src/Illuminate/Foundation/Exceptions/Handler.php on line 717 at /home/clj/repo/bckgrnd-msc/floor-desktop/bootstrap/app.php:42)
[stacktrace]
#0 /home/clj/repo/bckgrnd-msc/floor-desktop/vendor/laravel/framework/src/Illuminate/Foundation/Exceptions/Handler.php(717): {closure:{closure:/home/clj/repo/bckgrnd-msc/floor-desktop/bootstrap/app.php:33}:42}()
#1 /home/clj/repo/bckgrnd-msc/floor-desktop/vendor/laravel/framework/src/Illuminate/Foundation/Exceptions/Handler.php(618): Illuminate\\Foundation\\Exceptions\\Handler->renderViaCallbacks()
#2 /home/clj/repo/bckgrnd-msc/floor-desktop/vendor/laravel/framework/src/Illuminate/Routing/Pipeline.php(51): Illuminate\\Foundation\\Exceptions\\Handler->render()
#3 /home/clj/repo/bckgrnd-msc/floor-desktop/vendor/laravel/framework/src/Illuminate/Pipeline/Pipeline.php(182): Illuminate\\Routing\\Pipeline->handleException()
#4 /home/clj/repo/bckgrnd-msc/floor-desktop/vendor/laravel/framework/src/Illuminate/Routing/Middleware/SubstituteBindings.php(50): Illuminate\\Pipeline\\Pipeline->{closure:Illuminate\\Pipeline\\Pipeline::prepareDestination():178}()
#5 /home/clj/repo/bckgrnd-msc/floor-desktop/vendor/laravel/framework/src/Illuminate/Pipeline/Pipeline.php(219): Illuminate\\Routing\\Middleware\\SubstituteBindings->handle()
#6 /home/clj/repo/bckgrnd-msc/floor-desktop/vendor/laravel/framework/src/Illuminate/Http/Middleware/HandleCors.php(74): Illuminate\\Pipeline\\Pipeline->{closure:{closure:Illuminate\\Pipeline\\Pipeline::carry():194}:195}()
#7 /home/clj/repo/bckgrnd-msc/floor-desktop/vendor/laravel/framework/src/Illuminate/Pipeline/Pipeline.php(219): Illuminate\\Http\\Middleware\\HandleCors->handle()
#8 /home/clj/repo/bckgrnd-msc/floor-desktop/vendor/laravel/framework/src/Illuminate/Pipeline/Pipeline.php(137): Illuminate\\Pipeline\\Pipeline->{closure:{closure:Illuminate\\Pipeline\\Pipeline::carry():194}:195}()
#9 /home/clj/repo/bckgrnd-msc/floor-desktop/vendor/laravel/framework/src/Illuminate/Routing/Router.php(821): Illuminate\\Pipeline\\Pipeline->then()
#10 /home/clj/repo/bckgrnd-msc/floor-desktop/vendor/laravel/framework/src/Illuminate/Routing/Router.php(800): Illuminate\\Routing\\Router->runRouteWithinStack()
#11 /home/clj/repo/bckgrnd-msc/floor-desktop/vendor/laravel/framework/src/Illuminate/Routing/Router.php(764): Illuminate\\Routing\\Router->runRoute()
#12 /home/clj/repo/bckgrnd-msc/floor-desktop/vendor/laravel/framework/src/Illuminate/Routing/Router.php(753): Illuminate\\Routing\\Router->dispatchToRoute()
#13 /home/clj/repo/bckgrnd-msc/floor-desktop/vendor/laravel/framework/src/Illuminate/Foundation/Http/Kernel.php(200): Illuminate\\Routing\\Router->dispatch()
#14 /home/clj/repo/bckgrnd-msc/floor-desktop/vendor/laravel/framework/src/Illuminate/Pipeline/Pipeline.php(180): Illuminate\\Foundation\\Http\\Kernel->{closure:Illuminate\\Foundation\\Http\\Kernel::dispatchToRouter():197}()
#15 /home/clj/repo/bckgrnd-msc/floor-desktop/vendor/laravel/framework/src/Illuminate/Foundation/Http/Middleware/TransformsRequest.php(21): Illuminate\\Pipeline\\Pipeline->{closure:Illuminate\\Pipeline\\Pipeline::prepareDestination():178}()
#16 /home/clj/repo/bckgrnd-msc/floor-desktop/vendor/laravel/framework/src/Illuminate/Foundation/Http/Middleware/ConvertEmptyStringsToNull.php(31): Illuminate\\Foundation\\Http\\Middleware\\TransformsRequest->handle()
#17 /home/clj/repo/bckgrnd-msc/floor-desktop/vendor/laravel/framework/src/Illuminate/Pipeline/Pipeline.php(219): Illuminate\\Foundation\\Http\\Middleware\\ConvertEmptyStringsToNull->handle()
#18 /home/clj/repo/bckgrnd-msc/floor-desktop/vendor/laravel/framework/src/Illuminate/Foundation/Http/Middleware/TransformsRequest.php(21): Illuminate\\Pipeline\\Pipeline->{closure:{closure:Illuminate\\Pipeline\\Pipeline::carry():194}:195}()
#19 /home/clj/repo/bckgrnd-msc/floor-desktop/vendor/laravel/framework/src/Illuminate/Foundation/Http/Middleware/TrimStrings.php(51): Illuminate\\Foundation\\Http\\Middleware\\TransformsRequest->handle()
#20 /home/clj/repo/bckgrnd-msc/floor-desktop/vendor/laravel/framework/src/Illuminate/Pipeline/Pipeline.php(219): Illuminate\\Foundation\\Http\\Middleware\\TrimStrings->handle()
#21 /home/clj/repo/bckgrnd-msc/floor-desktop/vendor/laravel/framework/src/Illuminate/Http/Middleware/ValidatePostSize.php(27): Illuminate\\Pipeline\\Pipeline->{closure:{closure:Illuminate\\Pipeline\\Pipeline::carry():194}:195}()
#22 /home/clj/repo/bckgrnd-msc/floor-desktop/vendor/laravel/framework/src/Illuminate/Pipeline/Pipeline.php(219): Illuminate\\Http\\Middleware\\ValidatePostSize->handle()
#23 /home/clj/repo/bckgrnd-msc/floor-desktop/vendor/laravel/framework/src/Illuminate/Foundation/Http/Middleware/PreventRequestsDuringMaintenance.php(109): Illuminate\\Pipeline\\Pipeline->{closure:{closure:Illuminate\\Pipeline\\Pipeline::carry():194}:195}()
#24 /home/clj/repo/bckgrnd-msc/floor-desktop/vendor/laravel/framework/src/Illuminate/Pipeline/Pipeline.php(219): Illuminate\\Foundation\\Http\\Middleware\\PreventRequestsDuringMaintenance->handle()
#25 /home/clj/repo/bckgrnd-msc/floor-desktop/vendor/laravel/framework/src/Illuminate/Http/Middleware/HandleCors.php(74): Illuminate\\Pipeline\\Pipeline->{closure:{closure:Illuminate\\Pipeline\\Pipeline::carry():194}:195}()
#26 /home/clj/repo/bckgrnd-msc/floor-desktop/vendor/laravel/framework/src/Illuminate/Pipeline/Pipeline.php(219): Illuminate\\Http\\Middleware\\HandleCors->handle()
#27 /home/clj/repo/bckgrnd-msc/floor-desktop/vendor/laravel/framework/src/Illuminate/Http/Middleware/TrustProxies.php(58): Illuminate\\Pipeline\\Pipeline->{closure:{closure:Illuminate\\Pipeline\\Pipeline::carry():194}:195}()
#28 /home/clj/repo/bckgrnd-msc/floor-desktop/vendor/laravel/framework/src/Illuminate/Pipeline/Pipeline.php(219): Illuminate\\Http\\Middleware\\TrustProxies->handle()
#29 /home/clj/repo/bckgrnd-msc/floor-desktop/vendor/laravel/framework/src/Illuminate/Foundation/Http/Middleware/InvokeDeferredCallbacks.php(22): Illuminate\\Pipeline\\Pipeline->{closure:{closure:Illuminate\\Pipeline\\Pipeline::carry():194}:195}()
#30 /home/clj/repo/bckgrnd-msc/floor-desktop/vendor/laravel/framework/src/Illuminate/Pipeline/Pipeline.php(219): Illuminate\\Foundation\\Http\\Middleware\\InvokeDeferredCallbacks->handle()
#31 /home/clj/repo/bckgrnd-msc/floor-desktop/vendor/laravel/framework/src/Illuminate/Http/Middleware/ValidatePathEncoding.php(26): Illuminate\\Pipeline\\Pipeline->{closure:{closure:Illuminate\\Pipeline\\Pipeline::carry():194}:195}()
#32 /home/clj/repo/bckgrnd-msc/floor-desktop/vendor/laravel/framework/src/Illuminate/Pipeline/Pipeline.php(219): Illuminate\\Http\\Middleware\\ValidatePathEncoding->handle()
#33 /home/clj/repo/bckgrnd-msc/floor-desktop/vendor/laravel/framework/src/Illuminate/Pipeline/Pipeline.php(137): Illuminate\\Pipeline\\Pipeline->{closure:{closure:Illuminate\\Pipeline\\Pipeline::carry():194}:195}()
#34 /home/clj/repo/bckgrnd-msc/floor-desktop/vendor/laravel/framework/src/Illuminate/Foundation/Http/Kernel.php(175): Illuminate\\Pipeline\\Pipeline->then()
#35 /home/clj/repo/bckgrnd-msc/floor-desktop/vendor/laravel/framework/src/Illuminate/Foundation/Http/Kernel.php(144): Illuminate\\Foundation\\Http\\Kernel->sendRequestThroughRouter()
#36 /home/clj/repo/bckgrnd-msc/floor-desktop/vendor/laravel/framework/src/Illuminate/Foundation/Application.php(1220): Illuminate\\Foundation\\Http\\Kernel->handle()
#37 /home/clj/repo/bckgrnd-msc/floor-desktop/public/index.php(22): Illuminate\\Foundation\\Application->handleRequest()
#38 /home/clj/repo/bckgrnd-msc/floor-desktop/vendor/laravel/framework/src/Illuminate/Foundation/resources/server.php(23): require_once('...')
#39 {main}
"} 
[2026-10-02 06:46:18] local.ERROR: {closure:{closure:/home/clj/repo/bckgrnd-msc/floor-desktop/bootstrap/app.php:33}:42}(): Argument #2 ($request) must be of type Request, Illuminate\Http\Request given, called in /home/clj/repo/bckgrnd-msc/floor-desktop/vendor/laravel/framework/src/Illuminate/Foundation/Exceptions/Handler.php on line 717 {"exception":"[object] (TypeError(code: 0): {closure:{closure:/home/clj/repo/bckgrnd-msc/floor-desktop/bootstrap/app.php:33}:42}(): Argument #2 ($request) must be of type Request, Illuminate\\Http\\Request given, called in /home/clj/repo/bckgrnd-msc/floor-desktop/vendor/laravel/framework/src/Illuminate/Foundation/Exceptions/Handler.php on line 717 at /home/clj/repo/bckgrnd-msc/floor-desktop/bootstrap/app.php:42)
[stacktrace]
#0 /home/clj/repo/bckgrnd-msc/floor-desktop/vendor/laravel/framework/src/Illuminate/Foundation/Exceptions/Handler.php(717): {closure:{closure:/home/clj/repo/bckgrnd-msc/floor-desktop/bootstrap/app.php:33}:42}()
#1 /home/clj/repo/bckgrnd-msc/floor-desktop/vendor/laravel/framework/src/Illuminate/Foundation/Exceptions/Handler.php(618): Illuminate\\Foundation\\Exceptions\\Handler->renderViaCallbacks()
#2 /home/clj/repo/bckgrnd-msc/floor-desktop/vendor/laravel/framework/src/Illuminate/Routing/Pipeline.php(51): Illuminate\\Foundation\\Exceptions\\Handler->render()
#3 /home/clj/repo/bckgrnd-msc/floor-desktop/vendor/laravel/framework/src/Illuminate/Pipeline/Pipeline.php(224): Illuminate\\Routing\\Pipeline->handleException()
#4 /home/clj/repo/bckgrnd-msc/floor-desktop/vendor/laravel/framework/src/Illuminate/Http/Middleware/HandleCors.php(74): Illuminate\\Pipeline\\Pipeline->{closure:{closure:Illuminate\\Pipeline\\Pipeline::carry():194}:195}()
#5 /home/clj/repo/bckgrnd-msc/floor-desktop/vendor/laravel/framework/src/Illuminate/Pipeline/Pipeline.php(219): Illuminate\\Http\\Middleware\\HandleCors->handle()
#6 /home/clj/repo/bckgrnd-msc/floor-desktop/vendor/laravel/framework/src/Illuminate/Pipeline/Pipeline.php(137): Illuminate\\Pipeline\\Pipeline->{closure:{closure:Illuminate\\Pipeline\\Pipeline::carry():194}:195}()
#7 /home/clj/repo/bckgrnd-msc/floor-desktop/vendor/laravel/framework/src/Illuminate/Routing/Router.php(821): Illuminate\\Pipeline\\Pipeline->then()
#8 /home/clj/repo/bckgrnd-msc/floor-desktop/vendor/laravel/framework/src/Illuminate/Routing/Router.php(800): Illuminate\\Routing\\Router->runRouteWithinStack()
#9 /home/clj/repo/bckgrnd-msc/floor-desktop/vendor/laravel/framework/src/Illuminate/Routing/Router.php(764): Illuminate\\Routing\\Router->runRoute()
#10 /home/clj/repo/bckgrnd-msc/floor-desktop/vendor/laravel/framework/src/Illuminate/Routing/Router.php(753): Illuminate\\Routing\\Router->dispatchToRoute()
#11 /home/clj/repo/bckgrnd-msc/floor-desktop/vendor/laravel/framework/src/Illuminate/Foundation/Http/Kernel.php(200): Illuminate\\Routing\\Router->dispatch()
#12 /home/clj/repo/bckgrnd-msc/floor-desktop/vendor/laravel/framework/src/Illuminate/Pipeline/Pipeline.php(180): Illuminate\\Foundation\\Http\\Kernel->{closure:Illuminate\\Foundation\\Http\\Kernel::dispatchToRouter():197}()
#13 /home/clj/repo/bckgrnd-msc/floor-desktop/vendor/laravel/framework/src/Illuminate/Foundation/Http/Middleware/TransformsRequest.php(21): Illuminate\\Pipeline\\Pipeline->{closure:Illuminate\\Pipeline\\Pipeline::prepareDestination():178}()
#14 /home/clj/repo/bckgrnd-msc/floor-desktop/vendor/laravel/framework/src/Illuminate/Foundation/Http/Middleware/ConvertEmptyStringsToNull.php(31): Illuminate\\Foundation\\Http\\Middleware\\TransformsRequest->handle()
#15 /home/clj/repo/bckgrnd-msc/floor-desktop/vendor/laravel/framework/src/Illuminate/Pipeline/Pipeline.php(219): Illuminate\\Foundation\\Http\\Middleware\\ConvertEmptyStringsToNull->handle()
#16 /home/clj/repo/bckgrnd-msc/floor-desktop/vendor/laravel/framework/src/Illuminate/Foundation/Http/Middleware/TransformsRequest.php(21): Illuminate\\Pipeline\\Pipeline->{closure:{closure:Illuminate\\Pipeline\\Pipeline::carry():194}:195}()
#17 /home/clj/repo/bckgrnd-msc/floor-desktop/vendor/laravel/framework/src/Illuminate/Foundation/Http/Middleware/TrimStrings.php(51): Illuminate\\Foundation\\Http\\Middleware\\TransformsRequest->handle()
#18 /home/clj/repo/bckgrnd-msc/floor-desktop/vendor/laravel/framework/src/Illuminate/Pipeline/Pipeline.php(219): Illuminate\\Foundation\\Http\\Middleware\\TrimStrings->handle()
#19 /home/clj/repo/bckgrnd-msc/floor-desktop/vendor/laravel/framework/src/Illuminate/Http/Middleware/ValidatePostSize.php(27): Illuminate\\Pipeline\\Pipeline->{closure:{closure:Illuminate\\Pipeline\\Pipeline::carry():194}:195}()
#20 /home/clj/repo/bckgrnd-msc/floor-desktop/vendor/laravel/framework/src/Illuminate/Pipeline/Pipeline.php(219): Illuminate\\Http\\Middleware\\ValidatePostSize->handle()
#21 /home/clj/repo/bckgrnd-msc/floor-desktop/vendor/laravel/framework/src/Illuminate/Foundation/Http/Middleware/PreventRequestsDuringMaintenance.php(109): Illuminate\\Pipeline\\Pipeline->{closure:{closure:Illuminate\\Pipeline\\Pipeline::carry():194}:195}()
#22 /home/clj/repo/bckgrnd-msc/floor-desktop/vendor/laravel/framework/src/Illuminate/Pipeline/Pipeline.php(219): Illuminate\\Foundation\\Http\\Middleware\\PreventRequestsDuringMaintenance->handle()
#23 /home/clj/repo/bckgrnd-msc/floor-desktop/vendor/laravel/framework/src/Illuminate/Http/Middleware/HandleCors.php(74): Illuminate\\Pipeline\\Pipeline->{closure:{closure:Illuminate\\Pipeline\\Pipeline::carry():194}:195}()
#24 /home/clj/repo/bckgrnd-msc/floor-desktop/vendor/laravel/framework/src/Illuminate/Pipeline/Pipeline.php(219): Illuminate\\Http\\Middleware\\HandleCors->handle()
#25 /home/clj/repo/bckgrnd-msc/floor-desktop/vendor/laravel/framework/src/Illuminate/Http/Middleware/TrustProxies.php(58): Illuminate\\Pipeline\\Pipeline->{closure:{closure:Illuminate\\Pipeline\\Pipeline::carry():194}:195}()
#26 /home/clj/repo/bckgrnd-msc/floor-desktop/vendor/laravel/framework/src/Illuminate/Pipeline/Pipeline.php(219): Illuminate\\Http\\Middleware\\TrustProxies->handle()
#27 /home/clj/repo/bckgrnd-msc/floor-desktop/vendor/laravel/framework/src/Illuminate/Foundation/Http/Middleware/InvokeDeferredCallbacks.php(22): Illuminate\\Pipeline\\Pipeline->{closure:{closure:Illuminate\\Pipeline\\Pipeline::carry():194}:195}()
#28 /home/clj/repo/bckgrnd-msc/floor-desktop/vendor/laravel/framework/src/Illuminate/Pipeline/Pipeline.php(219): Illuminate\\Foundation\\Http\\Middleware\\InvokeDeferredCallbacks->handle()
#29 /home/clj/repo/bckgrnd-msc/floor-desktop/vendor/laravel/framework/src/Illuminate/Http/Middleware/ValidatePathEncoding.php(26): Illuminate\\Pipeline\\Pipeline->{closure:{closure:Illuminate\\Pipeline\\Pipeline::carry():194}:195}()
#30 /home/clj/repo/bckgrnd-msc/floor-desktop/vendor/laravel/framework/src/Illuminate/Pipeline/Pipeline.php(219): Illuminate\\Http\\Middleware\\ValidatePathEncoding->handle()
#31 /home/clj/repo/bckgrnd-msc/floor-desktop/vendor/laravel/framework/src/Illuminate/Pipeline/Pipeline.php(137): Illuminate\\Pipeline\\Pipeline->{closure:{closure:Illuminate\\Pipeline\\Pipeline::carry():194}:195}()
#32 /home/clj/repo/bckgrnd-msc/floor-desktop/vendor/laravel/framework/src/Illuminate/Foundation/Http/Kernel.php(175): Illuminate\\Pipeline\\Pipeline->then()
#33 /home/clj/repo/bckgrnd-msc/floor-desktop/vendor/laravel/framework/src/Illuminate/Foundation/Http/Kernel.php(144): Illuminate\\Foundation\\Http\\Kernel->sendRequestThroughRouter()
#34 /home/clj/repo/bckgrnd-msc/floor-desktop/vendor/laravel/framework/src/Illuminate/Foundation/Application.php(1220): Illuminate\\Foundation\\Http\\Kernel->handle()
#35 /home/clj/repo/bckgrnd-msc/floor-desktop/public/index.php(22): Illuminate\\Foundation\\Application->handleRequest()
#36 /home/clj/repo/bckgrnd-msc/floor-desktop/vendor/laravel/framework/src/Illuminate/Foundation/resources/server.php(23): require_once('...')
#37 {main}
"} 
[2026-10-02 06:46:18] local.ERROR: {closure:{closure:/home/clj/repo/bckgrnd-msc/floor-desktop/bootstrap/app.php:33}:42}(): Argument #2 ($request) must be of type Request, Illuminate\Http\Request given, called in /home/clj/repo/bckgrnd-msc/floor-desktop/vendor/laravel/framework/src/Illuminate/Foundation/Exceptions/Handler.php on line 717 {"exception":"[object] (TypeError(code: 0): {closure:{closure:/home/clj/repo/bckgrnd-msc/floor-desktop/bootstrap/app.php:33}:42}(): Argument #2 ($request) must be of type Request, Illuminate\\Http\\Request given, called in /home/clj/repo/bckgrnd-msc/floor-desktop/vendor/laravel/framework/src/Illuminate/Foundation/Exceptions/Handler.php on line 717 at /home/clj/repo/bckgrnd-msc/floor-desktop/bootstrap/app.php:42)
[stacktrace]
#0 /home/clj/repo/bckgrnd-msc/floor-desktop/vendor/laravel/framework/src/Illuminate/Foundation/Exceptions/Handler.php(717): {closure:{closure:/home/clj/repo/bckgrnd-msc/floor-desktop/bootstrap/app.php:33}:42}()
#1 /home/clj/repo/bckgrnd-msc/floor-desktop/vendor/laravel/framework/src/Illuminate/Foundation/Exceptions/Handler.php(618): Illuminate\\Foundation\\Exceptions\\Handler->renderViaCallbacks()
#2 /home/clj/repo/bckgrnd-msc/floor-desktop/vendor/laravel/framework/src/Illuminate/Routing/Pipeline.php(51): Illuminate\\Foundation\\Exceptions\\Handler->render()
#3 /home/clj/repo/bckgrnd-msc/floor-desktop/vendor/laravel/framework/src/Illuminate/Pipeline/Pipeline.php(224): Illuminate\\Routing\\Pipeline->handleException()
#4 /home/clj/repo/bckgrnd-msc/floor-desktop/vendor/laravel/framework/src/Illuminate/Pipeline/Pipeline.php(137): Illuminate\\Pipeline\\Pipeline->{closure:{closure:Illuminate\\Pipeline\\Pipeline::carry():194}:195}()
#5 /home/clj/repo/bckgrnd-msc/floor-desktop/vendor/laravel/framework/src/Illuminate/Routing/Router.php(821): Illuminate\\Pipeline\\Pipeline->then()
#6 /home/clj/repo/bckgrnd-msc/floor-desktop/vendor/laravel/framework/src/Illuminate/Routing/Router.php(800): Illuminate\\Routing\\Router->runRouteWithinStack()
#7 /home/clj/repo/bckgrnd-msc/floor-desktop/vendor/laravel/framework/src/Illuminate/Routing/Router.php(764): Illuminate\\Routing\\Router->runRoute()
#8 /home/clj/repo/bckgrnd-msc/floor-desktop/vendor/laravel/framework/src/Illuminate/Routing/Router.php(753): Illuminate\\Routing\\Router->dispatchToRoute()
#9 /home/clj/repo/bckgrnd-msc/floor-desktop/vendor/laravel/framework/src/Illuminate/Foundation/Http/Kernel.php(200): Illuminate\\Routing\\Router->dispatch()
#10 /home/clj/repo/bckgrnd-msc/floor-desktop/vendor/laravel/framework/src/Illuminate/Pipeline/Pipeline.php(180): Illuminate\\Foundation\\Http\\Kernel->{closure:Illuminate\\Foundation\\Http\\Kernel::dispatchToRouter():197}()
#11 /home/clj/repo/bckgrnd-msc/floor-desktop/vendor/laravel/framework/src/Illuminate/Foundation/Http/Middleware/TransformsRequest.php(21): Illuminate\\Pipeline\\Pipeline->{closure:Illuminate\\Pipeline\\Pipeline::prepareDestination():178}()
#12 /home/clj/repo/bckgrnd-msc/floor-desktop/vendor/laravel/framework/src/Illuminate/Foundation/Http/Middleware/ConvertEmptyStringsToNull.php(31): Illuminate\\Foundation\\Http\\Middleware\\TransformsRequest->handle()
#13 /home/clj/repo/bckgrnd-msc/floor-desktop/vendor/laravel/framework/src/Illuminate/Pipeline/Pipeline.php(219): Illuminate\\Foundation\\Http\\Middleware\\ConvertEmptyStringsToNull->handle()
#14 /home/clj/repo/bckgrnd-msc/floor-desktop/vendor/laravel/framework/src/Illuminate/Foundation/Http/Middleware/TransformsRequest.php(21): Illuminate\\Pipeline\\Pipeline->{closure:{closure:Illuminate\\Pipeline\\Pipeline::carry():194}:195}()
#15 /home/clj/repo/bckgrnd-msc/floor-desktop/vendor/laravel/framework/src/Illuminate/Foundation/Http/Middleware/TrimStrings.php(51): Illuminate\\Foundation\\Http\\Middleware\\TransformsRequest->handle()
#16 /home/clj/repo/bckgrnd-msc/floor-desktop/vendor/laravel/framework/src/Illuminate/Pipeline/Pipeline.php(219): Illuminate\\Foundation\\Http\\Middleware\\TrimStrings->handle()
#17 /home/clj/repo/bckgrnd-msc/floor-desktop/vendor/laravel/framework/src/Illuminate/Http/Middleware/ValidatePostSize.php(27): Illuminate\\Pipeline\\Pipeline->{closure:{closure:Illuminate\\Pipeline\\Pipeline::carry():194}:195}()
#18 /home/clj/repo/bckgrnd-msc/floor-desktop/vendor/laravel/framework/src/Illuminate/Pipeline/Pipeline.php(219): Illuminate\\Http\\Middleware\\ValidatePostSize->handle()
#19 /home/clj/repo/bckgrnd-msc/floor-desktop/vendor/laravel/framework/src/Illuminate/Foundation/Http/Middleware/PreventRequestsDuringMaintenance.php(109): Illuminate\\Pipeline\\Pipeline->{closure:{closure:Illuminate\\Pipeline\\Pipeline::carry():194}:195}()
#20 /home/clj/repo/bckgrnd-msc/floor-desktop/vendor/laravel/framework/src/Illuminate/Pipeline/Pipeline.php(219): Illuminate\\Foundation\\Http\\Middleware\\PreventRequestsDuringMaintenance->handle()
#21 /home/clj/repo/bckgrnd-msc/floor-desktop/vendor/laravel/framework/src/Illuminate/Http/Middleware/HandleCors.php(74): Illuminate\\Pipeline\\Pipeline->{closure:{closure:Illuminate\\Pipeline\\Pipeline::carry():194}:195}()
#22 /home/clj/repo/bckgrnd-msc/floor-desktop/vendor/laravel/framework/src/Illuminate/Pipeline/Pipeline.php(219): Illuminate\\Http\\Middleware\\HandleCors->handle()
#23 /home/clj/repo/bckgrnd-msc/floor-desktop/vendor/laravel/framework/src/Illuminate/Http/Middleware/TrustProxies.php(58): Illuminate\\Pipeline\\Pipeline->{closure:{closure:Illuminate\\Pipeline\\Pipeline::carry():194}:195}()
#24 /home/clj/repo/bckgrnd-msc/floor-desktop/vendor/laravel/framework/src/Illuminate/Pipeline/Pipeline.php(219): Illuminate\\Http\\Middleware\\TrustProxies->handle()
#25 /home/clj/repo/bckgrnd-msc/floor-desktop/vendor/laravel/framework/src/Illuminate/Foundation/Http/Middleware/InvokeDeferredCallbacks.php(22): Illuminate\\Pipeline\\Pipeline->{closure:{closure:Illuminate\\Pipeline\\Pipeline::carry():194}:195}()
#26 /home/clj/repo/bckgrnd-msc/floor-desktop/vendor/laravel/framework/src/Illuminate/Pipeline/Pipeline.php(219): Illuminate\\Foundation\\Http\\Middleware\\InvokeDeferredCallbacks->handle()
#27 /home/clj/repo/bckgrnd-msc/floor-desktop/vendor/laravel/framework/src/Illuminate/Http/Middleware/ValidatePathEncoding.php(26): Illuminate\\Pipeline\\Pipeline->{closure:{closure:Illuminate\\Pipeline\\Pipeline::carry():194}:195}()
#28 /home/clj/repo/bckgrnd-msc/floor-desktop/vendor/laravel/framework/src/Illuminate/Pipeline/Pipeline.php(219): Illuminate\\Http\\Middleware\\ValidatePathEncoding->handle()
#29 /home/clj/repo/bckgrnd-msc/floor-desktop/vendor/laravel/framework/src/Illuminate/Pipeline/Pipeline.php(137): Illuminate\\Pipeline\\Pipeline->{closure:{closure:Illuminate\\Pipeline\\Pipeline::carry():194}:195}()
#30 /home/clj/repo/bckgrnd-msc/floor-desktop/vendor/laravel/framework/src/Illuminate/Foundation/Http/Kernel.php(175): Illuminate\\Pipeline\\Pipeline->then()
#31 /home/clj/repo/bckgrnd-msc/floor-desktop/vendor/laravel/framework/src/Illuminate/Foundation/Http/Kernel.php(144): Illuminate\\Foundation\\Http\\Kernel->sendRequestThroughRouter()
#32 /home/clj/repo/bckgrnd-msc/floor-desktop/vendor/laravel/framework/src/Illuminate/Foundation/Application.php(1220): Illuminate\\Foundation\\Http\\Kernel->handle()
#33 /home/clj/repo/bckgrnd-msc/floor-desktop/public/index.php(22): Illuminate\\Foundation\\Application->handleRequest()
#34 /home/clj/repo/bckgrnd-msc/floor-desktop/vendor/laravel/framework/src/Illuminate/Foundation/resources/server.php(23): require_once('...')
#35 {main}
"} 
[2026-10-02 06:46:18] local.ERROR: {closure:{closure:/home/clj/repo/bckgrnd-msc/floor-desktop/bootstrap/app.php:33}:42}(): Argument #2 ($request) must be of type Request, Illuminate\Http\Request given, called in /home/clj/repo/bckgrnd-msc/floor-desktop/vendor/laravel/framework/src/Illuminate/Foundation/Exceptions/Handler.php on line 717 {"exception":"[object] (TypeError(code: 0): {closure:{closure:/home/clj/repo/bckgrnd-msc/floor-desktop/bootstrap/app.php:33}:42}(): Argument #2 ($request) must be of type Request, Illuminate\\Http\\Request given, called in /home/clj/repo/bckgrnd-msc/floor-desktop/vendor/laravel/framework/src/Illuminate/Foundation/Exceptions/Handler.php on line 717 at /home/clj/repo/bckgrnd-msc/floor-desktop/bootstrap/app.php:42)
[stacktrace]
#0 /home/clj/repo/bckgrnd-msc/floor-desktop/vendor/laravel/framework/src/Illuminate/Foundation/Exceptions/Handler.php(717): {closure:{closure:/home/clj/repo/bckgrnd-msc/floor-desktop/bootstrap/app.php:33}:42}()
#1 /home/clj/repo/bckgrnd-msc/floor-desktop/vendor/laravel/framework/src/Illuminate/Foundation/Exceptions/Handler.php(618): Illuminate\\Foundation\\Exceptions\\Handler->renderViaCallbacks()
#2 /home/clj/repo/bckgrnd-msc/floor-desktop/vendor/laravel/framework/src/Illuminate/Routing/Pipeline.php(51): Illuminate\\Foundation\\Exceptions\\Handler->render()
#3 /home/clj/repo/bckgrnd-msc/floor-desktop/vendor/laravel/framework/src/Illuminate/Pipeline/Pipeline.php(182): Illuminate\\Routing\\Pipeline->handleException()
#4 /home/clj/repo/bckgrnd-msc/floor-desktop/vendor/laravel/framework/src/Illuminate/Foundation/Http/Middleware/TransformsRequest.php(21): Illuminate\\Pipeline\\Pipeline->{closure:Illuminate\\Pipeline\\Pipeline::prepareDestination():178}()
#5 /home/clj/repo/bckgrnd-msc/floor-desktop/vendor/laravel/framework/src/Illuminate/Foundation/Http/Middleware/ConvertEmptyStringsToNull.php(31): Illuminate\\Foundation\\Http\\Middleware\\TransformsRequest->handle()
#6 /home/clj/repo/bckgrnd-msc/floor-desktop/vendor/laravel/framework/src/Illuminate/Pipeline/Pipeline.php(219): Illuminate\\Foundation\\Http\\Middleware\\ConvertEmptyStringsToNull->handle()
#7 /home/clj/repo/bckgrnd-msc/floor-desktop/vendor/laravel/framework/src/Illuminate/Foundation/Http/Middleware/TransformsRequest.php(21): Illuminate\\Pipeline\\Pipeline->{closure:{closure:Illuminate\\Pipeline\\Pipeline::carry():194}:195}()
#8 /home/clj/repo/bckgrnd-msc/floor-desktop/vendor/laravel/framework/src/Illuminate/Foundation/Http/Middleware/TrimStrings.php(51): Illuminate\\Foundation\\Http\\Middleware\\TransformsRequest->handle()
#9 /home/clj/repo/bckgrnd-msc/floor-desktop/vendor/laravel/framework/src/Illuminate/Pipeline/Pipeline.php(219): Illuminate\\Foundation\\Http\\Middleware\\TrimStrings->handle()
#10 /home/clj/repo/bckgrnd-msc/floor-desktop/vendor/laravel/framework/src/Illuminate/Http/Middleware/ValidatePostSize.php(27): Illuminate\\Pipeline\\Pipeline->{closure:{closure:Illuminate\\Pipeline\\Pipeline::carry():194}:195}()
#11 /home/clj/repo/bckgrnd-msc/floor-desktop/vendor/laravel/framework/src/Illuminate/Pipeline/Pipeline.php(219): Illuminate\\Http\\Middleware\\ValidatePostSize->handle()
#12 /home/clj/repo/bckgrnd-msc/floor-desktop/vendor/laravel/framework/src/Illuminate/Foundation/Http/Middleware/PreventRequestsDuringMaintenance.php(109): Illuminate\\Pipeline\\Pipeline->{closure:{closure:Illuminate\\Pipeline\\Pipeline::carry():194}:195}()
#13 /home/clj/repo/bckgrnd-msc/floor-desktop/vendor/laravel/framework/src/Illuminate/Pipeline/Pipeline.php(219): Illuminate\\Foundation\\Http\\Middleware\\PreventRequestsDuringMaintenance->handle()
#14 /home/clj/repo/bckgrnd-msc/floor-desktop/vendor/laravel/framework/src/Illuminate/Http/Middleware/HandleCors.php(74): Illuminate\\Pipeline\\Pipeline->{closure:{closure:Illuminate\\Pipeline\\Pipeline::carry():194}:195}()
#15 /home/clj/repo/bckgrnd-msc/floor-desktop/vendor/laravel/framework/src/Illuminate/Pipeline/Pipeline.php(219): Illuminate\\Http\\Middleware\\HandleCors->handle()
#16 /home/clj/repo/bckgrnd-msc/floor-desktop/vendor/laravel/framework/src/Illuminate/Http/Middleware/TrustProxies.php(58): Illuminate\\Pipeline\\Pipeline->{closure:{closure:Illuminate\\Pipeline\\Pipeline::carry():194}:195}()
#17 /home/clj/repo/bckgrnd-msc/floor-desktop/vendor/laravel/framework/src/Illuminate/Pipeline/Pipeline.php(219): Illuminate\\Http\\Middleware\\TrustProxies->handle()
#18 /home/clj/repo/bckgrnd-msc/floor-desktop/vendor/laravel/framework/src/Illuminate/Foundation/Http/Middleware/InvokeDeferredCallbacks.php(22): Illuminate\\Pipeline\\Pipeline->{closure:{closure:Illuminate\\Pipeline\\Pipeline::carry():194}:195}()
#19 /home/clj/repo/bckgrnd-msc/floor-desktop/vendor/laravel/framework/src/Illuminate/Pipeline/Pipeline.php(219): Illuminate\\Foundation\\Http\\Middleware\\InvokeDeferredCallbacks->handle()
#20 /home/clj/repo/bckgrnd-msc/floor-desktop/vendor/laravel/framework/src/Illuminate/Http/Middleware/ValidatePathEncoding.php(26): Illuminate\\Pipeline\\Pipeline->{closure:{closure:Illuminate\\Pipeline\\Pipeline::carry():194}:195}()
#21 /home/clj/repo/bckgrnd-msc/floor-desktop/vendor/laravel/framework/src/Illuminate/Pipeline/Pipeline.php(219): Illuminate\\Http\\Middleware\\ValidatePathEncoding->handle()
#22 /home/clj/repo/bckgrnd-msc/floor-desktop/vendor/laravel/framework/src/Illuminate/Pipeline/Pipeline.php(137): Illuminate\\Pipeline\\Pipeline->{closure:{closure:Illuminate\\Pipeline\\Pipeline::carry():194}:195}()
#23 /home/clj/repo/bckgrnd-msc/floor-desktop/vendor/laravel/framework/src/Illuminate/Foundation/Http/Kernel.php(175): Illuminate\\Pipeline\\Pipeline->then()
#24 /home/clj/repo/bckgrnd-msc/floor-desktop/vendor/laravel/framework/src/Illuminate/Foundation/Http/Kernel.php(144): Illuminate\\Foundation\\Http\\Kernel->sendRequestThroughRouter()
#25 /home/clj/repo/bckgrnd-msc/floor-desktop/vendor/laravel/framework/src/Illuminate/Foundation/Application.php(1220): Illuminate\\Foundation\\Http\\Kernel->handle()
#26 /home/clj/repo/bckgrnd-msc/floor-desktop/public/index.php(22): Illuminate\\Foundation\\Application->handleRequest()
#27 /home/clj/repo/bckgrnd-msc/floor-desktop/vendor/laravel/framework/src/Illuminate/Foundation/resources/server.php(23): require_once('...')
#28 {main}
"} 
[2026-10-02 06:46:18] local.ERROR: {closure:{closure:/home/clj/repo/bckgrnd-msc/floor-desktop/bootstrap/app.php:33}:42}(): Argument #2 ($request) must be of type Request, Illuminate\Http\Request given, called in /home/clj/repo/bckgrnd-msc/floor-desktop/vendor/laravel/framework/src/Illuminate/Foundation/Exceptions/Handler.php on line 717 {"exception":"[object] (TypeError(code: 0): {closure:{closure:/home/clj/repo/bckgrnd-msc/floor-desktop/bootstrap/app.php:33}:42}(): Argument #2 ($request) must be of type Request, Illuminate\\Http\\Request given, called in /home/clj/repo/bckgrnd-msc/floor-desktop/vendor/laravel/framework/src/Illuminate/Foundation/Exceptions/Handler.php on line 717 at /home/clj/repo/bckgrnd-msc/floor-desktop/bootstrap/app.php:42)
[stacktrace]
#0 /home/clj/repo/bckgrnd-msc/floor-desktop/vendor/laravel/framework/src/Illuminate/Foundation/Exceptions/Handler.php(717): {closure:{closure:/home/clj/repo/bckgrnd-msc/floor-desktop/bootstrap/app.php:33}:42}()
#1 /home/clj/repo/bckgrnd-msc/floor-desktop/vendor/laravel/framework/src/Illuminate/Foundation/Exceptions/Handler.php(618): Illuminate\\Foundation\\Exceptions\\Handler->renderViaCallbacks()
#2 /home/clj/repo/bckgrnd-msc/floor-desktop/vendor/laravel/framework/src/Illuminate/Routing/Pipeline.php(51): Illuminate\\Foundation\\Exceptions\\Handler->render()
#3 /home/clj/repo/bckgrnd-msc/floor-desktop/vendor/laravel/framework/src/Illuminate/Pipeline/Pipeline.php(224): Illuminate\\Routing\\Pipeline->handleException()
#4 /home/clj/repo/bckgrnd-msc/floor-desktop/vendor/laravel/framework/src/Illuminate/Foundation/Http/Middleware/TransformsRequest.php(21): Illuminate\\Pipeline\\Pipeline->{closure:{closure:Illuminate\\Pipeline\\Pipeline::carry():194}:195}()
#5 /home/clj/repo/bckgrnd-msc/floor-desktop/vendor/laravel/framework/src/Illuminate/Foundation/Http/Middleware/TrimStrings.php(51): Illuminate\\Foundation\\Http\\Middleware\\TransformsRequest->handle()
#6 /home/clj/repo/bckgrnd-msc/floor-desktop/vendor/laravel/framework/src/Illuminate/Pipeline/Pipeline.php(219): Illuminate\\Foundation\\Http\\Middleware\\TrimStrings->handle()
#7 /home/clj/repo/bckgrnd-msc/floor-desktop/vendor/laravel/framework/src/Illuminate/Http/Middleware/ValidatePostSize.php(27): Illuminate\\Pipeline\\Pipeline->{closure:{closure:Illuminate\\Pipeline\\Pipeline::carry():194}:195}()
#8 /home/clj/repo/bckgrnd-msc/floor-desktop/vendor/laravel/framework/src/Illuminate/Pipeline/Pipeline.php(219): Illuminate\\Http\\Middleware\\ValidatePostSize->handle()
#9 /home/clj/repo/bckgrnd-msc/floor-desktop/vendor/laravel/framework/src/Illuminate/Foundation/Http/Middleware/PreventRequestsDuringMaintenance.php(109): Illuminate\\Pipeline\\Pipeline->{closure:{closure:Illuminate\\Pipeline\\Pipeline::carry():194}:195}()
#10 /home/clj/repo/bckgrnd-msc/floor-desktop/vendor/laravel/framework/src/Illuminate/Pipeline/Pipeline.php(219): Illuminate\\Foundation\\Http\\Middleware\\PreventRequestsDuringMaintenance->handle()
#11 /home/clj/repo/bckgrnd-msc/floor-desktop/vendor/laravel/framework/src/Illuminate/Http/Middleware/HandleCors.php(74): Illuminate\\Pipeline\\Pipeline->{closure:{closure:Illuminate\\Pipeline\\Pipeline::carry():194}:195}()
#12 /home/clj/repo/bckgrnd-msc/floor-desktop/vendor/laravel/framework/src/Illuminate/Pipeline/Pipeline.php(219): Illuminate\\Http\\Middleware\\HandleCors->handle()
#13 /home/clj/repo/bckgrnd-msc/floor-desktop/vendor/laravel/framework/src/Illuminate/Http/Middleware/TrustProxies.php(58): Illuminate\\Pipeline\\Pipeline->{closure:{closure:Illuminate\\Pipeline\\Pipeline::carry():194}:195}()
#14 /home/clj/repo/bckgrnd-msc/floor-desktop/vendor/laravel/framework/src/Illuminate/Pipeline/Pipeline.php(219): Illuminate\\Http\\Middleware\\TrustProxies->handle()
#15 /home/clj/repo/bckgrnd-msc/floor-desktop/vendor/laravel/framework/src/Illuminate/Foundation/Http/Middleware/InvokeDeferredCallbacks.php(22): Illuminate\\Pipeline\\Pipeline->{closure:{closure:Illuminate\\Pipeline\\Pipeline::carry():194}:195}()
#16 /home/clj/repo/bckgrnd-msc/floor-desktop/vendor/laravel/framework/src/Illuminate/Pipeline/Pipeline.php(219): Illuminate\\Foundation\\Http\\Middleware\\InvokeDeferredCallbacks->handle()
#17 /home/clj/repo/bckgrnd-msc/floor-desktop/vendor/laravel/framework/src/Illuminate/Http/Middleware/ValidatePathEncoding.php(26): Illuminate\\Pipeline\\Pipeline->{closure:{closure:Illuminate\\Pipeline\\Pipeline::carry():194}:195}()
#18 /home/clj/repo/bckgrnd-msc/floor-desktop/vendor/laravel/framework/src/Illuminate/Pipeline/Pipeline.php(219): Illuminate\\Http\\Middleware\\ValidatePathEncoding->handle()
#19 /home/clj/repo/bckgrnd-msc/floor-desktop/vendor/laravel/framework/src/Illuminate/Pipeline/Pipeline.php(137): Illuminate\\Pipeline\\Pipeline->{closure:{closure:Illuminate\\Pipeline\\Pipeline::carry():194}:195}()
#20 /home/clj/repo/bckgrnd-msc/floor-desktop/vendor/laravel/framework/src/Illuminate/Foundation/Http/Kernel.php(175): Illuminate\\Pipeline\\Pipeline->then()
#21 /home/clj/repo/bckgrnd-msc/floor-desktop/vendor/laravel/framework/src/Illuminate/Foundation/Http/Kernel.php(144): Illuminate\\Foundation\\Http\\Kernel->sendRequestThroughRouter()
#22 /home/clj/repo/bckgrnd-msc/floor-desktop/vendor/laravel/framework/src/Illuminate/Foundation/Application.php(1220): Illuminate\\Foundation\\Http\\Kernel->handle()
#23 /home/clj/repo/bckgrnd-msc/floor-desktop/public/index.php(22): Illuminate\\Foundation\\Application->handleRequest()
#24 /home/clj/repo/bckgrnd-msc/floor-desktop/vendor/laravel/framework/src/Illuminate/Foundation/resources/server.php(23): require_once('...')
#25 {main}
"} 
[2026-10-02 06:46:18] local.ERROR: {closure:{closure:/home/clj/repo/bckgrnd-msc/floor-desktop/bootstrap/app.php:33}:42}(): Argument #2 ($request) must be of type Request, Illuminate\Http\Request given, called in /home/clj/repo/bckgrnd-msc/floor-desktop/vendor/laravel/framework/src/Illuminate/Foundation/Exceptions/Handler.php on line 717 {"exception":"[object] (TypeError(code: 0): {closure:{closure:/home/clj/repo/bckgrnd-msc/floor-desktop/bootstrap/app.php:33}:42}(): Argument #2 ($request) must be of type Request, Illuminate\\Http\\Request given, called in /home/clj/repo/bckgrnd-msc/floor-desktop/vendor/laravel/framework/src/Illuminate/Foundation/Exceptions/Handler.php on line 717 at /home/clj/repo/bckgrnd-msc/floor-desktop/bootstrap/app.php:42)
[stacktrace]
#0 /home/clj/repo/bckgrnd-msc/floor-desktop/vendor/laravel/framework/src/Illuminate/Foundation/Exceptions/Handler.php(717): {closure:{closure:/home/clj/repo/bckgrnd-msc/floor-desktop/bootstrap/app.php:33}:42}()
#1 /home/clj/repo/bckgrnd-msc/floor-desktop/vendor/laravel/framework/src/Illuminate/Foundation/Exceptions/Handler.php(618): Illuminate\\Foundation\\Exceptions\\Handler->renderViaCallbacks()
#2 /home/clj/repo/bckgrnd-msc/floor-desktop/vendor/laravel/framework/src/Illuminate/Routing/Pipeline.php(51): Illuminate\\Foundation\\Exceptions\\Handler->render()
#3 /home/clj/repo/bckgrnd-msc/floor-desktop/vendor/laravel/framework/src/Illuminate/Pipeline/Pipeline.php(224): Illuminate\\Routing\\Pipeline->handleException()
#4 /home/clj/repo/bckgrnd-msc/floor-desktop/vendor/laravel/framework/src/Illuminate/Http/Middleware/ValidatePostSize.php(27): Illuminate\\Pipeline\\Pipeline->{closure:{closure:Illuminate\\Pipeline\\Pipeline::carry():194}:195}()
#5 /home/clj/repo/bckgrnd-msc/floor-desktop/vendor/laravel/framework/src/Illuminate/Pipeline/Pipeline.php(219): Illuminate\\Http\\Middleware\\ValidatePostSize->handle()
#6 /home/clj/repo/bckgrnd-msc/floor-desktop/vendor/laravel/framework/src/Illuminate/Foundation/Http/Middleware/PreventRequestsDuringMaintenance.php(109): Illuminate\\Pipeline\\Pipeline->{closure:{closure:Illuminate\\Pipeline\\Pipeline::carry():194}:195}()
#7 /home/clj/repo/bckgrnd-msc/floor-desktop/vendor/laravel/framework/src/Illuminate/Pipeline/Pipeline.php(219): Illuminate\\Foundation\\Http\\Middleware\\PreventRequestsDuringMaintenance->handle()
#8 /home/clj/repo/bckgrnd-msc/floor-desktop/vendor/laravel/framework/src/Illuminate/Http/Middleware/HandleCors.php(74): Illuminate\\Pipeline\\Pipeline->{closure:{closure:Illuminate\\Pipeline\\Pipeline::carry():194}:195}()
#9 /home/clj/repo/bckgrnd-msc/floor-desktop/vendor/laravel/framework/src/Illuminate/Pipeline/Pipeline.php(219): Illuminate\\Http\\Middleware\\HandleCors->handle()
#10 /home/clj/repo/bckgrnd-msc/floor-desktop/vendor/laravel/framework/src/Illuminate/Http/Middleware/TrustProxies.php(58): Illuminate\\Pipeline\\Pipeline->{closure:{closure:Illuminate\\Pipeline\\Pipeline::carry():194}:195}()
#11 /home/clj/repo/bckgrnd-msc/floor-desktop/vendor/laravel/framework/src/Illuminate/Pipeline/Pipeline.php(219): Illuminate\\Http\\Middleware\\TrustProxies->handle()
#12 /home/clj/repo/bckgrnd-msc/floor-desktop/vendor/laravel/framework/src/Illuminate/Foundation/Http/Middleware/InvokeDeferredCallbacks.php(22): Illuminate\\Pipeline\\Pipeline->{closure:{closure:Illuminate\\Pipeline\\Pipeline::carry():194}:195}()
#13 /home/clj/repo/bckgrnd-msc/floor-desktop/vendor/laravel/framework/src/Illuminate/Pipeline/Pipeline.php(219): Illuminate\\Foundation\\Http\\Middleware\\InvokeDeferredCallbacks->handle()
#14 /home/clj/repo/bckgrnd-msc/floor-desktop/vendor/laravel/framework/src/Illuminate/Http/Middleware/ValidatePathEncoding.php(26): Illuminate\\Pipeline\\Pipeline->{closure:{closure:Illuminate\\Pipeline\\Pipeline::carry():194}:195}()
#15 /home/clj/repo/bckgrnd-msc/floor-desktop/vendor/laravel/framework/src/Illuminate/Pipeline/Pipeline.php(219): Illuminate\\Http\\Middleware\\ValidatePathEncoding->handle()
#16 /home/clj/repo/bckgrnd-msc/floor-desktop/vendor/laravel/framework/src/Illuminate/Pipeline/Pipeline.php(137): Illuminate\\Pipeline\\Pipeline->{closure:{closure:Illuminate\\Pipeline\\Pipeline::carry():194}:195}()
#17 /home/clj/repo/bckgrnd-msc/floor-desktop/vendor/laravel/framework/src/Illuminate/Foundation/Http/Kernel.php(175): Illuminate\\Pipeline\\Pipeline->then()
#18 /home/clj/repo/bckgrnd-msc/floor-desktop/vendor/laravel/framework/src/Illuminate/Foundation/Http/Kernel.php(144): Illuminate\\Foundation\\Http\\Kernel->sendRequestThroughRouter()
#19 /home/clj/repo/bckgrnd-msc/floor-desktop/vendor/laravel/framework/src/Illuminate/Foundation/Application.php(1220): Illuminate\\Foundation\\Http\\Kernel->handle()
#20 /home/clj/repo/bckgrnd-msc/floor-desktop/public/index.php(22): Illuminate\\Foundation\\Application->handleRequest()
#21 /home/clj/repo/bckgrnd-msc/floor-desktop/vendor/laravel/framework/src/Illuminate/Foundation/resources/server.php(23): require_once('...')
#22 {main}
"} 
[2026-10-02 06:46:18] local.ERROR: {closure:{closure:/home/clj/repo/bckgrnd-msc/floor-desktop/bootstrap/app.php:33}:42}(): Argument #2 ($request) must be of type Request, Illuminate\Http\Request given, called in /home/clj/repo/bckgrnd-msc/floor-desktop/vendor/laravel/framework/src/Illuminate/Foundation/Exceptions/Handler.php on line 717 {"exception":"[object] (TypeError(code: 0): {closure:{closure:/home/clj/repo/bckgrnd-msc/floor-desktop/bootstrap/app.php:33}:42}(): Argument #2 ($request) must be of type Request, Illuminate\\Http\\Request given, called in /home/clj/repo/bckgrnd-msc/floor-desktop/vendor/laravel/framework/src/Illuminate/Foundation/Exceptions/Handler.php on line 717 at /home/clj/repo/bckgrnd-msc/floor-desktop/bootstrap/app.php:42)
[stacktrace]
#0 /home/clj/repo/bckgrnd-msc/floor-desktop/vendor/laravel/framework/src/Illuminate/Foundation/Exceptions/Handler.php(717): {closure:{closure:/home/clj/repo/bckgrnd-msc/floor-desktop/bootstrap/app.php:33}:42}()
#1 /home/clj/repo/bckgrnd-msc/floor-desktop/vendor/laravel/framework/src/Illuminate/Foundation/Exceptions/Handler.php(618): Illuminate\\Foundation\\Exceptions\\Handler->renderViaCallbacks()
#2 /home/clj/repo/bckgrnd-msc/floor-desktop/vendor/laravel/framework/src/Illuminate/Routing/Pipeline.php(51): Illuminate\\Foundation\\Exceptions\\Handler->render()
#3 /home/clj/repo/bckgrnd-msc/floor-desktop/vendor/laravel/framework/src/Illuminate/Pipeline/Pipeline.php(224): Illuminate\\Routing\\Pipeline->handleException()
#4 /home/clj/repo/bckgrnd-msc/floor-desktop/vendor/laravel/framework/src/Illuminate/Foundation/Http/Middleware/PreventRequestsDuringMaintenance.php(109): Illuminate\\Pipeline\\Pipeline->{closure:{closure:Illuminate\\Pipeline\\Pipeline::carry():194}:195}()
#5 /home/clj/repo/bckgrnd-msc/floor-desktop/vendor/laravel/framework/src/Illuminate/Pipeline/Pipeline.php(219): Illuminate\\Foundation\\Http\\Middleware\\PreventRequestsDuringMaintenance->handle()
#6 /home/clj/repo/bckgrnd-msc/floor-desktop/vendor/laravel/framework/src/Illuminate/Http/Middleware/HandleCors.php(74): Illuminate\\Pipeline\\Pipeline->{closure:{closure:Illuminate\\Pipeline\\Pipeline::carry():194}:195}()
#7 /home/clj/repo/bckgrnd-msc/floor-desktop/vendor/laravel/framework/src/Illuminate/Pipeline/Pipeline.php(219): Illuminate\\Http\\Middleware\\HandleCors->handle()
#8 /home/clj/repo/bckgrnd-msc/floor-desktop/vendor/laravel/framework/src/Illuminate/Http/Middleware/TrustProxies.php(58): Illuminate\\Pipeline\\Pipeline->{closure:{closure:Illuminate\\Pipeline\\Pipeline::carry():194}:195}()
#9 /home/clj/repo/bckgrnd-msc/floor-desktop/vendor/laravel/framework/src/Illuminate/Pipeline/Pipeline.php(219): Illuminate\\Http\\Middleware\\TrustProxies->handle()
#10 /home/clj/repo/bckgrnd-msc/floor-desktop/vendor/laravel/framework/src/Illuminate/Foundation/Http/Middleware/InvokeDeferredCallbacks.php(22): Illuminate\\Pipeline\\Pipeline->{closure:{closure:Illuminate\\Pipeline\\Pipeline::carry():194}:195}()
#11 /home/clj/repo/bckgrnd-msc/floor-desktop/vendor/laravel/framework/src/Illuminate/Pipeline/Pipeline.php(219): Illuminate\\Foundation\\Http\\Middleware\\InvokeDeferredCallbacks->handle()
#12 /home/clj/repo/bckgrnd-msc/floor-desktop/vendor/laravel/framework/src/Illuminate/Http/Middleware/ValidatePathEncoding.php(26): Illuminate\\Pipeline\\Pipeline->{closure:{closure:Illuminate\\Pipeline\\Pipeline::carry():194}:195}()
#13 /home/clj/repo/bckgrnd-msc/floor-desktop/vendor/laravel/framework/src/Illuminate/Pipeline/Pipeline.php(219): Illuminate\\Http\\Middleware\\ValidatePathEncoding->handle()
#14 /home/clj/repo/bckgrnd-msc/floor-desktop/vendor/laravel/framework/src/Illuminate/Pipeline/Pipeline.php(137): Illuminate\\Pipeline\\Pipeline->{closure:{closure:Illuminate\\Pipeline\\Pipeline::carry():194}:195}()
#15 /home/clj/repo/bckgrnd-msc/floor-desktop/vendor/laravel/framework/src/Illuminate/Foundation/Http/Kernel.php(175): Illuminate\\Pipeline\\Pipeline->then()
#16 /home/clj/repo/bckgrnd-msc/floor-desktop/vendor/laravel/framework/src/Illuminate/Foundation/Http/Kernel.php(144): Illuminate\\Foundation\\Http\\Kernel->sendRequestThroughRouter()
#17 /home/clj/repo/bckgrnd-msc/floor-desktop/vendor/laravel/framework/src/Illuminate/Foundation/Application.php(1220): Illuminate\\Foundation\\Http\\Kernel->handle()
#18 /home/clj/repo/bckgrnd-msc/floor-desktop/public/index.php(22): Illuminate\\Foundation\\Application->handleRequest()
#19 /home/clj/repo/bckgrnd-msc/floor-desktop/vendor/laravel/framework/src/Illuminate/Foundation/resources/server.php(23): require_once('...')
#20 {main}
"} 
[2026-10-02 06:46:18] local.ERROR: {closure:{closure:/home/clj/repo/bckgrnd-msc/floor-desktop/bootstrap/app.php:33}:42}(): Argument #2 ($request) must be of type Request, Illuminate\Http\Request given, called in /home/clj/repo/bckgrnd-msc/floor-desktop/vendor/laravel/framework/src/Illuminate/Foundation/Exceptions/Handler.php on line 717 {"exception":"[object] (TypeError(code: 0): {closure:{closure:/home/clj/repo/bckgrnd-msc/floor-desktop/bootstrap/app.php:33}:42}(): Argument #2 ($request) must be of type Request, Illuminate\\Http\\Request given, called in /home/clj/repo/bckgrnd-msc/floor-desktop/vendor/laravel/framework/src/Illuminate/Foundation/Exceptions/Handler.php on line 717 at /home/clj/repo/bckgrnd-msc/floor-desktop/bootstrap/app.php:42)
[stacktrace]
#0 /home/clj/repo/bckgrnd-msc/floor-desktop/vendor/laravel/framework/src/Illuminate/Foundation/Exceptions/Handler.php(717): {closure:{closure:/home/clj/repo/bckgrnd-msc/floor-desktop/bootstrap/app.php:33}:42}()
#1 /home/clj/repo/bckgrnd-msc/floor-desktop/vendor/laravel/framework/src/Illuminate/Foundation/Exceptions/Handler.php(618): Illuminate\\Foundation\\Exceptions\\Handler->renderViaCallbacks()
#2 /home/clj/repo/bckgrnd-msc/floor-desktop/vendor/laravel/framework/src/Illuminate/Routing/Pipeline.php(51): Illuminate\\Foundation\\Exceptions\\Handler->render()
#3 /home/clj/repo/bckgrnd-msc/floor-desktop/vendor/laravel/framework/src/Illuminate/Pipeline/Pipeline.php(224): Illuminate\\Routing\\Pipeline->handleException()
#4 /home/clj/repo/bckgrnd-msc/floor-desktop/vendor/laravel/framework/src/Illuminate/Http/Middleware/HandleCors.php(74): Illuminate\\Pipeline\\Pipeline->{closure:{closure:Illuminate\\Pipeline\\Pipeline::carry():194}:195}()
#5 /home/clj/repo/bckgrnd-msc/floor-desktop/vendor/laravel/framework/src/Illuminate/Pipeline/Pipeline.php(219): Illuminate\\Http\\Middleware\\HandleCors->handle()
#6 /home/clj/repo/bckgrnd-msc/floor-desktop/vendor/laravel/framework/src/Illuminate/Http/Middleware/TrustProxies.php(58): Illuminate\\Pipeline\\Pipeline->{closure:{closure:Illuminate\\Pipeline\\Pipeline::carry():194}:195}()
#7 /home/clj/repo/bckgrnd-msc/floor-desktop/vendor/laravel/framework/src/Illuminate/Pipeline/Pipeline.php(219): Illuminate\\Http\\Middleware\\TrustProxies->handle()
#8 /home/clj/repo/bckgrnd-msc/floor-desktop/vendor/laravel/framework/src/Illuminate/Foundation/Http/Middleware/InvokeDeferredCallbacks.php(22): Illuminate\\Pipeline\\Pipeline->{closure:{closure:Illuminate\\Pipeline\\Pipeline::carry():194}:195}()
#9 /home/clj/repo/bckgrnd-msc/floor-desktop/vendor/laravel/framework/src/Illuminate/Pipeline/Pipeline.php(219): Illuminate\\Foundation\\Http\\Middleware\\InvokeDeferredCallbacks->handle()
#10 /home/clj/repo/bckgrnd-msc/floor-desktop/vendor/laravel/framework/src/Illuminate/Http/Middleware/ValidatePathEncoding.php(26): Illuminate\\Pipeline\\Pipeline->{closure:{closure:Illuminate\\Pipeline\\Pipeline::carry():194}:195}()
#11 /home/clj/repo/bckgrnd-msc/floor-desktop/vendor/laravel/framework/src/Illuminate/Pipeline/Pipeline.php(219): Illuminate\\Http\\Middleware\\ValidatePathEncoding->handle()
#12 /home/clj/repo/bckgrnd-msc/floor-desktop/vendor/laravel/framework/src/Illuminate/Pipeline/Pipeline.php(137): Illuminate\\Pipeline\\Pipeline->{closure:{closure:Illuminate\\Pipeline\\Pipeline::carry():194}:195}()
#13 /home/clj/repo/bckgrnd-msc/floor-desktop/vendor/laravel/framework/src/Illuminate/Foundation/Http/Kernel.php(175): Illuminate\\Pipeline\\Pipeline->then()
#14 /home/clj/repo/bckgrnd-msc/floor-desktop/vendor/laravel/framework/src/Illuminate/Foundation/Http/Kernel.php(144): Illuminate\\Foundation\\Http\\Kernel->sendRequestThroughRouter()
#15 /home/clj/repo/bckgrnd-msc/floor-desktop/vendor/laravel/framework/src/Illuminate/Foundation/Application.php(1220): Illuminate\\Foundation\\Http\\Kernel->handle()
#16 /home/clj/repo/bckgrnd-msc/floor-desktop/public/index.php(22): Illuminate\\Foundation\\Application->handleRequest()
#17 /home/clj/repo/bckgrnd-msc/floor-desktop/vendor/laravel/framework/src/Illuminate/Foundation/resources/server.php(23): require_once('...')
#18 {main}
"} 
[2026-10-02 06:46:18] local.ERROR: {closure:{closure:/home/clj/repo/bckgrnd-msc/floor-desktop/bootstrap/app.php:33}:42}(): Argument #2 ($request) must be of type Request, Illuminate\Http\Request given, called in /home/clj/repo/bckgrnd-msc/floor-desktop/vendor/laravel/framework/src/Illuminate/Foundation/Exceptions/Handler.php on line 717 {"exception":"[object] (TypeError(code: 0): {closure:{closure:/home/clj/repo/bckgrnd-msc/floor-desktop/bootstrap/app.php:33}:42}(): Argument #2 ($request) must be of type Request, Illuminate\\Http\\Request given, called in /home/clj/repo/bckgrnd-msc/floor-desktop/vendor/laravel/framework/src/Illuminate/Foundation/Exceptions/Handler.php on line 717 at /home/clj/repo/bckgrnd-msc/floor-desktop/bootstrap/app.php:42)
[stacktrace]
#0 /home/clj/repo/bckgrnd-msc/floor-desktop/vendor/laravel/framework/src/Illuminate/Foundation/Exceptions/Handler.php(717): {closure:{closure:/home/clj/repo/bckgrnd-msc/floor-desktop/bootstrap/app.php:33}:42}()
#1 /home/clj/repo/bckgrnd-msc/floor-desktop/vendor/laravel/framework/src/Illuminate/Foundation/Exceptions/Handler.php(618): Illuminate\\Foundation\\Exceptions\\Handler->renderViaCallbacks()
#2 /home/clj/repo/bckgrnd-msc/floor-desktop/vendor/laravel/framework/src/Illuminate/Routing/Pipeline.php(51): Illuminate\\Foundation\\Exceptions\\Handler->render()
#3 /home/clj/repo/bckgrnd-msc/floor-desktop/vendor/laravel/framework/src/Illuminate/Pipeline/Pipeline.php(224): Illuminate\\Routing\\Pipeline->handleException()
#4 /home/clj/repo/bckgrnd-msc/floor-desktop/vendor/laravel/framework/src/Illuminate/Http/Middleware/TrustProxies.php(58): Illuminate\\Pipeline\\Pipeline->{closure:{closure:Illuminate\\Pipeline\\Pipeline::carry():194}:195}()
#5 /home/clj/repo/bckgrnd-msc/floor-desktop/vendor/laravel/framework/src/Illuminate/Pipeline/Pipeline.php(219): Illuminate\\Http\\Middleware\\TrustProxies->handle()
#6 /home/clj/repo/bckgrnd-msc/floor-desktop/vendor/laravel/framework/src/Illuminate/Foundation/Http/Middleware/InvokeDeferredCallbacks.php(22): Illuminate\\Pipeline\\Pipeline->{closure:{closure:Illuminate\\Pipeline\\Pipeline::carry():194}:195}()
#7 /home/clj/repo/bckgrnd-msc/floor-desktop/vendor/laravel/framework/src/Illuminate/Pipeline/Pipeline.php(219): Illuminate\\Foundation\\Http\\Middleware\\InvokeDeferredCallbacks->handle()
#8 /home/clj/repo/bckgrnd-msc/floor-desktop/vendor/laravel/framework/src/Illuminate/Http/Middleware/ValidatePathEncoding.php(26): Illuminate\\Pipeline\\Pipeline->{closure:{closure:Illuminate\\Pipeline\\Pipeline::carry():194}:195}()
#9 /home/clj/repo/bckgrnd-msc/floor-desktop/vendor/laravel/framework/src/Illuminate/Pipeline/Pipeline.php(219): Illuminate\\Http\\Middleware\\ValidatePathEncoding->handle()
#10 /home/clj/repo/bckgrnd-msc/floor-desktop/vendor/laravel/framework/src/Illuminate/Pipeline/Pipeline.php(137): Illuminate\\Pipeline\\Pipeline->{closure:{closure:Illuminate\\Pipeline\\Pipeline::carry():194}:195}()
#11 /home/clj/repo/bckgrnd-msc/floor-desktop/vendor/laravel/framework/src/Illuminate/Foundation/Http/Kernel.php(175): Illuminate\\Pipeline\\Pipeline->then()
#12 /home/clj/repo/bckgrnd-msc/floor-desktop/vendor/laravel/framework/src/Illuminate/Foundation/Http/Kernel.php(144): Illuminate\\Foundation\\Http\\Kernel->sendRequestThroughRouter()
#13 /home/clj/repo/bckgrnd-msc/floor-desktop/vendor/laravel/framework/src/Illuminate/Foundation/Application.php(1220): Illuminate\\Foundation\\Http\\Kernel->handle()
#14 /home/clj/repo/bckgrnd-msc/floor-desktop/public/index.php(22): Illuminate\\Foundation\\Application->handleRequest()
#15 /home/clj/repo/bckgrnd-msc/floor-desktop/vendor/laravel/framework/src/Illuminate/Foundation/resources/server.php(23): require_once('...')
#16 {main}
"} 
[2026-10-02 06:46:18] local.ERROR: {closure:{closure:/home/clj/repo/bckgrnd-msc/floor-desktop/bootstrap/app.php:33}:42}(): Argument #2 ($request) must be of type Request, Illuminate\Http\Request given, called in /home/clj/repo/bckgrnd-msc/floor-desktop/vendor/laravel/framework/src/Illuminate/Foundation/Exceptions/Handler.php on line 717 {"exception":"[object] (TypeError(code: 0): {closure:{closure:/home/clj/repo/bckgrnd-msc/floor-desktop/bootstrap/app.php:33}:42}(): Argument #2 ($request) must be of type Request, Illuminate\\Http\\Request given, called in /home/clj/repo/bckgrnd-msc/floor-desktop/vendor/laravel/framework/src/Illuminate/Foundation/Exceptions/Handler.php on line 717 at /home/clj/repo/bckgrnd-msc/floor-desktop/bootstrap/app.php:42)
[stacktrace]
#0 /home/clj/repo/bckgrnd-msc/floor-desktop/vendor/laravel/framework/src/Illuminate/Foundation/Exceptions/Handler.php(717): {closure:{closure:/home/clj/repo/bckgrnd-msc/floor-desktop/bootstrap/app.php:33}:42}()
#1 /home/clj/repo/bckgrnd-msc/floor-desktop/vendor/laravel/framework/src/Illuminate/Foundation/Exceptions/Handler.php(618): Illuminate\\Foundation\\Exceptions\\Handler->renderViaCallbacks()
#2 /home/clj/repo/bckgrnd-msc/floor-desktop/vendor/laravel/framework/src/Illuminate/Routing/Pipeline.php(51): Illuminate\\Foundation\\Exceptions\\Handler->render()
#3 /home/clj/repo/bckgrnd-msc/floor-desktop/vendor/laravel/framework/src/Illuminate/Pipeline/Pipeline.php(224): Illuminate\\Routing\\Pipeline->handleException()
#4 /home/clj/repo/bckgrnd-msc/floor-desktop/vendor/laravel/framework/src/Illuminate/Foundation/Http/Middleware/InvokeDeferredCallbacks.php(22): Illuminate\\Pipeline\\Pipeline->{closure:{closure:Illuminate\\Pipeline\\Pipeline::carry():194}:195}()
#5 /home/clj/repo/bckgrnd-msc/floor-desktop/vendor/laravel/framework/src/Illuminate/Pipeline/Pipeline.php(219): Illuminate\\Foundation\\Http\\Middleware\\InvokeDeferredCallbacks->handle()
#6 /home/clj/repo/bckgrnd-msc/floor-desktop/vendor/laravel/framework/src/Illuminate/Http/Middleware/ValidatePathEncoding.php(26): Illuminate\\Pipeline\\Pipeline->{closure:{closure:Illuminate\\Pipeline\\Pipeline::carry():194}:195}()
#7 /home/clj/repo/bckgrnd-msc/floor-desktop/vendor/laravel/framework/src/Illuminate/Pipeline/Pipeline.php(219): Illuminate\\Http\\Middleware\\ValidatePathEncoding->handle()
#8 /home/clj/repo/bckgrnd-msc/floor-desktop/vendor/laravel/framework/src/Illuminate/Pipeline/Pipeline.php(137): Illuminate\\Pipeline\\Pipeline->{closure:{closure:Illuminate\\Pipeline\\Pipeline::carry():194}:195}()
#9 /home/clj/repo/bckgrnd-msc/floor-desktop/vendor/laravel/framework/src/Illuminate/Foundation/Http/Kernel.php(175): Illuminate\\Pipeline\\Pipeline->then()
#10 /home/clj/repo/bckgrnd-msc/floor-desktop/vendor/laravel/framework/src/Illuminate/Foundation/Http/Kernel.php(144): Illuminate\\Foundation\\Http\\Kernel->sendRequestThroughRouter()
#11 /home/clj/repo/bckgrnd-msc/floor-desktop/vendor/laravel/framework/src/Illuminate/Foundation/Application.php(1220): Illuminate\\Foundation\\Http\\Kernel->handle()
#12 /home/clj/repo/bckgrnd-msc/floor-desktop/public/index.php(22): Illuminate\\Foundation\\Application->handleRequest()
#13 /home/clj/repo/bckgrnd-msc/floor-desktop/vendor/laravel/framework/src/Illuminate/Foundation/resources/server.php(23): require_once('...')
#14 {main}
"} 
[2026-10-02 06:46:18] local.ERROR: {closure:{closure:/home/clj/repo/bckgrnd-msc/floor-desktop/bootstrap/app.php:33}:42}(): Argument #2 ($request) must be of type Request, Illuminate\Http\Request given, called in /home/clj/repo/bckgrnd-msc/floor-desktop/vendor/laravel/framework/src/Illuminate/Foundation/Exceptions/Handler.php on line 717 {"exception":"[object] (TypeError(code: 0): {closure:{closure:/home/clj/repo/bckgrnd-msc/floor-desktop/bootstrap/app.php:33}:42}(): Argument #2 ($request) must be of type Request, Illuminate\\Http\\Request given, called in /home/clj/repo/bckgrnd-msc/floor-desktop/vendor/laravel/framework/src/Illuminate/Foundation/Exceptions/Handler.php on line 717 at /home/clj/repo/bckgrnd-msc/floor-desktop/bootstrap/app.php:42)
[stacktrace]
#0 /home/clj/repo/bckgrnd-msc/floor-desktop/vendor/laravel/framework/src/Illuminate/Foundation/Exceptions/Handler.php(717): {closure:{closure:/home/clj/repo/bckgrnd-msc/floor-desktop/bootstrap/app.php:33}:42}()
#1 /home/clj/repo/bckgrnd-msc/floor-desktop/vendor/laravel/framework/src/Illuminate/Foundation/Exceptions/Handler.php(618): Illuminate\\Foundation\\Exceptions\\Handler->renderViaCallbacks()
#2 /home/clj/repo/bckgrnd-msc/floor-desktop/vendor/laravel/framework/src/Illuminate/Routing/Pipeline.php(51): Illuminate\\Foundation\\Exceptions\\Handler->render()
#3 /home/clj/repo/bckgrnd-msc/floor-desktop/vendor/laravel/framework/src/Illuminate/Pipeline/Pipeline.php(224): Illuminate\\Routing\\Pipeline->handleException()
#4 /home/clj/repo/bckgrnd-msc/floor-desktop/vendor/laravel/framework/src/Illuminate/Http/Middleware/ValidatePathEncoding.php(26): Illuminate\\Pipeline\\Pipeline->{closure:{closure:Illuminate\\Pipeline\\Pipeline::carry():194}:195}()
#5 /home/clj/repo/bckgrnd-msc/floor-desktop/vendor/laravel/framework/src/Illuminate/Pipeline/Pipeline.php(219): Illuminate\\Http\\Middleware\\ValidatePathEncoding->handle()
#6 /home/clj/repo/bckgrnd-msc/floor-desktop/vendor/laravel/framework/src/Illuminate/Pipeline/Pipeline.php(137): Illuminate\\Pipeline\\Pipeline->{closure:{closure:Illuminate\\Pipeline\\Pipeline::carry():194}:195}()
#7 /home/clj/repo/bckgrnd-msc/floor-desktop/vendor/laravel/framework/src/Illuminate/Foundation/Http/Kernel.php(175): Illuminate\\Pipeline\\Pipeline->then()
#8 /home/clj/repo/bckgrnd-msc/floor-desktop/vendor/laravel/framework/src/Illuminate/Foundation/Http/Kernel.php(144): Illuminate\\Foundation\\Http\\Kernel->sendRequestThroughRouter()
#9 /home/clj/repo/bckgrnd-msc/floor-desktop/vendor/laravel/framework/src/Illuminate/Foundation/Application.php(1220): Illuminate\\Foundation\\Http\\Kernel->handle()
#10 /home/clj/repo/bckgrnd-msc/floor-desktop/public/index.php(22): Illuminate\\Foundation\\Application->handleRequest()
#11 /home/clj/repo/bckgrnd-msc/floor-desktop/vendor/laravel/framework/src/Illuminate/Foundation/resources/server.php(23): require_once('...')
#12 {main}
"} 
[2026-10-02 06:46:18] local.ERROR: {closure:{closure:/home/clj/repo/bckgrnd-msc/floor-desktop/bootstrap/app.php:33}:42}(): Argument #2 ($request) must be of type Request, Illuminate\Http\Request given, called in /home/clj/repo/bckgrnd-msc/floor-desktop/vendor/laravel/framework/src/Illuminate/Foundation/Exceptions/Handler.php on line 717 {"exception":"[object] (TypeError(code: 0): {closure:{closure:/home/clj/repo/bckgrnd-msc/floor-desktop/bootstrap/app.php:33}:42}(): Argument #2 ($request) must be of type Request, Illuminate\\Http\\Request given, called in /home/clj/repo/bckgrnd-msc/floor-desktop/vendor/laravel/framework/src/Illuminate/Foundation/Exceptions/Handler.php on line 717 at /home/clj/repo/bckgrnd-msc/floor-desktop/bootstrap/app.php:42)
[stacktrace]
#0 /home/clj/repo/bckgrnd-msc/floor-desktop/vendor/laravel/framework/src/Illuminate/Foundation/Exceptions/Handler.php(717): {closure:{closure:/home/clj/repo/bckgrnd-msc/floor-desktop/bootstrap/app.php:33}:42}()
#1 /home/clj/repo/bckgrnd-msc/floor-desktop/vendor/laravel/framework/src/Illuminate/Foundation/Exceptions/Handler.php(618): Illuminate\\Foundation\\Exceptions\\Handler->renderViaCallbacks()
#2 /home/clj/repo/bckgrnd-msc/floor-desktop/vendor/laravel/framework/src/Illuminate/Routing/Pipeline.php(51): Illuminate\\Foundation\\Exceptions\\Handler->render()
#3 /home/clj/repo/bckgrnd-msc/floor-desktop/vendor/laravel/framework/src/Illuminate/Pipeline/Pipeline.php(224): Illuminate\\Routing\\Pipeline->handleException()
#4 /home/clj/repo/bckgrnd-msc/floor-desktop/vendor/laravel/framework/src/Illuminate/Pipeline/Pipeline.php(137): Illuminate\\Pipeline\\Pipeline->{closure:{closure:Illuminate\\Pipeline\\Pipeline::carry():194}:195}()
#5 /home/clj/repo/bckgrnd-msc/floor-desktop/vendor/laravel/framework/src/Illuminate/Foundation/Http/Kernel.php(175): Illuminate\\Pipeline\\Pipeline->then()
#6 /home/clj/repo/bckgrnd-msc/floor-desktop/vendor/laravel/framework/src/Illuminate/Foundation/Http/Kernel.php(144): Illuminate\\Foundation\\Http\\Kernel->sendRequestThroughRouter()
#7 /home/clj/repo/bckgrnd-msc/floor-desktop/vendor/laravel/framework/src/Illuminate/Foundation/Application.php(1220): Illuminate\\Foundation\\Http\\Kernel->handle()
#8 /home/clj/repo/bckgrnd-msc/floor-desktop/public/index.php(22): Illuminate\\Foundation\\Application->handleRequest()
#9 /home/clj/repo/bckgrnd-msc/floor-desktop/vendor/laravel/framework/src/Illuminate/Foundation/resources/server.php(23): require_once('...')
#10 {main}
"} 
[2026-10-02 06:46:18] local.ERROR: {closure:{closure:/home/clj/repo/bckgrnd-msc/floor-desktop/bootstrap/app.php:33}:42}(): Argument #2 ($request) must be of type Request, Illuminate\Http\Request given, called in /home/clj/repo/bckgrnd-msc/floor-desktop/vendor/laravel/framework/src/Illuminate/Foundation/Exceptions/Handler.php on line 717 {"exception":"[object] (TypeError(code: 0): {closure:{closure:/home/clj/repo/bckgrnd-msc/floor-desktop/bootstrap/app.php:33}:42}(): Argument #2 ($request) must be of type Request, Illuminate\\Http\\Request given, called in /home/clj/repo/bckgrnd-msc/floor-desktop/vendor/laravel/framework/src/Illuminate/Foundation/Exceptions/Handler.php on line 717 at /home/clj/repo/bckgrnd-msc/floor-desktop/bootstrap/app.php:42)
[stacktrace]
#0 /home/clj/repo/bckgrnd-msc/floor-desktop/vendor/laravel/framework/src/Illuminate/Foundation/Exceptions/Handler.php(717): {closure:{closure:/home/clj/repo/bckgrnd-msc/floor-desktop/bootstrap/app.php:33}:42}()
#1 /home/clj/repo/bckgrnd-msc/floor-desktop/vendor/laravel/framework/src/Illuminate/Foundation/Exceptions/Handler.php(618): Illuminate\\Foundation\\Exceptions\\Handler->renderViaCallbacks()
#2 /home/clj/repo/bckgrnd-msc/floor-desktop/vendor/laravel/framework/src/Illuminate/Foundation/Http/Kernel.php(574): Illuminate\\Foundation\\Exceptions\\Handler->render()
#3 /home/clj/repo/bckgrnd-msc/floor-desktop/vendor/laravel/framework/src/Illuminate/Foundation/Http/Kernel.php(148): Illuminate\\Foundation\\Http\\Kernel->renderException()
#4 /home/clj/repo/bckgrnd-msc/floor-desktop/vendor/laravel/framework/src/Illuminate/Foundation/Application.php(1220): Illuminate\\Foundation\\Http\\Kernel->handle()
#5 /home/clj/repo/bckgrnd-msc/floor-desktop/public/index.php(22): Illuminate\\Foundation\\Application->handleRequest()
#6 /home/clj/repo/bckgrnd-msc/floor-desktop/vendor/laravel/framework/src/Illuminate/Foundation/resources/server.php(23): require_once('...')
#7 {main}
"} 
[2026-10-02 06:46:18] local.ERROR: Uncaught TypeError: {closure:{closure:/home/clj/repo/bckgrnd-msc/floor-desktop/bootstrap/app.php:33}:42}(): Argument #2 ($request) must be of type Request, Illuminate\Http\Request given, called in /home/clj/repo/bckgrnd-msc/floor-desktop/vendor/laravel/framework/src/Illuminate/Foundation/Exceptions/Handler.php on line 717 and defined in /home/clj/repo/bckgrnd-msc/floor-desktop/bootstrap/app.php:42
Stack trace:
#0 /home/clj/repo/bckgrnd-msc/floor-desktop/vendor/laravel/framework/src/Illuminate/Foundation/Exceptions/Handler.php(717): {closure:{closure:/home/clj/repo/bckgrnd-msc/floor-desktop/bootstrap/app.php:33}:42}()
#1 /home/clj/repo/bckgrnd-msc/floor-desktop/vendor/laravel/framework/src/Illuminate/Foundation/Exceptions/Handler.php(618): Illuminate\Foundation\Exceptions\Handler->renderViaCallbacks()
#2 /home/clj/repo/bckgrnd-msc/floor-desktop/vendor/laravel/framework/src/Illuminate/Foundation/Bootstrap/HandleExceptions.php(225): Illuminate\Foundation\Exceptions\Handler->render()
#3 /home/clj/repo/bckgrnd-msc/floor-desktop/vendor/laravel/framework/src/Illuminate/Foundation/Bootstrap/HandleExceptions.php(202): Illuminate\Foundation\Bootstrap\HandleExceptions->renderHttpResponse()
#4 /home/clj/repo/bckgrnd-msc/floor-desktop/vendor/laravel/framework/src/Illuminate/Foundation/Bootstrap/HandleExceptions.php(262): Illuminate\Foundation\Bootstrap\HandleExceptions->handleException()
#5 [internal function]: Illuminate\Foundation\Bootstrap\HandleExceptions->{closure:Illuminate\Foundation\Bootstrap\HandleExceptions::forwardsTo():261}()
#6 {main}
  thrown {"exception":"[object] (Symfony\\Component\\ErrorHandler\\Error\\FatalError(code: 0): Uncaught TypeError: {closure:{closure:/home/clj/repo/bckgrnd-msc/floor-desktop/bootstrap/app.php:33}:42}(): Argument #2 ($request) must be of type Request, Illuminate\\Http\\Request given, called in /home/clj/repo/bckgrnd-msc/floor-desktop/vendor/laravel/framework/src/Illuminate/Foundation/Exceptions/Handler.php on line 717 and defined in /home/clj/repo/bckgrnd-msc/floor-desktop/bootstrap/app.php:42
Stack trace:
#0 /home/clj/repo/bckgrnd-msc/floor-desktop/vendor/laravel/framework/src/Illuminate/Foundation/Exceptions/Handler.php(717): {closure:{closure:/home/clj/repo/bckgrnd-msc/floor-desktop/bootstrap/app.php:33}:42}()
#1 /home/clj/repo/bckgrnd-msc/floor-desktop/vendor/laravel/framework/src/Illuminate/Foundation/Exceptions/Handler.php(618): Illuminate\\Foundation\\Exceptions\\Handler->renderViaCallbacks()
#2 /home/clj/repo/bckgrnd-msc/floor-desktop/vendor/laravel/framework/src/Illuminate/Foundation/Bootstrap/HandleExceptions.php(225): Illuminate\\Foundation\\Exceptions\\Handler->render()
#3 /home/clj/repo/bckgrnd-msc/floor-desktop/vendor/laravel/framework/src/Illuminate/Foundation/Bootstrap/HandleExceptions.php(202): Illuminate\\Foundation\\Bootstrap\\HandleExceptions->renderHttpResponse()
#4 /home/clj/repo/bckgrnd-msc/floor-desktop/vendor/laravel/framework/src/Illuminate/Foundation/Bootstrap/HandleExceptions.php(262): Illuminate\\Foundation\\Bootstrap\\HandleExceptions->handleException()
#5 [internal function]: Illuminate\\Foundation\\Bootstrap\\HandleExceptions->{closure:Illuminate\\Foundation\\Bootstrap\\HandleExceptions::forwardsTo():261}()
#6 {main}
  thrown at /home/clj/repo/bckgrnd-msc/floor-desktop/bootstrap/app.php:42)
[stacktrace]
#0 {main}
"} 
[2026-10-02 06:46:18] local.ERROR: {closure:{closure:/home/clj/repo/bckgrnd-msc/floor-desktop/bootstrap/app.php:33}:42}(): Argument #2 ($request) must be of type Request, Illuminate\Http\Request given, called in /home/clj/repo/bckgrnd-msc/floor-desktop/vendor/laravel/framework/src/Illuminate/Foundation/Exceptions/Handler.php on line 717 {"exception":"[object] (TypeError(code: 0): {closure:{closure:/home/clj/repo/bckgrnd-msc/floor-desktop/bootstrap/app.php:33}:42}(): Argument #2 ($request) must be of type Request, Illuminate\\Http\\Request given, called in /home/clj/repo/bckgrnd-msc/floor-desktop/vendor/laravel/framework/src/Illuminate/Foundation/Exceptions/Handler.php on line 717 at /home/clj/repo/bckgrnd-msc/floor-desktop/bootstrap/app.php:42)
[stacktrace]
#0 /home/clj/repo/bckgrnd-msc/floor-desktop/vendor/laravel/framework/src/Illuminate/Foundation/Exceptions/Handler.php(717): {closure:{closure:/home/clj/repo/bckgrnd-msc/floor-desktop/bootstrap/app.php:33}:42}()
#1 /home/clj/repo/bckgrnd-msc/floor-desktop/vendor/laravel/framework/src/Illuminate/Foundation/Exceptions/Handler.php(618): Illuminate\\Foundation\\Exceptions\\Handler->renderViaCallbacks()
#2 /home/clj/repo/bckgrnd-msc/floor-desktop/vendor/laravel/framework/src/Illuminate/Routing/Pipeline.php(51): Illuminate\\Foundation\\Exceptions\\Handler->render()
#3 /home/clj/repo/bckgrnd-msc/floor-desktop/vendor/laravel/framework/src/Illuminate/Pipeline/Pipeline.php(182): Illuminate\\Routing\\Pipeline->handleException()
#4 /home/clj/repo/bckgrnd-msc/floor-desktop/vendor/laravel/framework/src/Illuminate/Routing/Middleware/SubstituteBindings.php(50): Illuminate\\Pipeline\\Pipeline->{closure:Illuminate\\Pipeline\\Pipeline::prepareDestination():178}()
#5 /home/clj/repo/bckgrnd-msc/floor-desktop/vendor/laravel/framework/src/Illuminate/Pipeline/Pipeline.php(219): Illuminate\\Routing\\Middleware\\SubstituteBindings->handle()
#6 /home/clj/repo/bckgrnd-msc/floor-desktop/vendor/laravel/framework/src/Illuminate/Http/Middleware/HandleCors.php(74): Illuminate\\Pipeline\\Pipeline->{closure:{closure:Illuminate\\Pipeline\\Pipeline::carry():194}:195}()
#7 /home/clj/repo/bckgrnd-msc/floor-desktop/vendor/laravel/framework/src/Illuminate/Pipeline/Pipeline.php(219): Illuminate\\Http\\Middleware\\HandleCors->handle()
#8 /home/clj/repo/bckgrnd-msc/floor-desktop/vendor/laravel/framework/src/Illuminate/Pipeline/Pipeline.php(137): Illuminate\\Pipeline\\Pipeline->{closure:{closure:Illuminate\\Pipeline\\Pipeline::carry():194}:195}()
#9 /home/clj/repo/bckgrnd-msc/floor-desktop/vendor/laravel/framework/src/Illuminate/Routing/Router.php(821): Illuminate\\Pipeline\\Pipeline->then()
#10 /home/clj/repo/bckgrnd-msc/floor-desktop/vendor/laravel/framework/src/Illuminate/Routing/Router.php(800): Illuminate\\Routing\\Router->runRouteWithinStack()
#11 /home/clj/repo/bckgrnd-msc/floor-desktop/vendor/laravel/framework/src/Illuminate/Routing/Router.php(764): Illuminate\\Routing\\Router->runRoute()
#12 /home/clj/repo/bckgrnd-msc/floor-desktop/vendor/laravel/framework/src/Illuminate/Routing/Router.php(753): Illuminate\\Routing\\Router->dispatchToRoute()
#13 /home/clj/repo/bckgrnd-msc/floor-desktop/vendor/laravel/framework/src/Illuminate/Foundation/Http/Kernel.php(200): Illuminate\\Routing\\Router->dispatch()
#14 /home/clj/repo/bckgrnd-msc/floor-desktop/vendor/laravel/framework/src/Illuminate/Pipeline/Pipeline.php(180): Illuminate\\Foundation\\Http\\Kernel->{closure:Illuminate\\Foundation\\Http\\Kernel::dispatchToRouter():197}()
#15 /home/clj/repo/bckgrnd-msc/floor-desktop/vendor/laravel/framework/src/Illuminate/Foundation/Http/Middleware/TransformsRequest.php(21): Illuminate\\Pipeline\\Pipeline->{closure:Illuminate\\Pipeline\\Pipeline::prepareDestination():178}()
#16 /home/clj/repo/bckgrnd-msc/floor-desktop/vendor/laravel/framework/src/Illuminate/Foundation/Http/Middleware/ConvertEmptyStringsToNull.php(31): Illuminate\\Foundation\\Http\\Middleware\\TransformsRequest->handle()
#17 /home/clj/repo/bckgrnd-msc/floor-desktop/vendor/laravel/framework/src/Illuminate/Pipeline/Pipeline.php(219): Illuminate\\Foundation\\Http\\Middleware\\ConvertEmptyStringsToNull->handle()
#18 /home/clj/repo/bckgrnd-msc/floor-desktop/vendor/laravel/framework/src/Illuminate/Foundation/Http/Middleware/TransformsRequest.php(21): Illuminate\\Pipeline\\Pipeline->{closure:{closure:Illuminate\\Pipeline\\Pipeline::carry():194}:195}()
#19 /home/clj/repo/bckgrnd-msc/floor-desktop/vendor/laravel/framework/src/Illuminate/Foundation/Http/Middleware/TrimStrings.php(51): Illuminate\\Foundation\\Http\\Middleware\\TransformsRequest->handle()
#20 /home/clj/repo/bckgrnd-msc/floor-desktop/vendor/laravel/framework/src/Illuminate/Pipeline/Pipeline.php(219): Illuminate\\Foundation\\Http\\Middleware\\TrimStrings->handle()
#21 /home/clj/repo/bckgrnd-msc/floor-desktop/vendor/laravel/framework/src/Illuminate/Http/Middleware/ValidatePostSize.php(27): Illuminate\\Pipeline\\Pipeline->{closure:{closure:Illuminate\\Pipeline\\Pipeline::carry():194}:195}()
#22 /home/clj/repo/bckgrnd-msc/floor-desktop/vendor/laravel/framework/src/Illuminate/Pipeline/Pipeline.php(219): Illuminate\\Http\\Middleware\\ValidatePostSize->handle()
#23 /home/clj/repo/bckgrnd-msc/floor-desktop/vendor/laravel/framework/src/Illuminate/Foundation/Http/Middleware/PreventRequestsDuringMaintenance.php(109): Illuminate\\Pipeline\\Pipeline->{closure:{closure:Illuminate\\Pipeline\\Pipeline::carry():194}:195}()
#24 /home/clj/repo/bckgrnd-msc/floor-desktop/vendor/laravel/framework/src/Illuminate/Pipeline/Pipeline.php(219): Illuminate\\Foundation\\Http\\Middleware\\PreventRequestsDuringMaintenance->handle()
#25 /home/clj/repo/bckgrnd-msc/floor-desktop/vendor/laravel/framework/src/Illuminate/Http/Middleware/HandleCors.php(74): Illuminate\\Pipeline\\Pipeline->{closure:{closure:Illuminate\\Pipeline\\Pipeline::carry():194}:195}()
#26 /home/clj/repo/bckgrnd-msc/floor-desktop/vendor/laravel/framework/src/Illuminate/Pipeline/Pipeline.php(219): Illuminate\\Http\\Middleware\\HandleCors->handle()
#27 /home/clj/repo/bckgrnd-msc/floor-desktop/vendor/laravel/framework/src/Illuminate/Http/Middleware/TrustProxies.php(58): Illuminate\\Pipeline\\Pipeline->{closure:{closure:Illuminate\\Pipeline\\Pipeline::carry():194}:195}()
#28 /home/clj/repo/bckgrnd-msc/floor-desktop/vendor/laravel/framework/src/Illuminate/Pipeline/Pipeline.php(219): Illuminate\\Http\\Middleware\\TrustProxies->handle()
#29 /home/clj/repo/bckgrnd-msc/floor-desktop/vendor/laravel/framework/src/Illuminate/Foundation/Http/Middleware/InvokeDeferredCallbacks.php(22): Illuminate\\Pipeline\\Pipeline->{closure:{closure:Illuminate\\Pipeline\\Pipeline::carry():194}:195}()
#30 /home/clj/repo/bckgrnd-msc/floor-desktop/vendor/laravel/framework/src/Illuminate/Pipeline/Pipeline.php(219): Illuminate\\Foundation\\Http\\Middleware\\InvokeDeferredCallbacks->handle()
#31 /home/clj/repo/bckgrnd-msc/floor-desktop/vendor/laravel/framework/src/Illuminate/Http/Middleware/ValidatePathEncoding.php(26): Illuminate\\Pipeline\\Pipeline->{closure:{closure:Illuminate\\Pipeline\\Pipeline::carry():194}:195}()
#32 /home/clj/repo/bckgrnd-msc/floor-desktop/vendor/laravel/framework/src/Illuminate/Pipeline/Pipeline.php(219): Illuminate\\Http\\Middleware\\ValidatePathEncoding->handle()
#33 /home/clj/repo/bckgrnd-msc/floor-desktop/vendor/laravel/framework/src/Illuminate/Pipeline/Pipeline.php(137): Illuminate\\Pipeline\\Pipeline->{closure:{closure:Illuminate\\Pipeline\\Pipeline::carry():194}:195}()
#34 /home/clj/repo/bckgrnd-msc/floor-desktop/vendor/laravel/framework/src/Illuminate/Foundation/Http/Kernel.php(175): Illuminate\\Pipeline\\Pipeline->then()
#35 /home/clj/repo/bckgrnd-msc/floor-desktop/vendor/laravel/framework/src/Illuminate/Foundation/Http/Kernel.php(144): Illuminate\\Foundation\\Http\\Kernel->sendRequestThroughRouter()
#36 /home/clj/repo/bckgrnd-msc/floor-desktop/vendor/laravel/framework/src/Illuminate/Foundation/Application.php(1220): Illuminate\\Foundation\\Http\\Kernel->handle()
#37 /home/clj/repo/bckgrnd-msc/floor-desktop/public/index.php(22): Illuminate\\Foundation\\Application->handleRequest()
#38 /home/clj/repo/bckgrnd-msc/floor-desktop/vendor/laravel/framework/src/Illuminate/Foundation/resources/server.php(23): require_once('...')
#39 {main}
"} 
[2026-10-02 06:46:18] local.ERROR: {closure:{closure:/home/clj/repo/bckgrnd-msc/floor-desktop/bootstrap/app.php:33}:42}(): Argument #2 ($request) must be of type Request, Illuminate\Http\Request given, called in /home/clj/repo/bckgrnd-msc/floor-desktop/vendor/laravel/framework/src/Illuminate/Foundation/Exceptions/Handler.php on line 717 {"exception":"[object] (TypeError(code: 0): {closure:{closure:/home/clj/repo/bckgrnd-msc/floor-desktop/bootstrap/app.php:33}:42}(): Argument #2 ($request) must be of type Request, Illuminate\\Http\\Request given, called in /home/clj/repo/bckgrnd-msc/floor-desktop/vendor/laravel/framework/src/Illuminate/Foundation/Exceptions/Handler.php on line 717 at /home/clj/repo/bckgrnd-msc/floor-desktop/bootstrap/app.php:42)
[stacktrace]
#0 /home/clj/repo/bckgrnd-msc/floor-desktop/vendor/laravel/framework/src/Illuminate/Foundation/Exceptions/Handler.php(717): {closure:{closure:/home/clj/repo/bckgrnd-msc/floor-desktop/bootstrap/app.php:33}:42}()
#1 /home/clj/repo/bckgrnd-msc/floor-desktop/vendor/laravel/framework/src/Illuminate/Foundation/Exceptions/Handler.php(618): Illuminate\\Foundation\\Exceptions\\Handler->renderViaCallbacks()
#2 /home/clj/repo/bckgrnd-msc/floor-desktop/vendor/laravel/framework/src/Illuminate/Routing/Pipeline.php(51): Illuminate\\Foundation\\Exceptions\\Handler->render()
#3 /home/clj/repo/bckgrnd-msc/floor-desktop/vendor/laravel/framework/src/Illuminate/Pipeline/Pipeline.php(224): Illuminate\\Routing\\Pipeline->handleException()
#4 /home/clj/repo/bckgrnd-msc/floor-desktop/vendor/laravel/framework/src/Illuminate/Http/Middleware/HandleCors.php(74): Illuminate\\Pipeline\\Pipeline->{closure:{closure:Illuminate\\Pipeline\\Pipeline::carry():194}:195}()
#5 /home/clj/repo/bckgrnd-msc/floor-desktop/vendor/laravel/framework/src/Illuminate/Pipeline/Pipeline.php(219): Illuminate\\Http\\Middleware\\HandleCors->handle()
#6 /home/clj/repo/bckgrnd-msc/floor-desktop/vendor/laravel/framework/src/Illuminate/Pipeline/Pipeline.php(137): Illuminate\\Pipeline\\Pipeline->{closure:{closure:Illuminate\\Pipeline\\Pipeline::carry():194}:195}()
#7 /home/clj/repo/bckgrnd-msc/floor-desktop/vendor/laravel/framework/src/Illuminate/Routing/Router.php(821): Illuminate\\Pipeline\\Pipeline->then()
#8 /home/clj/repo/bckgrnd-msc/floor-desktop/vendor/laravel/framework/src/Illuminate/Routing/Router.php(800): Illuminate\\Routing\\Router->runRouteWithinStack()
#9 /home/clj/repo/bckgrnd-msc/floor-desktop/vendor/laravel/framework/src/Illuminate/Routing/Router.php(764): Illuminate\\Routing\\Router->runRoute()
#10 /home/clj/repo/bckgrnd-msc/floor-desktop/vendor/laravel/framework/src/Illuminate/Routing/Router.php(753): Illuminate\\Routing\\Router->dispatchToRoute()
#11 /home/clj/repo/bckgrnd-msc/floor-desktop/vendor/laravel/framework/src/Illuminate/Foundation/Http/Kernel.php(200): Illuminate\\Routing\\Router->dispatch()
#12 /home/clj/repo/bckgrnd-msc/floor-desktop/vendor/laravel/framework/src/Illuminate/Pipeline/Pipeline.php(180): Illuminate\\Foundation\\Http\\Kernel->{closure:Illuminate\\Foundation\\Http\\Kernel::dispatchToRouter():197}()
#13 /home/clj/repo/bckgrnd-msc/floor-desktop/vendor/laravel/framework/src/Illuminate/Foundation/Http/Middleware/TransformsRequest.php(21): Illuminate\\Pipeline\\Pipeline->{closure:Illuminate\\Pipeline\\Pipeline::prepareDestination():178}()
#14 /home/clj/repo/bckgrnd-msc/floor-desktop/vendor/laravel/framework/src/Illuminate/Foundation/Http/Middleware/ConvertEmptyStringsToNull.php(31): Illuminate\\Foundation\\Http\\Middleware\\TransformsRequest->handle()
#15 /home/clj/repo/bckgrnd-msc/floor-desktop/vendor/laravel/framework/src/Illuminate/Pipeline/Pipeline.php(219): Illuminate\\Foundation\\Http\\Middleware\\ConvertEmptyStringsToNull->handle()
#16 /home/clj/repo/bckgrnd-msc/floor-desktop/vendor/laravel/framework/src/Illuminate/Foundation/Http/Middleware/TransformsRequest.php(21): Illuminate\\Pipeline\\Pipeline->{closure:{closure:Illuminate\\Pipeline\\Pipeline::carry():194}:195}()
#17 /home/clj/repo/bckgrnd-msc/floor-desktop/vendor/laravel/framework/src/Illuminate/Foundation/Http/Middleware/TrimStrings.php(51): Illuminate\\Foundation\\Http\\Middleware\\TransformsRequest->handle()
#18 /home/clj/repo/bckgrnd-msc/floor-desktop/vendor/laravel/framework/src/Illuminate/Pipeline/Pipeline.php(219): Illuminate\\Foundation\\Http\\Middleware\\TrimStrings->handle()
#19 /home/clj/repo/bckgrnd-msc/floor-desktop/vendor/laravel/framework/src/Illuminate/Http/Middleware/ValidatePostSize.php(27): Illuminate\\Pipeline\\Pipeline->{closure:{closure:Illuminate\\Pipeline\\Pipeline::carry():194}:195}()
#20 /home/clj/repo/bckgrnd-msc/floor-desktop/vendor/laravel/framework/src/Illuminate/Pipeline/Pipeline.php(219): Illuminate\\Http\\Middleware\\ValidatePostSize->handle()
#21 /home/clj/repo/bckgrnd-msc/floor-desktop/vendor/laravel/framework/src/Illuminate/Foundation/Http/Middleware/PreventRequestsDuringMaintenance.php(109): Illuminate\\Pipeline\\Pipeline->{closure:{closure:Illuminate\\Pipeline\\Pipeline::carry():194}:195}()
#22 /home/clj/repo/bckgrnd-msc/floor-desktop/vendor/laravel/framework/src/Illuminate/Pipeline/Pipeline.php(219): Illuminate\\Foundation\\Http\\Middleware\\PreventRequestsDuringMaintenance->handle()
#23 /home/clj/repo/bckgrnd-msc/floor-desktop/vendor/laravel/framework/src/Illuminate/Http/Middleware/HandleCors.php(74): Illuminate\\Pipeline\\Pipeline->{closure:{closure:Illuminate\\Pipeline\\Pipeline::carry():194}:195}()
#24 /home/clj/repo/bckgrnd-msc/floor-desktop/vendor/laravel/framework/src/Illuminate/Pipeline/Pipeline.php(219): Illuminate\\Http\\Middleware\\HandleCors->handle()
#25 /home/clj/repo/bckgrnd-msc/floor-desktop/vendor/laravel/framework/src/Illuminate/Http/Middleware/TrustProxies.php(58): Illuminate\\Pipeline\\Pipeline->{closure:{closure:Illuminate\\Pipeline\\Pipeline::carry():194}:195}()
#26 /home/clj/repo/bckgrnd-msc/floor-desktop/vendor/laravel/framework/src/Illuminate/Pipeline/Pipeline.php(219): Illuminate\\Http\\Middleware\\TrustProxies->handle()
#27 /home/clj/repo/bckgrnd-msc/floor-desktop/vendor/laravel/framework/src/Illuminate/Foundation/Http/Middleware/InvokeDeferredCallbacks.php(22): Illuminate\\Pipeline\\Pipeline->{closure:{closure:Illuminate\\Pipeline\\Pipeline::carry():194}:195}()
#28 /home/clj/repo/bckgrnd-msc/floor-desktop/vendor/laravel/framework/src/Illuminate/Pipeline/Pipeline.php(219): Illuminate\\Foundation\\Http\\Middleware\\InvokeDeferredCallbacks->handle()
#29 /home/clj/repo/bckgrnd-msc/floor-desktop/vendor/laravel/framework/src/Illuminate/Http/Middleware/ValidatePathEncoding.php(26): Illuminate\\Pipeline\\Pipeline->{closure:{closure:Illuminate\\Pipeline\\Pipeline::carry():194}:195}()
#30 /home/clj/repo/bckgrnd-msc/floor-desktop/vendor/laravel/framework/src/Illuminate/Pipeline/Pipeline.php(219): Illuminate\\Http\\Middleware\\ValidatePathEncoding->handle()
#31 /home/clj/repo/bckgrnd-msc/floor-desktop/vendor/laravel/framework/src/Illuminate/Pipeline/Pipeline.php(137): Illuminate\\Pipeline\\Pipeline->{closure:{closure:Illuminate\\Pipeline\\Pipeline::carry():194}:195}()
#32 /home/clj/repo/bckgrnd-msc/floor-desktop/vendor/laravel/framework/src/Illuminate/Foundation/Http/Kernel.php(175): Illuminate\\Pipeline\\Pipeline->then()
#33 /home/clj/repo/bckgrnd-msc/floor-desktop/vendor/laravel/framework/src/Illuminate/Foundation/Http/Kernel.php(144): Illuminate\\Foundation\\Http\\Kernel->sendRequestThroughRouter()
#34 /home/clj/repo/bckgrnd-msc/floor-desktop/vendor/laravel/framework/src/Illuminate/Foundation/Application.php(1220): Illuminate\\Foundation\\Http\\Kernel->handle()
#35 /home/clj/repo/bckgrnd-msc/floor-desktop/public/index.php(22): Illuminate\\Foundation\\Application->handleRequest()
#36 /home/clj/repo/bckgrnd-msc/floor-desktop/vendor/laravel/framework/src/Illuminate/Foundation/resources/server.php(23): require_once('...')
#37 {main}
"} 
[2026-10-02 06:46:18] local.ERROR: {closure:{closure:/home/clj/repo/bckgrnd-msc/floor-desktop/bootstrap/app.php:33}:42}(): Argument #2 ($request) must be of type Request, Illuminate\Http\Request given, called in /home/clj/repo/bckgrnd-msc/floor-desktop/vendor/laravel/framework/src/Illuminate/Foundation/Exceptions/Handler.php on line 717 {"exception":"[object] (TypeError(code: 0): {closure:{closure:/home/clj/repo/bckgrnd-msc/floor-desktop/bootstrap/app.php:33}:42}(): Argument #2 ($request) must be of type Request, Illuminate\\Http\\Request given, called in /home/clj/repo/bckgrnd-msc/floor-desktop/vendor/laravel/framework/src/Illuminate/Foundation/Exceptions/Handler.php on line 717 at /home/clj/repo/bckgrnd-msc/floor-desktop/bootstrap/app.php:42)
[stacktrace]
#0 /home/clj/repo/bckgrnd-msc/floor-desktop/vendor/laravel/framework/src/Illuminate/Foundation/Exceptions/Handler.php(717): {closure:{closure:/home/clj/repo/bckgrnd-msc/floor-desktop/bootstrap/app.php:33}:42}()
#1 /home/clj/repo/bckgrnd-msc/floor-desktop/vendor/laravel/framework/src/Illuminate/Foundation/Exceptions/Handler.php(618): Illuminate\\Foundation\\Exceptions\\Handler->renderViaCallbacks()
#2 /home/clj/repo/bckgrnd-msc/floor-desktop/vendor/laravel/framework/src/Illuminate/Routing/Pipeline.php(51): Illuminate\\Foundation\\Exceptions\\Handler->render()
#3 /home/clj/repo/bckgrnd-msc/floor-desktop/vendor/laravel/framework/src/Illuminate/Pipeline/Pipeline.php(224): Illuminate\\Routing\\Pipeline->handleException()
#4 /home/clj/repo/bckgrnd-msc/floor-desktop/vendor/laravel/framework/src/Illuminate/Pipeline/Pipeline.php(137): Illuminate\\Pipeline\\Pipeline->{closure:{closure:Illuminate\\Pipeline\\Pipeline::carry():194}:195}()
#5 /home/clj/repo/bckgrnd-msc/floor-desktop/vendor/laravel/framework/src/Illuminate/Routing/Router.php(821): Illuminate\\Pipeline\\Pipeline->then()
#6 /home/clj/repo/bckgrnd-msc/floor-desktop/vendor/laravel/framework/src/Illuminate/Routing/Router.php(800): Illuminate\\Routing\\Router->runRouteWithinStack()
#7 /home/clj/repo/bckgrnd-msc/floor-desktop/vendor/laravel/framework/src/Illuminate/Routing/Router.php(764): Illuminate\\Routing\\Router->runRoute()
#8 /home/clj/repo/bckgrnd-msc/floor-desktop/vendor/laravel/framework/src/Illuminate/Routing/Router.php(753): Illuminate\\Routing\\Router->dispatchToRoute()
#9 /home/clj/repo/bckgrnd-msc/floor-desktop/vendor/laravel/framework/src/Illuminate/Foundation/Http/Kernel.php(200): Illuminate\\Routing\\Router->dispatch()
#10 /home/clj/repo/bckgrnd-msc/floor-desktop/vendor/laravel/framework/src/Illuminate/Pipeline/Pipeline.php(180): Illuminate\\Foundation\\Http\\Kernel->{closure:Illuminate\\Foundation\\Http\\Kernel::dispatchToRouter():197}()
#11 /home/clj/repo/bckgrnd-msc/floor-desktop/vendor/laravel/framework/src/Illuminate/Foundation/Http/Middleware/TransformsRequest.php(21): Illuminate\\Pipeline\\Pipeline->{closure:Illuminate\\Pipeline\\Pipeline::prepareDestination():178}()
#12 /home/clj/repo/bckgrnd-msc/floor-desktop/vendor/laravel/framework/src/Illuminate/Foundation/Http/Middleware/ConvertEmptyStringsToNull.php(31): Illuminate\\Foundation\\Http\\Middleware\\TransformsRequest->handle()
#13 /home/clj/repo/bckgrnd-msc/floor-desktop/vendor/laravel/framework/src/Illuminate/Pipeline/Pipeline.php(219): Illuminate\\Foundation\\Http\\Middleware\\ConvertEmptyStringsToNull->handle()
#14 /home/clj/repo/bckgrnd-msc/floor-desktop/vendor/laravel/framework/src/Illuminate/Foundation/Http/Middleware/TransformsRequest.php(21): Illuminate\\Pipeline\\Pipeline->{closure:{closure:Illuminate\\Pipeline\\Pipeline::carry():194}:195}()
#15 /home/clj/repo/bckgrnd-msc/floor-desktop/vendor/laravel/framework/src/Illuminate/Foundation/Http/Middleware/TrimStrings.php(51): Illuminate\\Foundation\\Http\\Middleware\\TransformsRequest->handle()
#16 /home/clj/repo/bckgrnd-msc/floor-desktop/vendor/laravel/framework/src/Illuminate/Pipeline/Pipeline.php(219): Illuminate\\Foundation\\Http\\Middleware\\TrimStrings->handle()
#17 /home/clj/repo/bckgrnd-msc/floor-desktop/vendor/laravel/framework/src/Illuminate/Http/Middleware/ValidatePostSize.php(27): Illuminate\\Pipeline\\Pipeline->{closure:{closure:Illuminate\\Pipeline\\Pipeline::carry():194}:195}()
#18 /home/clj/repo/bckgrnd-msc/floor-desktop/vendor/laravel/framework/src/Illuminate/Pipeline/Pipeline.php(219): Illuminate\\Http\\Middleware\\ValidatePostSize->handle()
#19 /home/clj/repo/bckgrnd-msc/floor-desktop/vendor/laravel/framework/src/Illuminate/Foundation/Http/Middleware/PreventRequestsDuringMaintenance.php(109): Illuminate\\Pipeline\\Pipeline->{closure:{closure:Illuminate\\Pipeline\\Pipeline::carry():194}:195}()
#20 /home/clj/repo/bckgrnd-msc/floor-desktop/vendor/laravel/framework/src/Illuminate/Pipeline/Pipeline.php(219): Illuminate\\Foundation\\Http\\Middleware\\PreventRequestsDuringMaintenance->handle()
#21 /home/clj/repo/bckgrnd-msc/floor-desktop/vendor/laravel/framework/src/Illuminate/Http/Middleware/HandleCors.php(74): Illuminate\\Pipeline\\Pipeline->{closure:{closure:Illuminate\\Pipeline\\Pipeline::carry():194}:195}()
#22 /home/clj/repo/bckgrnd-msc/floor-desktop/vendor/laravel/framework/src/Illuminate/Pipeline/Pipeline.php(219): Illuminate\\Http\\Middleware\\HandleCors->handle()
#23 /home/clj/repo/bckgrnd-msc/floor-desktop/vendor/laravel/framework/src/Illuminate/Http/Middleware/TrustProxies.php(58): Illuminate\\Pipeline\\Pipeline->{closure:{closure:Illuminate\\Pipeline\\Pipeline::carry():194}:195}()
#24 /home/clj/repo/bckgrnd-msc/floor-desktop/vendor/laravel/framework/src/Illuminate/Pipeline/Pipeline.php(219): Illuminate\\Http\\Middleware\\TrustProxies->handle()
#25 /home/clj/repo/bckgrnd-msc/floor-desktop/vendor/laravel/framework/src/Illuminate/Foundation/Http/Middleware/InvokeDeferredCallbacks.php(22): Illuminate\\Pipeline\\Pipeline->{closure:{closure:Illuminate\\Pipeline\\Pipeline::carry():194}:195}()
#26 /home/clj/repo/bckgrnd-msc/floor-desktop/vendor/laravel/framework/src/Illuminate/Pipeline/Pipeline.php(219): Illuminate\\Foundation\\Http\\Middleware\\InvokeDeferredCallbacks->handle()
#27 /home/clj/repo/bckgrnd-msc/floor-desktop/vendor/laravel/framework/src/Illuminate/Http/Middleware/ValidatePathEncoding.php(26): Illuminate\\Pipeline\\Pipeline->{closure:{closure:Illuminate\\Pipeline\\Pipeline::carry():194}:195}()
#28 /home/clj/repo/bckgrnd-msc/floor-desktop/vendor/laravel/framework/src/Illuminate/Pipeline/Pipeline.php(219): Illuminate\\Http\\Middleware\\ValidatePathEncoding->handle()
#29 /home/clj/repo/bckgrnd-msc/floor-desktop/vendor/laravel/framework/src/Illuminate/Pipeline/Pipeline.php(137): Illuminate\\Pipeline\\Pipeline->{closure:{closure:Illuminate\\Pipeline\\Pipeline::carry():194}:195}()
#30 /home/clj/repo/bckgrnd-msc/floor-desktop/vendor/laravel/framework/src/Illuminate/Foundation/Http/Kernel.php(175): Illuminate\\Pipeline\\Pipeline->then()
#31 /home/clj/repo/bckgrnd-msc/floor-desktop/vendor/laravel/framework/src/Illuminate/Foundation/Http/Kernel.php(144): Illuminate\\Foundation\\Http\\Kernel->sendRequestThroughRouter()
#32 /home/clj/repo/bckgrnd-msc/floor-desktop/vendor/laravel/framework/src/Illuminate/Foundation/Application.php(1220): Illuminate\\Foundation\\Http\\Kernel->handle()
#33 /home/clj/repo/bckgrnd-msc/floor-desktop/public/index.php(22): Illuminate\\Foundation\\Application->handleRequest()
#34 /home/clj/repo/bckgrnd-msc/floor-desktop/vendor/laravel/framework/src/Illuminate/Foundation/resources/server.php(23): require_once('...')
#35 {main}
"} 
[2026-10-02 06:46:18] local.ERROR: {closure:{closure:/home/clj/repo/bckgrnd-msc/floor-desktop/bootstrap/app.php:33}:42}(): Argument #2 ($request) must be of type Request, Illuminate\Http\Request given, called in /home/clj/repo/bckgrnd-msc/floor-desktop/vendor/laravel/framework/src/Illuminate/Foundation/Exceptions/Handler.php on line 717 {"exception":"[object] (TypeError(code: 0): {closure:{closure:/home/clj/repo/bckgrnd-msc/floor-desktop/bootstrap/app.php:33}:42}(): Argument #2 ($request) must be of type Request, Illuminate\\Http\\Request given, called in /home/clj/repo/bckgrnd-msc/floor-desktop/vendor/laravel/framework/src/Illuminate/Foundation/Exceptions/Handler.php on line 717 at /home/clj/repo/bckgrnd-msc/floor-desktop/bootstrap/app.php:42)
[stacktrace]
#0 /home/clj/repo/bckgrnd-msc/floor-desktop/vendor/laravel/framework/src/Illuminate/Foundation/Exceptions/Handler.php(717): {closure:{closure:/home/clj/repo/bckgrnd-msc/floor-desktop/bootstrap/app.php:33}:42}()
#1 /home/clj/repo/bckgrnd-msc/floor-desktop/vendor/laravel/framework/src/Illuminate/Foundation/Exceptions/Handler.php(618): Illuminate\\Foundation\\Exceptions\\Handler->renderViaCallbacks()
#2 /home/clj/repo/bckgrnd-msc/floor-desktop/vendor/laravel/framework/src/Illuminate/Routing/Pipeline.php(51): Illuminate\\Foundation\\Exceptions\\Handler->render()
#3 /home/clj/repo/bckgrnd-msc/floor-desktop/vendor/laravel/framework/src/Illuminate/Pipeline/Pipeline.php(182): Illuminate\\Routing\\Pipeline->handleException()
#4 /home/clj/repo/bckgrnd-msc/floor-desktop/vendor/laravel/framework/src/Illuminate/Foundation/Http/Middleware/TransformsRequest.php(21): Illuminate\\Pipeline\\Pipeline->{closure:Illuminate\\Pipeline\\Pipeline::prepareDestination():178}()
#5 /home/clj/repo/bckgrnd-msc/floor-desktop/vendor/laravel/framework/src/Illuminate/Foundation/Http/Middleware/ConvertEmptyStringsToNull.php(31): Illuminate\\Foundation\\Http\\Middleware\\TransformsRequest->handle()
#6 /home/clj/repo/bckgrnd-msc/floor-desktop/vendor/laravel/framework/src/Illuminate/Pipeline/Pipeline.php(219): Illuminate\\Foundation\\Http\\Middleware\\ConvertEmptyStringsToNull->handle()
#7 /home/clj/repo/bckgrnd-msc/floor-desktop/vendor/laravel/framework/src/Illuminate/Foundation/Http/Middleware/TransformsRequest.php(21): Illuminate\\Pipeline\\Pipeline->{closure:{closure:Illuminate\\Pipeline\\Pipeline::carry():194}:195}()
#8 /home/clj/repo/bckgrnd-msc/floor-desktop/vendor/laravel/framework/src/Illuminate/Foundation/Http/Middleware/TrimStrings.php(51): Illuminate\\Foundation\\Http\\Middleware\\TransformsRequest->handle()
#9 /home/clj/repo/bckgrnd-msc/floor-desktop/vendor/laravel/framework/src/Illuminate/Pipeline/Pipeline.php(219): Illuminate\\Foundation\\Http\\Middleware\\TrimStrings->handle()
#10 /home/clj/repo/bckgrnd-msc/floor-desktop/vendor/laravel/framework/src/Illuminate/Http/Middleware/ValidatePostSize.php(27): Illuminate\\Pipeline\\Pipeline->{closure:{closure:Illuminate\\Pipeline\\Pipeline::carry():194}:195}()
#11 /home/clj/repo/bckgrnd-msc/floor-desktop/vendor/laravel/framework/src/Illuminate/Pipeline/Pipeline.php(219): Illuminate\\Http\\Middleware\\ValidatePostSize->handle()
#12 /home/clj/repo/bckgrnd-msc/floor-desktop/vendor/laravel/framework/src/Illuminate/Foundation/Http/Middleware/PreventRequestsDuringMaintenance.php(109): Illuminate\\Pipeline\\Pipeline->{closure:{closure:Illuminate\\Pipeline\\Pipeline::carry():194}:195}()
#13 /home/clj/repo/bckgrnd-msc/floor-desktop/vendor/laravel/framework/src/Illuminate/Pipeline/Pipeline.php(219): Illuminate\\Foundation\\Http\\Middleware\\PreventRequestsDuringMaintenance->handle()
#14 /home/clj/repo/bckgrnd-msc/floor-desktop/vendor/laravel/framework/src/Illuminate/Http/Middleware/HandleCors.php(74): Illuminate\\Pipeline\\Pipeline->{closure:{closure:Illuminate\\Pipeline\\Pipeline::carry():194}:195}()
#15 /home/clj/repo/bckgrnd-msc/floor-desktop/vendor/laravel/framework/src/Illuminate/Pipeline/Pipeline.php(219): Illuminate\\Http\\Middleware\\HandleCors->handle()
#16 /home/clj/repo/bckgrnd-msc/floor-desktop/vendor/laravel/framework/src/Illuminate/Http/Middleware/TrustProxies.php(58): Illuminate\\Pipeline\\Pipeline->{closure:{closure:Illuminate\\Pipeline\\Pipeline::carry():194}:195}()
#17 /home/clj/repo/bckgrnd-msc/floor-desktop/vendor/laravel/framework/src/Illuminate/Pipeline/Pipeline.php(219): Illuminate\\Http\\Middleware\\TrustProxies->handle()
#18 /home/clj/repo/bckgrnd-msc/floor-desktop/vendor/laravel/framework/src/Illuminate/Foundation/Http/Middleware/InvokeDeferredCallbacks.php(22): Illuminate\\Pipeline\\Pipeline->{closure:{closure:Illuminate\\Pipeline\\Pipeline::carry():194}:195}()
#19 /home/clj/repo/bckgrnd-msc/floor-desktop/vendor/laravel/framework/src/Illuminate/Pipeline/Pipeline.php(219): Illuminate\\Foundation\\Http\\Middleware\\InvokeDeferredCallbacks->handle()
#20 /home/clj/repo/bckgrnd-msc/floor-desktop/vendor/laravel/framework/src/Illuminate/Http/Middleware/ValidatePathEncoding.php(26): Illuminate\\Pipeline\\Pipeline->{closure:{closure:Illuminate\\Pipeline\\Pipeline::carry():194}:195}()
#21 /home/clj/repo/bckgrnd-msc/floor-desktop/vendor/laravel/framework/src/Illuminate/Pipeline/Pipeline.php(219): Illuminate\\Http\\Middleware\\ValidatePathEncoding->handle()
#22 /home/clj/repo/bckgrnd-msc/floor-desktop/vendor/laravel/framework/src/Illuminate/Pipeline/Pipeline.php(137): Illuminate\\Pipeline\\Pipeline->{closure:{closure:Illuminate\\Pipeline\\Pipeline::carry():194}:195}()
#23 /home/clj/repo/bckgrnd-msc/floor-desktop/vendor/laravel/framework/src/Illuminate/Foundation/Http/Kernel.php(175): Illuminate\\Pipeline\\Pipeline->then()
#24 /home/clj/repo/bckgrnd-msc/floor-desktop/vendor/laravel/framework/src/Illuminate/Foundation/Http/Kernel.php(144): Illuminate\\Foundation\\Http\\Kernel->sendRequestThroughRouter()
#25 /home/clj/repo/bckgrnd-msc/floor-desktop/vendor/laravel/framework/src/Illuminate/Foundation/Application.php(1220): Illuminate\\Foundation\\Http\\Kernel->handle()
#26 /home/clj/repo/bckgrnd-msc/floor-desktop/public/index.php(22): Illuminate\\Foundation\\Application->handleRequest()
#27 /home/clj/repo/bckgrnd-msc/floor-desktop/vendor/laravel/framework/src/Illuminate/Foundation/resources/server.php(23): require_once('...')
#28 {main}
"} 
[2026-10-02 06:46:18] local.ERROR: {closure:{closure:/home/clj/repo/bckgrnd-msc/floor-desktop/bootstrap/app.php:33}:42}(): Argument #2 ($request) must be of type Request, Illuminate\Http\Request given, called in /home/clj/repo/bckgrnd-msc/floor-desktop/vendor/laravel/framework/src/Illuminate/Foundation/Exceptions/Handler.php on line 717 {"exception":"[object] (TypeError(code: 0): {closure:{closure:/home/clj/repo/bckgrnd-msc/floor-desktop/bootstrap/app.php:33}:42}(): Argument #2 ($request) must be of type Request, Illuminate\\Http\\Request given, called in /home/clj/repo/bckgrnd-msc/floor-desktop/vendor/laravel/framework/src/Illuminate/Foundation/Exceptions/Handler.php on line 717 at /home/clj/repo/bckgrnd-msc/floor-desktop/bootstrap/app.php:42)
[stacktrace]
#0 /home/clj/repo/bckgrnd-msc/floor-desktop/vendor/laravel/framework/src/Illuminate/Foundation/Exceptions/Handler.php(717): {closure:{closure:/home/clj/repo/bckgrnd-msc/floor-desktop/bootstrap/app.php:33}:42}()
#1 /home/clj/repo/bckgrnd-msc/floor-desktop/vendor/laravel/framework/src/Illuminate/Foundation/Exceptions/Handler.php(618): Illuminate\\Foundation\\Exceptions\\Handler->renderViaCallbacks()
#2 /home/clj/repo/bckgrnd-msc/floor-desktop/vendor/laravel/framework/src/Illuminate/Routing/Pipeline.php(51): Illuminate\\Foundation\\Exceptions\\Handler->render()
#3 /home/clj/repo/bckgrnd-msc/floor-desktop/vendor/laravel/framework/src/Illuminate/Pipeline/Pipeline.php(224): Illuminate\\Routing\\Pipeline->handleException()
#4 /home/clj/repo/bckgrnd-msc/floor-desktop/vendor/laravel/framework/src/Illuminate/Foundation/Http/Middleware/TransformsRequest.php(21): Illuminate\\Pipeline\\Pipeline->{closure:{closure:Illuminate\\Pipeline\\Pipeline::carry():194}:195}()
#5 /home/clj/repo/bckgrnd-msc/floor-desktop/vendor/laravel/framework/src/Illuminate/Foundation/Http/Middleware/TrimStrings.php(51): Illuminate\\Foundation\\Http\\Middleware\\TransformsRequest->handle()
#6 /home/clj/repo/bckgrnd-msc/floor-desktop/vendor/laravel/framework/src/Illuminate/Pipeline/Pipeline.php(219): Illuminate\\Foundation\\Http\\Middleware\\TrimStrings->handle()
#7 /home/clj/repo/bckgrnd-msc/floor-desktop/vendor/laravel/framework/src/Illuminate/Http/Middleware/ValidatePostSize.php(27): Illuminate\\Pipeline\\Pipeline->{closure:{closure:Illuminate\\Pipeline\\Pipeline::carry():194}:195}()
#8 /home/clj/repo/bckgrnd-msc/floor-desktop/vendor/laravel/framework/src/Illuminate/Pipeline/Pipeline.php(219): Illuminate\\Http\\Middleware\\ValidatePostSize->handle()
#9 /home/clj/repo/bckgrnd-msc/floor-desktop/vendor/laravel/framework/src/Illuminate/Foundation/Http/Middleware/PreventRequestsDuringMaintenance.php(109): Illuminate\\Pipeline\\Pipeline->{closure:{closure:Illuminate\\Pipeline\\Pipeline::carry():194}:195}()
#10 /home/clj/repo/bckgrnd-msc/floor-desktop/vendor/laravel/framework/src/Illuminate/Pipeline/Pipeline.php(219): Illuminate\\Foundation\\Http\\Middleware\\PreventRequestsDuringMaintenance->handle()
#11 /home/clj/repo/bckgrnd-msc/floor-desktop/vendor/laravel/framework/src/Illuminate/Http/Middleware/HandleCors.php(74): Illuminate\\Pipeline\\Pipeline->{closure:{closure:Illuminate\\Pipeline\\Pipeline::carry():194}:195}()
#12 /home/clj/repo/bckgrnd-msc/floor-desktop/vendor/laravel/framework/src/Illuminate/Pipeline/Pipeline.php(219): Illuminate\\Http\\Middleware\\HandleCors->handle()
#13 /home/clj/repo/bckgrnd-msc/floor-desktop/vendor/laravel/framework/src/Illuminate/Http/Middleware/TrustProxies.php(58): Illuminate\\Pipeline\\Pipeline->{closure:{closure:Illuminate\\Pipeline\\Pipeline::carry():194}:195}()
#14 /home/clj/repo/bckgrnd-msc/floor-desktop/vendor/laravel/framework/src/Illuminate/Pipeline/Pipeline.php(219): Illuminate\\Http\\Middleware\\TrustProxies->handle()
#15 /home/clj/repo/bckgrnd-msc/floor-desktop/vendor/laravel/framework/src/Illuminate/Foundation/Http/Middleware/InvokeDeferredCallbacks.php(22): Illuminate\\Pipeline\\Pipeline->{closure:{closure:Illuminate\\Pipeline\\Pipeline::carry():194}:195}()
#16 /home/clj/repo/bckgrnd-msc/floor-desktop/vendor/laravel/framework/src/Illuminate/Pipeline/Pipeline.php(219): Illuminate\\Foundation\\Http\\Middleware\\InvokeDeferredCallbacks->handle()
#17 /home/clj/repo/bckgrnd-msc/floor-desktop/vendor/laravel/framework/src/Illuminate/Http/Middleware/ValidatePathEncoding.php(26): Illuminate\\Pipeline\\Pipeline->{closure:{closure:Illuminate\\Pipeline\\Pipeline::carry():194}:195}()
#18 /home/clj/repo/bckgrnd-msc/floor-desktop/vendor/laravel/framework/src/Illuminate/Pipeline/Pipeline.php(219): Illuminate\\Http\\Middleware\\ValidatePathEncoding->handle()
#19 /home/clj/repo/bckgrnd-msc/floor-desktop/vendor/laravel/framework/src/Illuminate/Pipeline/Pipeline.php(137): Illuminate\\Pipeline\\Pipeline->{closure:{closure:Illuminate\\Pipeline\\Pipeline::carry():194}:195}()
#20 /home/clj/repo/bckgrnd-msc/floor-desktop/vendor/laravel/framework/src/Illuminate/Foundation/Http/Kernel.php(175): Illuminate\\Pipeline\\Pipeline->then()
#21 /home/clj/repo/bckgrnd-msc/floor-desktop/vendor/laravel/framework/src/Illuminate/Foundation/Http/Kernel.php(144): Illuminate\\Foundation\\Http\\Kernel->sendRequestThroughRouter()
#22 /home/clj/repo/bckgrnd-msc/floor-desktop/vendor/laravel/framework/src/Illuminate/Foundation/Application.php(1220): Illuminate\\Foundation\\Http\\Kernel->handle()
#23 /home/clj/repo/bckgrnd-msc/floor-desktop/public/index.php(22): Illuminate\\Foundation\\Application->handleRequest()
#24 /home/clj/repo/bckgrnd-msc/floor-desktop/vendor/laravel/framework/src/Illuminate/Foundation/resources/server.php(23): require_once('...')
#25 {main}
"} 
[2026-10-02 06:46:18] local.ERROR: {closure:{closure:/home/clj/repo/bckgrnd-msc/floor-desktop/bootstrap/app.php:33}:42}(): Argument #2 ($request) must be of type Request, Illuminate\Http\Request given, called in /home/clj/repo/bckgrnd-msc/floor-desktop/vendor/laravel/framework/src/Illuminate/Foundation/Exceptions/Handler.php on line 717 {"exception":"[object] (TypeError(code: 0): {closure:{closure:/home/clj/repo/bckgrnd-msc/floor-desktop/bootstrap/app.php:33}:42}(): Argument #2 ($request) must be of type Request, Illuminate\\Http\\Request given, called in /home/clj/repo/bckgrnd-msc/floor-desktop/vendor/laravel/framework/src/Illuminate/Foundation/Exceptions/Handler.php on line 717 at /home/clj/repo/bckgrnd-msc/floor-desktop/bootstrap/app.php:42)
[stacktrace]
#0 /home/clj/repo/bckgrnd-msc/floor-desktop/vendor/laravel/framework/src/Illuminate/Foundation/Exceptions/Handler.php(717): {closure:{closure:/home/clj/repo/bckgrnd-msc/floor-desktop/bootstrap/app.php:33}:42}()
#1 /home/clj/repo/bckgrnd-msc/floor-desktop/vendor/laravel/framework/src/Illuminate/Foundation/Exceptions/Handler.php(618): Illuminate\\Foundation\\Exceptions\\Handler->renderViaCallbacks()
#2 /home/clj/repo/bckgrnd-msc/floor-desktop/vendor/laravel/framework/src/Illuminate/Routing/Pipeline.php(51): Illuminate\\Foundation\\Exceptions\\Handler->render()
#3 /home/clj/repo/bckgrnd-msc/floor-desktop/vendor/laravel/framework/src/Illuminate/Pipeline/Pipeline.php(224): Illuminate\\Routing\\Pipeline->handleException()
#4 /home/clj/repo/bckgrnd-msc/floor-desktop/vendor/laravel/framework/src/Illuminate/Http/Middleware/ValidatePostSize.php(27): Illuminate\\Pipeline\\Pipeline->{closure:{closure:Illuminate\\Pipeline\\Pipeline::carry():194}:195}()
#5 /home/clj/repo/bckgrnd-msc/floor-desktop/vendor/laravel/framework/src/Illuminate/Pipeline/Pipeline.php(219): Illuminate\\Http\\Middleware\\ValidatePostSize->handle()
#6 /home/clj/repo/bckgrnd-msc/floor-desktop/vendor/laravel/framework/src/Illuminate/Foundation/Http/Middleware/PreventRequestsDuringMaintenance.php(109): Illuminate\\Pipeline\\Pipeline->{closure:{closure:Illuminate\\Pipeline\\Pipeline::carry():194}:195}()
#7 /home/clj/repo/bckgrnd-msc/floor-desktop/vendor/laravel/framework/src/Illuminate/Pipeline/Pipeline.php(219): Illuminate\\Foundation\\Http\\Middleware\\PreventRequestsDuringMaintenance->handle()
#8 /home/clj/repo/bckgrnd-msc/floor-desktop/vendor/laravel/framework/src/Illuminate/Http/Middleware/HandleCors.php(74): Illuminate\\Pipeline\\Pipeline->{closure:{closure:Illuminate\\Pipeline\\Pipeline::carry():194}:195}()
#9 /home/clj/repo/bckgrnd-msc/floor-desktop/vendor/laravel/framework/src/Illuminate/Pipeline/Pipeline.php(219): Illuminate\\Http\\Middleware\\HandleCors->handle()
#10 /home/clj/repo/bckgrnd-msc/floor-desktop/vendor/laravel/framework/src/Illuminate/Http/Middleware/TrustProxies.php(58): Illuminate\\Pipeline\\Pipeline->{closure:{closure:Illuminate\\Pipeline\\Pipeline::carry():194}:195}()
#11 /home/clj/repo/bckgrnd-msc/floor-desktop/vendor/laravel/framework/src/Illuminate/Pipeline/Pipeline.php(219): Illuminate\\Http\\Middleware\\TrustProxies->handle()
#12 /home/clj/repo/bckgrnd-msc/floor-desktop/vendor/laravel/framework/src/Illuminate/Foundation/Http/Middleware/InvokeDeferredCallbacks.php(22): Illuminate\\Pipeline\\Pipeline->{closure:{closure:Illuminate\\Pipeline\\Pipeline::carry():194}:195}()
#13 /home/clj/repo/bckgrnd-msc/floor-desktop/vendor/laravel/framework/src/Illuminate/Pipeline/Pipeline.php(219): Illuminate\\Foundation\\Http\\Middleware\\InvokeDeferredCallbacks->handle()
#14 /home/clj/repo/bckgrnd-msc/floor-desktop/vendor/laravel/framework/src/Illuminate/Http/Middleware/ValidatePathEncoding.php(26): Illuminate\\Pipeline\\Pipeline->{closure:{closure:Illuminate\\Pipeline\\Pipeline::carry():194}:195}()
#15 /home/clj/repo/bckgrnd-msc/floor-desktop/vendor/laravel/framework/src/Illuminate/Pipeline/Pipeline.php(219): Illuminate\\Http\\Middleware\\ValidatePathEncoding->handle()
#16 /home/clj/repo/bckgrnd-msc/floor-desktop/vendor/laravel/framework/src/Illuminate/Pipeline/Pipeline.php(137): Illuminate\\Pipeline\\Pipeline->{closure:{closure:Illuminate\\Pipeline\\Pipeline::carry():194}:195}()
#17 /home/clj/repo/bckgrnd-msc/floor-desktop/vendor/laravel/framework/src/Illuminate/Foundation/Http/Kernel.php(175): Illuminate\\Pipeline\\Pipeline->then()
#18 /home/clj/repo/bckgrnd-msc/floor-desktop/vendor/laravel/framework/src/Illuminate/Foundation/Http/Kernel.php(144): Illuminate\\Foundation\\Http\\Kernel->sendRequestThroughRouter()
#19 /home/clj/repo/bckgrnd-msc/floor-desktop/vendor/laravel/framework/src/Illuminate/Foundation/Application.php(1220): Illuminate\\Foundation\\Http\\Kernel->handle()
#20 /home/clj/repo/bckgrnd-msc/floor-desktop/public/index.php(22): Illuminate\\Foundation\\Application->handleRequest()
#21 /home/clj/repo/bckgrnd-msc/floor-desktop/vendor/laravel/framework/src/Illuminate/Foundation/resources/server.php(23): require_once('...')
#22 {main}
"} 
[2026-10-02 06:46:18] local.ERROR: {closure:{closure:/home/clj/repo/bckgrnd-msc/floor-desktop/bootstrap/app.php:33}:42}(): Argument #2 ($request) must be of type Request, Illuminate\Http\Request given, called in /home/clj/repo/bckgrnd-msc/floor-desktop/vendor/laravel/framework/src/Illuminate/Foundation/Exceptions/Handler.php on line 717 {"exception":"[object] (TypeError(code: 0): {closure:{closure:/home/clj/repo/bckgrnd-msc/floor-desktop/bootstrap/app.php:33}:42}(): Argument #2 ($request) must be of type Request, Illuminate\\Http\\Request given, called in /home/clj/repo/bckgrnd-msc/floor-desktop/vendor/laravel/framework/src/Illuminate/Foundation/Exceptions/Handler.php on line 717 at /home/clj/repo/bckgrnd-msc/floor-desktop/bootstrap/app.php:42)
[stacktrace]
#0 /home/clj/repo/bckgrnd-msc/floor-desktop/vendor/laravel/framework/src/Illuminate/Foundation/Exceptions/Handler.php(717): {closure:{closure:/home/clj/repo/bckgrnd-msc/floor-desktop/bootstrap/app.php:33}:42}()
#1 /home/clj/repo/bckgrnd-msc/floor-desktop/vendor/laravel/framework/src/Illuminate/Foundation/Exceptions/Handler.php(618): Illuminate\\Foundation\\Exceptions\\Handler->renderViaCallbacks()
#2 /home/clj/repo/bckgrnd-msc/floor-desktop/vendor/laravel/framework/src/Illuminate/Routing/Pipeline.php(51): Illuminate\\Foundation\\Exceptions\\Handler->render()
#3 /home/clj/repo/bckgrnd-msc/floor-desktop/vendor/laravel/framework/src/Illuminate/Pipeline/Pipeline.php(224): Illuminate\\Routing\\Pipeline->handleException()
#4 /home/clj/repo/bckgrnd-msc/floor-desktop/vendor/laravel/framework/src/Illuminate/Foundation/Http/Middleware/PreventRequestsDuringMaintenance.php(109): Illuminate\\Pipeline\\Pipeline->{closure:{closure:Illuminate\\Pipeline\\Pipeline::carry():194}:195}()
#5 /home/clj/repo/bckgrnd-msc/floor-desktop/vendor/laravel/framework/src/Illuminate/Pipeline/Pipeline.php(219): Illuminate\\Foundation\\Http\\Middleware\\PreventRequestsDuringMaintenance->handle()
#6 /home/clj/repo/bckgrnd-msc/floor-desktop/vendor/laravel/framework/src/Illuminate/Http/Middleware/HandleCors.php(74): Illuminate\\Pipeline\\Pipeline->{closure:{closure:Illuminate\\Pipeline\\Pipeline::carry():194}:195}()
#7 /home/clj/repo/bckgrnd-msc/floor-desktop/vendor/laravel/framework/src/Illuminate/Pipeline/Pipeline.php(219): Illuminate\\Http\\Middleware\\HandleCors->handle()
#8 /home/clj/repo/bckgrnd-msc/floor-desktop/vendor/laravel/framework/src/Illuminate/Http/Middleware/TrustProxies.php(58): Illuminate\\Pipeline\\Pipeline->{closure:{closure:Illuminate\\Pipeline\\Pipeline::carry():194}:195}()
#9 /home/clj/repo/bckgrnd-msc/floor-desktop/vendor/laravel/framework/src/Illuminate/Pipeline/Pipeline.php(219): Illuminate\\Http\\Middleware\\TrustProxies->handle()
#10 /home/clj/repo/bckgrnd-msc/floor-desktop/vendor/laravel/framework/src/Illuminate/Foundation/Http/Middleware/InvokeDeferredCallbacks.php(22): Illuminate\\Pipeline\\Pipeline->{closure:{closure:Illuminate\\Pipeline\\Pipeline::carry():194}:195}()
#11 /home/clj/repo/bckgrnd-msc/floor-desktop/vendor/laravel/framework/src/Illuminate/Pipeline/Pipeline.php(219): Illuminate\\Foundation\\Http\\Middleware\\InvokeDeferredCallbacks->handle()
#12 /home/clj/repo/bckgrnd-msc/floor-desktop/vendor/laravel/framework/src/Illuminate/Http/Middleware/ValidatePathEncoding.php(26): Illuminate\\Pipeline\\Pipeline->{closure:{closure:Illuminate\\Pipeline\\Pipeline::carry():194}:195}()
#13 /home/clj/repo/bckgrnd-msc/floor-desktop/vendor/laravel/framework/src/Illuminate/Pipeline/Pipeline.php(219): Illuminate\\Http\\Middleware\\ValidatePathEncoding->handle()
#14 /home/clj/repo/bckgrnd-msc/floor-desktop/vendor/laravel/framework/src/Illuminate/Pipeline/Pipeline.php(137): Illuminate\\Pipeline\\Pipeline->{closure:{closure:Illuminate\\Pipeline\\Pipeline::carry():194}:195}()
#15 /home/clj/repo/bckgrnd-msc/floor-desktop/vendor/laravel/framework/src/Illuminate/Foundation/Http/Kernel.php(175): Illuminate\\Pipeline\\Pipeline->then()
#16 /home/clj/repo/bckgrnd-msc/floor-desktop/vendor/laravel/framework/src/Illuminate/Foundation/Http/Kernel.php(144): Illuminate\\Foundation\\Http\\Kernel->sendRequestThroughRouter()
#17 /home/clj/repo/bckgrnd-msc/floor-desktop/vendor/laravel/framework/src/Illuminate/Foundation/Application.php(1220): Illuminate\\Foundation\\Http\\Kernel->handle()
#18 /home/clj/repo/bckgrnd-msc/floor-desktop/public/index.php(22): Illuminate\\Foundation\\Application->handleRequest()
#19 /home/clj/repo/bckgrnd-msc/floor-desktop/vendor/laravel/framework/src/Illuminate/Foundation/resources/server.php(23): require_once('...')
#20 {main}
"} 
[2026-10-02 06:46:18] local.ERROR: {closure:{closure:/home/clj/repo/bckgrnd-msc/floor-desktop/bootstrap/app.php:33}:42}(): Argument #2 ($request) must be of type Request, Illuminate\Http\Request given, called in /home/clj/repo/bckgrnd-msc/floor-desktop/vendor/laravel/framework/src/Illuminate/Foundation/Exceptions/Handler.php on line 717 {"exception":"[object] (TypeError(code: 0): {closure:{closure:/home/clj/repo/bckgrnd-msc/floor-desktop/bootstrap/app.php:33}:42}(): Argument #2 ($request) must be of type Request, Illuminate\\Http\\Request given, called in /home/clj/repo/bckgrnd-msc/floor-desktop/vendor/laravel/framework/src/Illuminate/Foundation/Exceptions/Handler.php on line 717 at /home/clj/repo/bckgrnd-msc/floor-desktop/bootstrap/app.php:42)
[stacktrace]
#0 /home/clj/repo/bckgrnd-msc/floor-desktop/vendor/laravel/framework/src/Illuminate/Foundation/Exceptions/Handler.php(717): {closure:{closure:/home/clj/repo/bckgrnd-msc/floor-desktop/bootstrap/app.php:33}:42}()
#1 /home/clj/repo/bckgrnd-msc/floor-desktop/vendor/laravel/framework/src/Illuminate/Foundation/Exceptions/Handler.php(618): Illuminate\\Foundation\\Exceptions\\Handler->renderViaCallbacks()
#2 /home/clj/repo/bckgrnd-msc/floor-desktop/vendor/laravel/framework/src/Illuminate/Routing/Pipeline.php(51): Illuminate\\Foundation\\Exceptions\\Handler->render()
#3 /home/clj/repo/bckgrnd-msc/floor-desktop/vendor/laravel/framework/src/Illuminate/Pipeline/Pipeline.php(224): Illuminate\\Routing\\Pipeline->handleException()
#4 /home/clj/repo/bckgrnd-msc/floor-desktop/vendor/laravel/framework/src/Illuminate/Http/Middleware/HandleCors.php(74): Illuminate\\Pipeline\\Pipeline->{closure:{closure:Illuminate\\Pipeline\\Pipeline::carry():194}:195}()
#5 /home/clj/repo/bckgrnd-msc/floor-desktop/vendor/laravel/framework/src/Illuminate/Pipeline/Pipeline.php(219): Illuminate\\Http\\Middleware\\HandleCors->handle()
#6 /home/clj/repo/bckgrnd-msc/floor-desktop/vendor/laravel/framework/src/Illuminate/Http/Middleware/TrustProxies.php(58): Illuminate\\Pipeline\\Pipeline->{closure:{closure:Illuminate\\Pipeline\\Pipeline::carry():194}:195}()
#7 /home/clj/repo/bckgrnd-msc/floor-desktop/vendor/laravel/framework/src/Illuminate/Pipeline/Pipeline.php(219): Illuminate\\Http\\Middleware\\TrustProxies->handle()
#8 /home/clj/repo/bckgrnd-msc/floor-desktop/vendor/laravel/framework/src/Illuminate/Foundation/Http/Middleware/InvokeDeferredCallbacks.php(22): Illuminate\\Pipeline\\Pipeline->{closure:{closure:Illuminate\\Pipeline\\Pipeline::carry():194}:195}()
#9 /home/clj/repo/bckgrnd-msc/floor-desktop/vendor/laravel/framework/src/Illuminate/Pipeline/Pipeline.php(219): Illuminate\\Foundation\\Http\\Middleware\\InvokeDeferredCallbacks->handle()
#10 /home/clj/repo/bckgrnd-msc/floor-desktop/vendor/laravel/framework/src/Illuminate/Http/Middleware/ValidatePathEncoding.php(26): Illuminate\\Pipeline\\Pipeline->{closure:{closure:Illuminate\\Pipeline\\Pipeline::carry():194}:195}()
#11 /home/clj/repo/bckgrnd-msc/floor-desktop/vendor/laravel/framework/src/Illuminate/Pipeline/Pipeline.php(219): Illuminate\\Http\\Middleware\\ValidatePathEncoding->handle()
#12 /home/clj/repo/bckgrnd-msc/floor-desktop/vendor/laravel/framework/src/Illuminate/Pipeline/Pipeline.php(137): Illuminate\\Pipeline\\Pipeline->{closure:{closure:Illuminate\\Pipeline\\Pipeline::carry():194}:195}()
#13 /home/clj/repo/bckgrnd-msc/floor-desktop/vendor/laravel/framework/src/Illuminate/Foundation/Http/Kernel.php(175): Illuminate\\Pipeline\\Pipeline->then()
#14 /home/clj/repo/bckgrnd-msc/floor-desktop/vendor/laravel/framework/src/Illuminate/Foundation/Http/Kernel.php(144): Illuminate\\Foundation\\Http\\Kernel->sendRequestThroughRouter()
#15 /home/clj/repo/bckgrnd-msc/floor-desktop/vendor/laravel/framework/src/Illuminate/Foundation/Application.php(1220): Illuminate\\Foundation\\Http\\Kernel->handle()
#16 /home/clj/repo/bckgrnd-msc/floor-desktop/public/index.php(22): Illuminate\\Foundation\\Application->handleRequest()
#17 /home/clj/repo/bckgrnd-msc/floor-desktop/vendor/laravel/framework/src/Illuminate/Foundation/resources/server.php(23): require_once('...')
#18 {main}
"} 
[2026-10-02 06:46:18] local.ERROR: {closure:{closure:/home/clj/repo/bckgrnd-msc/floor-desktop/bootstrap/app.php:33}:42}(): Argument #2 ($request) must be of type Request, Illuminate\Http\Request given, called in /home/clj/repo/bckgrnd-msc/floor-desktop/vendor/laravel/framework/src/Illuminate/Foundation/Exceptions/Handler.php on line 717 {"exception":"[object] (TypeError(code: 0): {closure:{closure:/home/clj/repo/bckgrnd-msc/floor-desktop/bootstrap/app.php:33}:42}(): Argument #2 ($request) must be of type Request, Illuminate\\Http\\Request given, called in /home/clj/repo/bckgrnd-msc/floor-desktop/vendor/laravel/framework/src/Illuminate/Foundation/Exceptions/Handler.php on line 717 at /home/clj/repo/bckgrnd-msc/floor-desktop/bootstrap/app.php:42)
[stacktrace]
#0 /home/clj/repo/bckgrnd-msc/floor-desktop/vendor/laravel/framework/src/Illuminate/Foundation/Exceptions/Handler.php(717): {closure:{closure:/home/clj/repo/bckgrnd-msc/floor-desktop/bootstrap/app.php:33}:42}()
#1 /home/clj/repo/bckgrnd-msc/floor-desktop/vendor/laravel/framework/src/Illuminate/Foundation/Exceptions/Handler.php(618): Illuminate\\Foundation\\Exceptions\\Handler->renderViaCallbacks()
#2 /home/clj/repo/bckgrnd-msc/floor-desktop/vendor/laravel/framework/src/Illuminate/Routing/Pipeline.php(51): Illuminate\\Foundation\\Exceptions\\Handler->render()
#3 /home/clj/repo/bckgrnd-msc/floor-desktop/vendor/laravel/framework/src/Illuminate/Pipeline/Pipeline.php(224): Illuminate\\Routing\\Pipeline->handleException()
#4 /home/clj/repo/bckgrnd-msc/floor-desktop/vendor/laravel/framework/src/Illuminate/Http/Middleware/TrustProxies.php(58): Illuminate\\Pipeline\\Pipeline->{closure:{closure:Illuminate\\Pipeline\\Pipeline::carry():194}:195}()
#5 /home/clj/repo/bckgrnd-msc/floor-desktop/vendor/laravel/framework/src/Illuminate/Pipeline/Pipeline.php(219): Illuminate\\Http\\Middleware\\TrustProxies->handle()
#6 /home/clj/repo/bckgrnd-msc/floor-desktop/vendor/laravel/framework/src/Illuminate/Foundation/Http/Middleware/InvokeDeferredCallbacks.php(22): Illuminate\\Pipeline\\Pipeline->{closure:{closure:Illuminate\\Pipeline\\Pipeline::carry():194}:195}()
#7 /home/clj/repo/bckgrnd-msc/floor-desktop/vendor/laravel/framework/src/Illuminate/Pipeline/Pipeline.php(219): Illuminate\\Foundation\\Http\\Middleware\\InvokeDeferredCallbacks->handle()
#8 /home/clj/repo/bckgrnd-msc/floor-desktop/vendor/laravel/framework/src/Illuminate/Http/Middleware/ValidatePathEncoding.php(26): Illuminate\\Pipeline\\Pipeline->{closure:{closure:Illuminate\\Pipeline\\Pipeline::carry():194}:195}()
#9 /home/clj/repo/bckgrnd-msc/floor-desktop/vendor/laravel/framework/src/Illuminate/Pipeline/Pipeline.php(219): Illuminate\\Http\\Middleware\\ValidatePathEncoding->handle()
#10 /home/clj/repo/bckgrnd-msc/floor-desktop/vendor/laravel/framework/src/Illuminate/Pipeline/Pipeline.php(137): Illuminate\\Pipeline\\Pipeline->{closure:{closure:Illuminate\\Pipeline\\Pipeline::carry():194}:195}()
#11 /home/clj/repo/bckgrnd-msc/floor-desktop/vendor/laravel/framework/src/Illuminate/Foundation/Http/Kernel.php(175): Illuminate\\Pipeline\\Pipeline->then()
#12 /home/clj/repo/bckgrnd-msc/floor-desktop/vendor/laravel/framework/src/Illuminate/Foundation/Http/Kernel.php(144): Illuminate\\Foundation\\Http\\Kernel->sendRequestThroughRouter()
#13 /home/clj/repo/bckgrnd-msc/floor-desktop/vendor/laravel/framework/src/Illuminate/Foundation/Application.php(1220): Illuminate\\Foundation\\Http\\Kernel->handle()
#14 /home/clj/repo/bckgrnd-msc/floor-desktop/public/index.php(22): Illuminate\\Foundation\\Application->handleRequest()
#15 /home/clj/repo/bckgrnd-msc/floor-desktop/vendor/laravel/framework/src/Illuminate/Foundation/resources/server.php(23): require_once('...')
#16 {main}
"} 
[2026-10-02 06:46:18] local.ERROR: {closure:{closure:/home/clj/repo/bckgrnd-msc/floor-desktop/bootstrap/app.php:33}:42}(): Argument #2 ($request) must be of type Request, Illuminate\Http\Request given, called in /home/clj/repo/bckgrnd-msc/floor-desktop/vendor/laravel/framework/src/Illuminate/Foundation/Exceptions/Handler.php on line 717 {"exception":"[object] (TypeError(code: 0): {closure:{closure:/home/clj/repo/bckgrnd-msc/floor-desktop/bootstrap/app.php:33}:42}(): Argument #2 ($request) must be of type Request, Illuminate\\Http\\Request given, called in /home/clj/repo/bckgrnd-msc/floor-desktop/vendor/laravel/framework/src/Illuminate/Foundation/Exceptions/Handler.php on line 717 at /home/clj/repo/bckgrnd-msc/floor-desktop/bootstrap/app.php:42)
[stacktrace]
#0 /home/clj/repo/bckgrnd-msc/floor-desktop/vendor/laravel/framework/src/Illuminate/Foundation/Exceptions/Handler.php(717): {closure:{closure:/home/clj/repo/bckgrnd-msc/floor-desktop/bootstrap/app.php:33}:42}()
#1 /home/clj/repo/bckgrnd-msc/floor-desktop/vendor/laravel/framework/src/Illuminate/Foundation/Exceptions/Handler.php(618): Illuminate\\Foundation\\Exceptions\\Handler->renderViaCallbacks()
#2 /home/clj/repo/bckgrnd-msc/floor-desktop/vendor/laravel/framework/src/Illuminate/Routing/Pipeline.php(51): Illuminate\\Foundation\\Exceptions\\Handler->render()
#3 /home/clj/repo/bckgrnd-msc/floor-desktop/vendor/laravel/framework/src/Illuminate/Pipeline/Pipeline.php(224): Illuminate\\Routing\\Pipeline->handleException()
#4 /home/clj/repo/bckgrnd-msc/floor-desktop/vendor/laravel/framework/src/Illuminate/Foundation/Http/Middleware/InvokeDeferredCallbacks.php(22): Illuminate\\Pipeline\\Pipeline->{closure:{closure:Illuminate\\Pipeline\\Pipeline::carry():194}:195}()
#5 /home/clj/repo/bckgrnd-msc/floor-desktop/vendor/laravel/framework/src/Illuminate/Pipeline/Pipeline.php(219): Illuminate\\Foundation\\Http\\Middleware\\InvokeDeferredCallbacks->handle()
#6 /home/clj/repo/bckgrnd-msc/floor-desktop/vendor/laravel/framework/src/Illuminate/Http/Middleware/ValidatePathEncoding.php(26): Illuminate\\Pipeline\\Pipeline->{closure:{closure:Illuminate\\Pipeline\\Pipeline::carry():194}:195}()
#7 /home/clj/repo/bckgrnd-msc/floor-desktop/vendor/laravel/framework/src/Illuminate/Pipeline/Pipeline.php(219): Illuminate\\Http\\Middleware\\ValidatePathEncoding->handle()
#8 /home/clj/repo/bckgrnd-msc/floor-desktop/vendor/laravel/framework/src/Illuminate/Pipeline/Pipeline.php(137): Illuminate\\Pipeline\\Pipeline->{closure:{closure:Illuminate\\Pipeline\\Pipeline::carry():194}:195}()
#9 /home/clj/repo/bckgrnd-msc/floor-desktop/vendor/laravel/framework/src/Illuminate/Foundation/Http/Kernel.php(175): Illuminate\\Pipeline\\Pipeline->then()
#10 /home/clj/repo/bckgrnd-msc/floor-desktop/vendor/laravel/framework/src/Illuminate/Foundation/Http/Kernel.php(144): Illuminate\\Foundation\\Http\\Kernel->sendRequestThroughRouter()
#11 /home/clj/repo/bckgrnd-msc/floor-desktop/vendor/laravel/framework/src/Illuminate/Foundation/Application.php(1220): Illuminate\\Foundation\\Http\\Kernel->handle()
#12 /home/clj/repo/bckgrnd-msc/floor-desktop/public/index.php(22): Illuminate\\Foundation\\Application->handleRequest()
#13 /home/clj/repo/bckgrnd-msc/floor-desktop/vendor/laravel/framework/src/Illuminate/Foundation/resources/server.php(23): require_once('...')
#14 {main}
"} 
[2026-10-02 06:46:18] local.ERROR: {closure:{closure:/home/clj/repo/bckgrnd-msc/floor-desktop/bootstrap/app.php:33}:42}(): Argument #2 ($request) must be of type Request, Illuminate\Http\Request given, called in /home/clj/repo/bckgrnd-msc/floor-desktop/vendor/laravel/framework/src/Illuminate/Foundation/Exceptions/Handler.php on line 717 {"exception":"[object] (TypeError(code: 0): {closure:{closure:/home/clj/repo/bckgrnd-msc/floor-desktop/bootstrap/app.php:33}:42}(): Argument #2 ($request) must be of type Request, Illuminate\\Http\\Request given, called in /home/clj/repo/bckgrnd-msc/floor-desktop/vendor/laravel/framework/src/Illuminate/Foundation/Exceptions/Handler.php on line 717 at /home/clj/repo/bckgrnd-msc/floor-desktop/bootstrap/app.php:42)
[stacktrace]
#0 /home/clj/repo/bckgrnd-msc/floor-desktop/vendor/laravel/framework/src/Illuminate/Foundation/Exceptions/Handler.php(717): {closure:{closure:/home/clj/repo/bckgrnd-msc/floor-desktop/bootstrap/app.php:33}:42}()
#1 /home/clj/repo/bckgrnd-msc/floor-desktop/vendor/laravel/framework/src/Illuminate/Foundation/Exceptions/Handler.php(618): Illuminate\\Foundation\\Exceptions\\Handler->renderViaCallbacks()
#2 /home/clj/repo/bckgrnd-msc/floor-desktop/vendor/laravel/framework/src/Illuminate/Routing/Pipeline.php(51): Illuminate\\Foundation\\Exceptions\\Handler->render()
#3 /home/clj/repo/bckgrnd-msc/floor-desktop/vendor/laravel/framework/src/Illuminate/Pipeline/Pipeline.php(224): Illuminate\\Routing\\Pipeline->handleException()
#4 /home/clj/repo/bckgrnd-msc/floor-desktop/vendor/laravel/framework/src/Illuminate/Http/Middleware/ValidatePathEncoding.php(26): Illuminate\\Pipeline\\Pipeline->{closure:{closure:Illuminate\\Pipeline\\Pipeline::carry():194}:195}()
#5 /home/clj/repo/bckgrnd-msc/floor-desktop/vendor/laravel/framework/src/Illuminate/Pipeline/Pipeline.php(219): Illuminate\\Http\\Middleware\\ValidatePathEncoding->handle()
#6 /home/clj/repo/bckgrnd-msc/floor-desktop/vendor/laravel/framework/src/Illuminate/Pipeline/Pipeline.php(137): Illuminate\\Pipeline\\Pipeline->{closure:{closure:Illuminate\\Pipeline\\Pipeline::carry():194}:195}()
#7 /home/clj/repo/bckgrnd-msc/floor-desktop/vendor/laravel/framework/src/Illuminate/Foundation/Http/Kernel.php(175): Illuminate\\Pipeline\\Pipeline->then()
#8 /home/clj/repo/bckgrnd-msc/floor-desktop/vendor/laravel/framework/src/Illuminate/Foundation/Http/Kernel.php(144): Illuminate\\Foundation\\Http\\Kernel->sendRequestThroughRouter()
#9 /home/clj/repo/bckgrnd-msc/floor-desktop/vendor/laravel/framework/src/Illuminate/Foundation/Application.php(1220): Illuminate\\Foundation\\Http\\Kernel->handle()
#10 /home/clj/repo/bckgrnd-msc/floor-desktop/public/index.php(22): Illuminate\\Foundation\\Application->handleRequest()
#11 /home/clj/repo/bckgrnd-msc/floor-desktop/vendor/laravel/framework/src/Illuminate/Foundation/resources/server.php(23): require_once('...')
#12 {main}
"} 
[2026-10-02 06:46:18] local.ERROR: {closure:{closure:/home/clj/repo/bckgrnd-msc/floor-desktop/bootstrap/app.php:33}:42}(): Argument #2 ($request) must be of type Request, Illuminate\Http\Request given, called in /home/clj/repo/bckgrnd-msc/floor-desktop/vendor/laravel/framework/src/Illuminate/Foundation/Exceptions/Handler.php on line 717 {"exception":"[object] (TypeError(code: 0): {closure:{closure:/home/clj/repo/bckgrnd-msc/floor-desktop/bootstrap/app.php:33}:42}(): Argument #2 ($request) must be of type Request, Illuminate\\Http\\Request given, called in /home/clj/repo/bckgrnd-msc/floor-desktop/vendor/laravel/framework/src/Illuminate/Foundation/Exceptions/Handler.php on line 717 at /home/clj/repo/bckgrnd-msc/floor-desktop/bootstrap/app.php:42)
[stacktrace]
#0 /home/clj/repo/bckgrnd-msc/floor-desktop/vendor/laravel/framework/src/Illuminate/Foundation/Exceptions/Handler.php(717): {closure:{closure:/home/clj/repo/bckgrnd-msc/floor-desktop/bootstrap/app.php:33}:42}()
#1 /home/clj/repo/bckgrnd-msc/floor-desktop/vendor/laravel/framework/src/Illuminate/Foundation/Exceptions/Handler.php(618): Illuminate\\Foundation\\Exceptions\\Handler->renderViaCallbacks()
#2 /home/clj/repo/bckgrnd-msc/floor-desktop/vendor/laravel/framework/src/Illuminate/Routing/Pipeline.php(51): Illuminate\\Foundation\\Exceptions\\Handler->render()
#3 /home/clj/repo/bckgrnd-msc/floor-desktop/vendor/laravel/framework/src/Illuminate/Pipeline/Pipeline.php(224): Illuminate\\Routing\\Pipeline->handleException()
#4 /home/clj/repo/bckgrnd-msc/floor-desktop/vendor/laravel/framework/src/Illuminate/Pipeline/Pipeline.php(137): Illuminate\\Pipeline\\Pipeline->{closure:{closure:Illuminate\\Pipeline\\Pipeline::carry():194}:195}()
#5 /home/clj/repo/bckgrnd-msc/floor-desktop/vendor/laravel/framework/src/Illuminate/Foundation/Http/Kernel.php(175): Illuminate\\Pipeline\\Pipeline->then()
#6 /home/clj/repo/bckgrnd-msc/floor-desktop/vendor/laravel/framework/src/Illuminate/Foundation/Http/Kernel.php(144): Illuminate\\Foundation\\Http\\Kernel->sendRequestThroughRouter()
#7 /home/clj/repo/bckgrnd-msc/floor-desktop/vendor/laravel/framework/src/Illuminate/Foundation/Application.php(1220): Illuminate\\Foundation\\Http\\Kernel->handle()
#8 /home/clj/repo/bckgrnd-msc/floor-desktop/public/index.php(22): Illuminate\\Foundation\\Application->handleRequest()
#9 /home/clj/repo/bckgrnd-msc/floor-desktop/vendor/laravel/framework/src/Illuminate/Foundation/resources/server.php(23): require_once('...')
#10 {main}
"} 
[2026-10-02 06:46:18] local.ERROR: {closure:{closure:/home/clj/repo/bckgrnd-msc/floor-desktop/bootstrap/app.php:33}:42}(): Argument #2 ($request) must be of type Request, Illuminate\Http\Request given, called in /home/clj/repo/bckgrnd-msc/floor-desktop/vendor/laravel/framework/src/Illuminate/Foundation/Exceptions/Handler.php on line 717 {"exception":"[object] (TypeError(code: 0): {closure:{closure:/home/clj/repo/bckgrnd-msc/floor-desktop/bootstrap/app.php:33}:42}(): Argument #2 ($request) must be of type Request, Illuminate\\Http\\Request given, called in /home/clj/repo/bckgrnd-msc/floor-desktop/vendor/laravel/framework/src/Illuminate/Foundation/Exceptions/Handler.php on line 717 at /home/clj/repo/bckgrnd-msc/floor-desktop/bootstrap/app.php:42)
[stacktrace]
#0 /home/clj/repo/bckgrnd-msc/floor-desktop/vendor/laravel/framework/src/Illuminate/Foundation/Exceptions/Handler.php(717): {closure:{closure:/home/clj/repo/bckgrnd-msc/floor-desktop/bootstrap/app.php:33}:42}()
#1 /home/clj/repo/bckgrnd-msc/floor-desktop/vendor/laravel/framework/src/Illuminate/Foundation/Exceptions/Handler.php(618): Illuminate\\Foundation\\Exceptions\\Handler->renderViaCallbacks()
#2 /home/clj/repo/bckgrnd-msc/floor-desktop/vendor/laravel/framework/src/Illuminate/Foundation/Http/Kernel.php(574): Illuminate\\Foundation\\Exceptions\\Handler->render()
#3 /home/clj/repo/bckgrnd-msc/floor-desktop/vendor/laravel/framework/src/Illuminate/Foundation/Http/Kernel.php(148): Illuminate\\Foundation\\Http\\Kernel->renderException()
#4 /home/clj/repo/bckgrnd-msc/floor-desktop/vendor/laravel/framework/src/Illuminate/Foundation/Application.php(1220): Illuminate\\Foundation\\Http\\Kernel->handle()
#5 /home/clj/repo/bckgrnd-msc/floor-desktop/public/index.php(22): Illuminate\\Foundation\\Application->handleRequest()
#6 /home/clj/repo/bckgrnd-msc/floor-desktop/vendor/laravel/framework/src/Illuminate/Foundation/resources/server.php(23): require_once('...')
#7 {main}
"} 
[2026-10-02 06:46:18] local.ERROR: Uncaught TypeError: {closure:{closure:/home/clj/repo/bckgrnd-msc/floor-desktop/bootstrap/app.php:33}:42}(): Argument #2 ($request) must be of type Request, Illuminate\Http\Request given, called in /home/clj/repo/bckgrnd-msc/floor-desktop/vendor/laravel/framework/src/Illuminate/Foundation/Exceptions/Handler.php on line 717 and defined in /home/clj/repo/bckgrnd-msc/floor-desktop/bootstrap/app.php:42
Stack trace:
#0 /home/clj/repo/bckgrnd-msc/floor-desktop/vendor/laravel/framework/src/Illuminate/Foundation/Exceptions/Handler.php(717): {closure:{closure:/home/clj/repo/bckgrnd-msc/floor-desktop/bootstrap/app.php:33}:42}()
#1 /home/clj/repo/bckgrnd-msc/floor-desktop/vendor/laravel/framework/src/Illuminate/Foundation/Exceptions/Handler.php(618): Illuminate\Foundation\Exceptions\Handler->renderViaCallbacks()
#2 /home/clj/repo/bckgrnd-msc/floor-desktop/vendor/laravel/framework/src/Illuminate/Foundation/Bootstrap/HandleExceptions.php(225): Illuminate\Foundation\Exceptions\Handler->render()
#3 /home/clj/repo/bckgrnd-msc/floor-desktop/vendor/laravel/framework/src/Illuminate/Foundation/Bootstrap/HandleExceptions.php(202): Illuminate\Foundation\Bootstrap\HandleExceptions->renderHttpResponse()
#4 /home/clj/repo/bckgrnd-msc/floor-desktop/vendor/laravel/framework/src/Illuminate/Foundation/Bootstrap/HandleExceptions.php(262): Illuminate\Foundation\Bootstrap\HandleExceptions->handleException()
#5 [internal function]: Illuminate\Foundation\Bootstrap\HandleExceptions->{closure:Illuminate\Foundation\Bootstrap\HandleExceptions::forwardsTo():261}()
#6 {main}
  thrown {"exception":"[object] (Symfony\\Component\\ErrorHandler\\Error\\FatalError(code: 0): Uncaught TypeError: {closure:{closure:/home/clj/repo/bckgrnd-msc/floor-desktop/bootstrap/app.php:33}:42}(): Argument #2 ($request) must be of type Request, Illuminate\\Http\\Request given, called in /home/clj/repo/bckgrnd-msc/floor-desktop/vendor/laravel/framework/src/Illuminate/Foundation/Exceptions/Handler.php on line 717 and defined in /home/clj/repo/bckgrnd-msc/floor-desktop/bootstrap/app.php:42
Stack trace:
#0 /home/clj/repo/bckgrnd-msc/floor-desktop/vendor/laravel/framework/src/Illuminate/Foundation/Exceptions/Handler.php(717): {closure:{closure:/home/clj/repo/bckgrnd-msc/floor-desktop/bootstrap/app.php:33}:42}()
#1 /home/clj/repo/bckgrnd-msc/floor-desktop/vendor/laravel/framework/src/Illuminate/Foundation/Exceptions/Handler.php(618): Illuminate\\Foundation\\Exceptions\\Handler->renderViaCallbacks()
#2 /home/clj/repo/bckgrnd-msc/floor-desktop/vendor/laravel/framework/src/Illuminate/Foundation/Bootstrap/HandleExceptions.php(225): Illuminate\\Foundation\\Exceptions\\Handler->render()
#3 /home/clj/repo/bckgrnd-msc/floor-desktop/vendor/laravel/framework/src/Illuminate/Foundation/Bootstrap/HandleExceptions.php(202): Illuminate\\Foundation\\Bootstrap\\HandleExceptions->renderHttpResponse()
#4 /home/clj/repo/bckgrnd-msc/floor-desktop/vendor/laravel/framework/src/Illuminate/Foundation/Bootstrap/HandleExceptions.php(262): Illuminate\\Foundation\\Bootstrap\\HandleExceptions->handleException()
#5 [internal function]: Illuminate\\Foundation\\Bootstrap\\HandleExceptions->{closure:Illuminate\\Foundation\\Bootstrap\\HandleExceptions::forwardsTo():261}()
#6 {main}
  thrown at /home/clj/repo/bckgrnd-msc/floor-desktop/bootstrap/app.php:42)
[stacktrace]
#0 {main}
"} 
[2026-10-02 06:46:18] local.ERROR: {closure:{closure:/home/clj/repo/bckgrnd-msc/floor-desktop/bootstrap/app.php:33}:42}(): Argument #2 ($request) must be of type Request, Illuminate\Http\Request given, called in /home/clj/repo/bckgrnd-msc/floor-desktop/vendor/laravel/framework/src/Illuminate/Foundation/Exceptions/Handler.php on line 717 {"exception":"[object] (TypeError(code: 0): {closure:{closure:/home/clj/repo/bckgrnd-msc/floor-desktop/bootstrap/app.php:33}:42}(): Argument #2 ($request) must be of type Request, Illuminate\\Http\\Request given, called in /home/clj/repo/bckgrnd-msc/floor-desktop/vendor/laravel/framework/src/Illuminate/Foundation/Exceptions/Handler.php on line 717 at /home/clj/repo/bckgrnd-msc/floor-desktop/bootstrap/app.php:42)
[stacktrace]
#0 /home/clj/repo/bckgrnd-msc/floor-desktop/vendor/laravel/framework/src/Illuminate/Foundation/Exceptions/Handler.php(717): {closure:{closure:/home/clj/repo/bckgrnd-msc/floor-desktop/bootstrap/app.php:33}:42}()
#1 /home/clj/repo/bckgrnd-msc/floor-desktop/vendor/laravel/framework/src/Illuminate/Foundation/Exceptions/Handler.php(618): Illuminate\\Foundation\\Exceptions\\Handler->renderViaCallbacks()
#2 /home/clj/repo/bckgrnd-msc/floor-desktop/vendor/laravel/framework/src/Illuminate/Routing/Pipeline.php(51): Illuminate\\Foundation\\Exceptions\\Handler->render()
#3 /home/clj/repo/bckgrnd-msc/floor-desktop/vendor/laravel/framework/src/Illuminate/Pipeline/Pipeline.php(182): Illuminate\\Routing\\Pipeline->handleException()
#4 /home/clj/repo/bckgrnd-msc/floor-desktop/vendor/laravel/framework/src/Illuminate/Foundation/Http/Middleware/TransformsRequest.php(21): Illuminate\\Pipeline\\Pipeline->{closure:Illuminate\\Pipeline\\Pipeline::prepareDestination():178}()
#5 /home/clj/repo/bckgrnd-msc/floor-desktop/vendor/laravel/framework/src/Illuminate/Foundation/Http/Middleware/ConvertEmptyStringsToNull.php(31): Illuminate\\Foundation\\Http\\Middleware\\TransformsRequest->handle()
#6 /home/clj/repo/bckgrnd-msc/floor-desktop/vendor/laravel/framework/src/Illuminate/Pipeline/Pipeline.php(219): Illuminate\\Foundation\\Http\\Middleware\\ConvertEmptyStringsToNull->handle()
#7 /home/clj/repo/bckgrnd-msc/floor-desktop/vendor/laravel/framework/src/Illuminate/Foundation/Http/Middleware/TransformsRequest.php(21): Illuminate\\Pipeline\\Pipeline->{closure:{closure:Illuminate\\Pipeline\\Pipeline::carry():194}:195}()
#8 /home/clj/repo/bckgrnd-msc/floor-desktop/vendor/laravel/framework/src/Illuminate/Foundation/Http/Middleware/TrimStrings.php(51): Illuminate\\Foundation\\Http\\Middleware\\TransformsRequest->handle()
#9 /home/clj/repo/bckgrnd-msc/floor-desktop/vendor/laravel/framework/src/Illuminate/Pipeline/Pipeline.php(219): Illuminate\\Foundation\\Http\\Middleware\\TrimStrings->handle()
#10 /home/clj/repo/bckgrnd-msc/floor-desktop/vendor/laravel/framework/src/Illuminate/Http/Middleware/ValidatePostSize.php(27): Illuminate\\Pipeline\\Pipeline->{closure:{closure:Illuminate\\Pipeline\\Pipeline::carry():194}:195}()
#11 /home/clj/repo/bckgrnd-msc/floor-desktop/vendor/laravel/framework/src/Illuminate/Pipeline/Pipeline.php(219): Illuminate\\Http\\Middleware\\ValidatePostSize->handle()
#12 /home/clj/repo/bckgrnd-msc/floor-desktop/vendor/laravel/framework/src/Illuminate/Foundation/Http/Middleware/PreventRequestsDuringMaintenance.php(109): Illuminate\\Pipeline\\Pipeline->{closure:{closure:Illuminate\\Pipeline\\Pipeline::carry():194}:195}()
#13 /home/clj/repo/bckgrnd-msc/floor-desktop/vendor/laravel/framework/src/Illuminate/Pipeline/Pipeline.php(219): Illuminate\\Foundation\\Http\\Middleware\\PreventRequestsDuringMaintenance->handle()
#14 /home/clj/repo/bckgrnd-msc/floor-desktop/vendor/laravel/framework/src/Illuminate/Http/Middleware/HandleCors.php(74): Illuminate\\Pipeline\\Pipeline->{closure:{closure:Illuminate\\Pipeline\\Pipeline::carry():194}:195}()
#15 /home/clj/repo/bckgrnd-msc/floor-desktop/vendor/laravel/framework/src/Illuminate/Pipeline/Pipeline.php(219): Illuminate\\Http\\Middleware\\HandleCors->handle()
#16 /home/clj/repo/bckgrnd-msc/floor-desktop/vendor/laravel/framework/src/Illuminate/Http/Middleware/TrustProxies.php(58): Illuminate\\Pipeline\\Pipeline->{closure:{closure:Illuminate\\Pipeline\\Pipeline::carry():194}:195}()
#17 /home/clj/repo/bckgrnd-msc/floor-desktop/vendor/laravel/framework/src/Illuminate/Pipeline/Pipeline.php(219): Illuminate\\Http\\Middleware\\TrustProxies->handle()
#18 /home/clj/repo/bckgrnd-msc/floor-desktop/vendor/laravel/framework/src/Illuminate/Foundation/Http/Middleware/InvokeDeferredCallbacks.php(22): Illuminate\\Pipeline\\Pipeline->{closure:{closure:Illuminate\\Pipeline\\Pipeline::carry():194}:195}()
#19 /home/clj/repo/bckgrnd-msc/floor-desktop/vendor/laravel/framework/src/Illuminate/Pipeline/Pipeline.php(219): Illuminate\\Foundation\\Http\\Middleware\\InvokeDeferredCallbacks->handle()
#20 /home/clj/repo/bckgrnd-msc/floor-desktop/vendor/laravel/framework/src/Illuminate/Http/Middleware/ValidatePathEncoding.php(26): Illuminate\\Pipeline\\Pipeline->{closure:{closure:Illuminate\\Pipeline\\Pipeline::carry():194}:195}()
#21 /home/clj/repo/bckgrnd-msc/floor-desktop/vendor/laravel/framework/src/Illuminate/Pipeline/Pipeline.php(219): Illuminate\\Http\\Middleware\\ValidatePathEncoding->handle()
#22 /home/clj/repo/bckgrnd-msc/floor-desktop/vendor/laravel/framework/src/Illuminate/Pipeline/Pipeline.php(137): Illuminate\\Pipeline\\Pipeline->{closure:{closure:Illuminate\\Pipeline\\Pipeline::carry():194}:195}()
#23 /home/clj/repo/bckgrnd-msc/floor-desktop/vendor/laravel/framework/src/Illuminate/Foundation/Http/Kernel.php(175): Illuminate\\Pipeline\\Pipeline->then()
#24 /home/clj/repo/bckgrnd-msc/floor-desktop/vendor/laravel/framework/src/Illuminate/Foundation/Http/Kernel.php(144): Illuminate\\Foundation\\Http\\Kernel->sendRequestThroughRouter()
#25 /home/clj/repo/bckgrnd-msc/floor-desktop/vendor/laravel/framework/src/Illuminate/Foundation/Application.php(1220): Illuminate\\Foundation\\Http\\Kernel->handle()
#26 /home/clj/repo/bckgrnd-msc/floor-desktop/public/index.php(22): Illuminate\\Foundation\\Application->handleRequest()
#27 /home/clj/repo/bckgrnd-msc/floor-desktop/vendor/laravel/framework/src/Illuminate/Foundation/resources/server.php(23): require_once('...')
#28 {main}
"} 
[2026-10-02 06:46:18] local.ERROR: {closure:{closure:/home/clj/repo/bckgrnd-msc/floor-desktop/bootstrap/app.php:33}:42}(): Argument #2 ($request) must be of type Request, Illuminate\Http\Request given, called in /home/clj/repo/bckgrnd-msc/floor-desktop/vendor/laravel/framework/src/Illuminate/Foundation/Exceptions/Handler.php on line 717 {"exception":"[object] (TypeError(code: 0): {closure:{closure:/home/clj/repo/bckgrnd-msc/floor-desktop/bootstrap/app.php:33}:42}(): Argument #2 ($request) must be of type Request, Illuminate\\Http\\Request given, called in /home/clj/repo/bckgrnd-msc/floor-desktop/vendor/laravel/framework/src/Illuminate/Foundation/Exceptions/Handler.php on line 717 at /home/clj/repo/bckgrnd-msc/floor-desktop/bootstrap/app.php:42)
[stacktrace]
#0 /home/clj/repo/bckgrnd-msc/floor-desktop/vendor/laravel/framework/src/Illuminate/Foundation/Exceptions/Handler.php(717): {closure:{closure:/home/clj/repo/bckgrnd-msc/floor-desktop/bootstrap/app.php:33}:42}()
#1 /home/clj/repo/bckgrnd-msc/floor-desktop/vendor/laravel/framework/src/Illuminate/Foundation/Exceptions/Handler.php(618): Illuminate\\Foundation\\Exceptions\\Handler->renderViaCallbacks()
#2 /home/clj/repo/bckgrnd-msc/floor-desktop/vendor/laravel/framework/src/Illuminate/Routing/Pipeline.php(51): Illuminate\\Foundation\\Exceptions\\Handler->render()
#3 /home/clj/repo/bckgrnd-msc/floor-desktop/vendor/laravel/framework/src/Illuminate/Pipeline/Pipeline.php(224): Illuminate\\Routing\\Pipeline->handleException()
#4 /home/clj/repo/bckgrnd-msc/floor-desktop/vendor/laravel/framework/src/Illuminate/Foundation/Http/Middleware/TransformsRequest.php(21): Illuminate\\Pipeline\\Pipeline->{closure:{closure:Illuminate\\Pipeline\\Pipeline::carry():194}:195}()
#5 /home/clj/repo/bckgrnd-msc/floor-desktop/vendor/laravel/framework/src/Illuminate/Foundation/Http/Middleware/TrimStrings.php(51): Illuminate\\Foundation\\Http\\Middleware\\TransformsRequest->handle()
#6 /home/clj/repo/bckgrnd-msc/floor-desktop/vendor/laravel/framework/src/Illuminate/Pipeline/Pipeline.php(219): Illuminate\\Foundation\\Http\\Middleware\\TrimStrings->handle()
#7 /home/clj/repo/bckgrnd-msc/floor-desktop/vendor/laravel/framework/src/Illuminate/Http/Middleware/ValidatePostSize.php(27): Illuminate\\Pipeline\\Pipeline->{closure:{closure:Illuminate\\Pipeline\\Pipeline::carry():194}:195}()
#8 /home/clj/repo/bckgrnd-msc/floor-desktop/vendor/laravel/framework/src/Illuminate/Pipeline/Pipeline.php(219): Illuminate\\Http\\Middleware\\ValidatePostSize->handle()
#9 /home/clj/repo/bckgrnd-msc/floor-desktop/vendor/laravel/framework/src/Illuminate/Foundation/Http/Middleware/PreventRequestsDuringMaintenance.php(109): Illuminate\\Pipeline\\Pipeline->{closure:{closure:Illuminate\\Pipeline\\Pipeline::carry():194}:195}()
#10 /home/clj/repo/bckgrnd-msc/floor-desktop/vendor/laravel/framework/src/Illuminate/Pipeline/Pipeline.php(219): Illuminate\\Foundation\\Http\\Middleware\\PreventRequestsDuringMaintenance->handle()
#11 /home/clj/repo/bckgrnd-msc/floor-desktop/vendor/laravel/framework/src/Illuminate/Http/Middleware/HandleCors.php(74): Illuminate\\Pipeline\\Pipeline->{closure:{closure:Illuminate\\Pipeline\\Pipeline::carry():194}:195}()
#12 /home/clj/repo/bckgrnd-msc/floor-desktop/vendor/laravel/framework/src/Illuminate/Pipeline/Pipeline.php(219): Illuminate\\Http\\Middleware\\HandleCors->handle()
#13 /home/clj/repo/bckgrnd-msc/floor-desktop/vendor/laravel/framework/src/Illuminate/Http/Middleware/TrustProxies.php(58): Illuminate\\Pipeline\\Pipeline->{closure:{closure:Illuminate\\Pipeline\\Pipeline::carry():194}:195}()
#14 /home/clj/repo/bckgrnd-msc/floor-desktop/vendor/laravel/framework/src/Illuminate/Pipeline/Pipeline.php(219): Illuminate\\Http\\Middleware\\TrustProxies->handle()
#15 /home/clj/repo/bckgrnd-msc/floor-desktop/vendor/laravel/framework/src/Illuminate/Foundation/Http/Middleware/InvokeDeferredCallbacks.php(22): Illuminate\\Pipeline\\Pipeline->{closure:{closure:Illuminate\\Pipeline\\Pipeline::carry():194}:195}()
#16 /home/clj/repo/bckgrnd-msc/floor-desktop/vendor/laravel/framework/src/Illuminate/Pipeline/Pipeline.php(219): Illuminate\\Foundation\\Http\\Middleware\\InvokeDeferredCallbacks->handle()
#17 /home/clj/repo/bckgrnd-msc/floor-desktop/vendor/laravel/framework/src/Illuminate/Http/Middleware/ValidatePathEncoding.php(26): Illuminate\\Pipeline\\Pipeline->{closure:{closure:Illuminate\\Pipeline\\Pipeline::carry():194}:195}()
#18 /home/clj/repo/bckgrnd-msc/floor-desktop/vendor/laravel/framework/src/Illuminate/Pipeline/Pipeline.php(219): Illuminate\\Http\\Middleware\\ValidatePathEncoding->handle()
#19 /home/clj/repo/bckgrnd-msc/floor-desktop/vendor/laravel/framework/src/Illuminate/Pipeline/Pipeline.php(137): Illuminate\\Pipeline\\Pipeline->{closure:{closure:Illuminate\\Pipeline\\Pipeline::carry():194}:195}()
#20 /home/clj/repo/bckgrnd-msc/floor-desktop/vendor/laravel/framework/src/Illuminate/Foundation/Http/Kernel.php(175): Illuminate\\Pipeline\\Pipeline->then()
#21 /home/clj/repo/bckgrnd-msc/floor-desktop/vendor/laravel/framework/src/Illuminate/Foundation/Http/Kernel.php(144): Illuminate\\Foundation\\Http\\Kernel->sendRequestThroughRouter()
#22 /home/clj/repo/bckgrnd-msc/floor-desktop/vendor/laravel/framework/src/Illuminate/Foundation/Application.php(1220): Illuminate\\Foundation\\Http\\Kernel->handle()
#23 /home/clj/repo/bckgrnd-msc/floor-desktop/public/index.php(22): Illuminate\\Foundation\\Application->handleRequest()
#24 /home/clj/repo/bckgrnd-msc/floor-desktop/vendor/laravel/framework/src/Illuminate/Foundation/resources/server.php(23): require_once('...')
#25 {main}
"} 
[2026-10-02 06:46:18] local.ERROR: {closure:{closure:/home/clj/repo/bckgrnd-msc/floor-desktop/bootstrap/app.php:33}:42}(): Argument #2 ($request) must be of type Request, Illuminate\Http\Request given, called in /home/clj/repo/bckgrnd-msc/floor-desktop/vendor/laravel/framework/src/Illuminate/Foundation/Exceptions/Handler.php on line 717 {"exception":"[object] (TypeError(code: 0): {closure:{closure:/home/clj/repo/bckgrnd-msc/floor-desktop/bootstrap/app.php:33}:42}(): Argument #2 ($request) must be of type Request, Illuminate\\Http\\Request given, called in /home/clj/repo/bckgrnd-msc/floor-desktop/vendor/laravel/framework/src/Illuminate/Foundation/Exceptions/Handler.php on line 717 at /home/clj/repo/bckgrnd-msc/floor-desktop/bootstrap/app.php:42)
[stacktrace]
#0 /home/clj/repo/bckgrnd-msc/floor-desktop/vendor/laravel/framework/src/Illuminate/Foundation/Exceptions/Handler.php(717): {closure:{closure:/home/clj/repo/bckgrnd-msc/floor-desktop/bootstrap/app.php:33}:42}()
#1 /home/clj/repo/bckgrnd-msc/floor-desktop/vendor/laravel/framework/src/Illuminate/Foundation/Exceptions/Handler.php(618): Illuminate\\Foundation\\Exceptions\\Handler->renderViaCallbacks()
#2 /home/clj/repo/bckgrnd-msc/floor-desktop/vendor/laravel/framework/src/Illuminate/Routing/Pipeline.php(51): Illuminate\\Foundation\\Exceptions\\Handler->render()
#3 /home/clj/repo/bckgrnd-msc/floor-desktop/vendor/laravel/framework/src/Illuminate/Pipeline/Pipeline.php(224): Illuminate\\Routing\\Pipeline->handleException()
#4 /home/clj/repo/bckgrnd-msc/floor-desktop/vendor/laravel/framework/src/Illuminate/Http/Middleware/ValidatePostSize.php(27): Illuminate\\Pipeline\\Pipeline->{closure:{closure:Illuminate\\Pipeline\\Pipeline::carry():194}:195}()
#5 /home/clj/repo/bckgrnd-msc/floor-desktop/vendor/laravel/framework/src/Illuminate/Pipeline/Pipeline.php(219): Illuminate\\Http\\Middleware\\ValidatePostSize->handle()
#6 /home/clj/repo/bckgrnd-msc/floor-desktop/vendor/laravel/framework/src/Illuminate/Foundation/Http/Middleware/PreventRequestsDuringMaintenance.php(109): Illuminate\\Pipeline\\Pipeline->{closure:{closure:Illuminate\\Pipeline\\Pipeline::carry():194}:195}()
#7 /home/clj/repo/bckgrnd-msc/floor-desktop/vendor/laravel/framework/src/Illuminate/Pipeline/Pipeline.php(219): Illuminate\\Foundation\\Http\\Middleware\\PreventRequestsDuringMaintenance->handle()
#8 /home/clj/repo/bckgrnd-msc/floor-desktop/vendor/laravel/framework/src/Illuminate/Http/Middleware/HandleCors.php(74): Illuminate\\Pipeline\\Pipeline->{closure:{closure:Illuminate\\Pipeline\\Pipeline::carry():194}:195}()
#9 /home/clj/repo/bckgrnd-msc/floor-desktop/vendor/laravel/framework/src/Illuminate/Pipeline/Pipeline.php(219): Illuminate\\Http\\Middleware\\HandleCors->handle()
#10 /home/clj/repo/bckgrnd-msc/floor-desktop/vendor/laravel/framework/src/Illuminate/Http/Middleware/TrustProxies.php(58): Illuminate\\Pipeline\\Pipeline->{closure:{closure:Illuminate\\Pipeline\\Pipeline::carry():194}:195}()
#11 /home/clj/repo/bckgrnd-msc/floor-desktop/vendor/laravel/framework/src/Illuminate/Pipeline/Pipeline.php(219): Illuminate\\Http\\Middleware\\TrustProxies->handle()
#12 /home/clj/repo/bckgrnd-msc/floor-desktop/vendor/laravel/framework/src/Illuminate/Foundation/Http/Middleware/InvokeDeferredCallbacks.php(22): Illuminate\\Pipeline\\Pipeline->{closure:{closure:Illuminate\\Pipeline\\Pipeline::carry():194}:195}()
#13 /home/clj/repo/bckgrnd-msc/floor-desktop/vendor/laravel/framework/src/Illuminate/Pipeline/Pipeline.php(219): Illuminate\\Foundation\\Http\\Middleware\\InvokeDeferredCallbacks->handle()
#14 /home/clj/repo/bckgrnd-msc/floor-desktop/vendor/laravel/framework/src/Illuminate/Http/Middleware/ValidatePathEncoding.php(26): Illuminate\\Pipeline\\Pipeline->{closure:{closure:Illuminate\\Pipeline\\Pipeline::carry():194}:195}()
#15 /home/clj/repo/bckgrnd-msc/floor-desktop/vendor/laravel/framework/src/Illuminate/Pipeline/Pipeline.php(219): Illuminate\\Http\\Middleware\\ValidatePathEncoding->handle()
#16 /home/clj/repo/bckgrnd-msc/floor-desktop/vendor/laravel/framework/src/Illuminate/Pipeline/Pipeline.php(137): Illuminate\\Pipeline\\Pipeline->{closure:{closure:Illuminate\\Pipeline\\Pipeline::carry():194}:195}()
#17 /home/clj/repo/bckgrnd-msc/floor-desktop/vendor/laravel/framework/src/Illuminate/Foundation/Http/Kernel.php(175): Illuminate\\Pipeline\\Pipeline->then()
#18 /home/clj/repo/bckgrnd-msc/floor-desktop/vendor/laravel/framework/src/Illuminate/Foundation/Http/Kernel.php(144): Illuminate\\Foundation\\Http\\Kernel->sendRequestThroughRouter()
#19 /home/clj/repo/bckgrnd-msc/floor-desktop/vendor/laravel/framework/src/Illuminate/Foundation/Application.php(1220): Illuminate\\Foundation\\Http\\Kernel->handle()
#20 /home/clj/repo/bckgrnd-msc/floor-desktop/public/index.php(22): Illuminate\\Foundation\\Application->handleRequest()
#21 /home/clj/repo/bckgrnd-msc/floor-desktop/vendor/laravel/framework/src/Illuminate/Foundation/resources/server.php(23): require_once('...')
#22 {main}
"} 
[2026-10-02 06:46:18] local.ERROR: {closure:{closure:/home/clj/repo/bckgrnd-msc/floor-desktop/bootstrap/app.php:33}:42}(): Argument #2 ($request) must be of type Request, Illuminate\Http\Request given, called in /home/clj/repo/bckgrnd-msc/floor-desktop/vendor/laravel/framework/src/Illuminate/Foundation/Exceptions/Handler.php on line 717 {"exception":"[object] (TypeError(code: 0): {closure:{closure:/home/clj/repo/bckgrnd-msc/floor-desktop/bootstrap/app.php:33}:42}(): Argument #2 ($request) must be of type Request, Illuminate\\Http\\Request given, called in /home/clj/repo/bckgrnd-msc/floor-desktop/vendor/laravel/framework/src/Illuminate/Foundation/Exceptions/Handler.php on line 717 at /home/clj/repo/bckgrnd-msc/floor-desktop/bootstrap/app.php:42)
[stacktrace]
#0 /home/clj/repo/bckgrnd-msc/floor-desktop/vendor/laravel/framework/src/Illuminate/Foundation/Exceptions/Handler.php(717): {closure:{closure:/home/clj/repo/bckgrnd-msc/floor-desktop/bootstrap/app.php:33}:42}()
#1 /home/clj/repo/bckgrnd-msc/floor-desktop/vendor/laravel/framework/src/Illuminate/Foundation/Exceptions/Handler.php(618): Illuminate\\Foundation\\Exceptions\\Handler->renderViaCallbacks()
#2 /home/clj/repo/bckgrnd-msc/floor-desktop/vendor/laravel/framework/src/Illuminate/Routing/Pipeline.php(51): Illuminate\\Foundation\\Exceptions\\Handler->render()
#3 /home/clj/repo/bckgrnd-msc/floor-desktop/vendor/laravel/framework/src/Illuminate/Pipeline/Pipeline.php(224): Illuminate\\Routing\\Pipeline->handleException()
#4 /home/clj/repo/bckgrnd-msc/floor-desktop/vendor/laravel/framework/src/Illuminate/Foundation/Http/Middleware/PreventRequestsDuringMaintenance.php(109): Illuminate\\Pipeline\\Pipeline->{closure:{closure:Illuminate\\Pipeline\\Pipeline::carry():194}:195}()
#5 /home/clj/repo/bckgrnd-msc/floor-desktop/vendor/laravel/framework/src/Illuminate/Pipeline/Pipeline.php(219): Illuminate\\Foundation\\Http\\Middleware\\PreventRequestsDuringMaintenance->handle()
#6 /home/clj/repo/bckgrnd-msc/floor-desktop/vendor/laravel/framework/src/Illuminate/Http/Middleware/HandleCors.php(74): Illuminate\\Pipeline\\Pipeline->{closure:{closure:Illuminate\\Pipeline\\Pipeline::carry():194}:195}()
#7 /home/clj/repo/bckgrnd-msc/floor-desktop/vendor/laravel/framework/src/Illuminate/Pipeline/Pipeline.php(219): Illuminate\\Http\\Middleware\\HandleCors->handle()
#8 /home/clj/repo/bckgrnd-msc/floor-desktop/vendor/laravel/framework/src/Illuminate/Http/Middleware/TrustProxies.php(58): Illuminate\\Pipeline\\Pipeline->{closure:{closure:Illuminate\\Pipeline\\Pipeline::carry():194}:195}()
#9 /home/clj/repo/bckgrnd-msc/floor-desktop/vendor/laravel/framework/src/Illuminate/Pipeline/Pipeline.php(219): Illuminate\\Http\\Middleware\\TrustProxies->handle()
#10 /home/clj/repo/bckgrnd-msc/floor-desktop/vendor/laravel/framework/src/Illuminate/Foundation/Http/Middleware/InvokeDeferredCallbacks.php(22): Illuminate\\Pipeline\\Pipeline->{closure:{closure:Illuminate\\Pipeline\\Pipeline::carry():194}:195}()
#11 /home/clj/repo/bckgrnd-msc/floor-desktop/vendor/laravel/framework/src/Illuminate/Pipeline/Pipeline.php(219): Illuminate\\Foundation\\Http\\Middleware\\InvokeDeferredCallbacks->handle()
#12 /home/clj/repo/bckgrnd-msc/floor-desktop/vendor/laravel/framework/src/Illuminate/Http/Middleware/ValidatePathEncoding.php(26): Illuminate\\Pipeline\\Pipeline->{closure:{closure:Illuminate\\Pipeline\\Pipeline::carry():194}:195}()
#13 /home/clj/repo/bckgrnd-msc/floor-desktop/vendor/laravel/framework/src/Illuminate/Pipeline/Pipeline.php(219): Illuminate\\Http\\Middleware\\ValidatePathEncoding->handle()
#14 /home/clj/repo/bckgrnd-msc/floor-desktop/vendor/laravel/framework/src/Illuminate/Pipeline/Pipeline.php(137): Illuminate\\Pipeline\\Pipeline->{closure:{closure:Illuminate\\Pipeline\\Pipeline::carry():194}:195}()
#15 /home/clj/repo/bckgrnd-msc/floor-desktop/vendor/laravel/framework/src/Illuminate/Foundation/Http/Kernel.php(175): Illuminate\\Pipeline\\Pipeline->then()
#16 /home/clj/repo/bckgrnd-msc/floor-desktop/vendor/laravel/framework/src/Illuminate/Foundation/Http/Kernel.php(144): Illuminate\\Foundation\\Http\\Kernel->sendRequestThroughRouter()
#17 /home/clj/repo/bckgrnd-msc/floor-desktop/vendor/laravel/framework/src/Illuminate/Foundation/Application.php(1220): Illuminate\\Foundation\\Http\\Kernel->handle()
#18 /home/clj/repo/bckgrnd-msc/floor-desktop/public/index.php(22): Illuminate\\Foundation\\Application->handleRequest()
#19 /home/clj/repo/bckgrnd-msc/floor-desktop/vendor/laravel/framework/src/Illuminate/Foundation/resources/server.php(23): require_once('...')
#20 {main}
"} 
[2026-10-02 06:46:18] local.ERROR: {closure:{closure:/home/clj/repo/bckgrnd-msc/floor-desktop/bootstrap/app.php:33}:42}(): Argument #2 ($request) must be of type Request, Illuminate\Http\Request given, called in /home/clj/repo/bckgrnd-msc/floor-desktop/vendor/laravel/framework/src/Illuminate/Foundation/Exceptions/Handler.php on line 717 {"exception":"[object] (TypeError(code: 0): {closure:{closure:/home/clj/repo/bckgrnd-msc/floor-desktop/bootstrap/app.php:33}:42}(): Argument #2 ($request) must be of type Request, Illuminate\\Http\\Request given, called in /home/clj/repo/bckgrnd-msc/floor-desktop/vendor/laravel/framework/src/Illuminate/Foundation/Exceptions/Handler.php on line 717 at /home/clj/repo/bckgrnd-msc/floor-desktop/bootstrap/app.php:42)
[stacktrace]
#0 /home/clj/repo/bckgrnd-msc/floor-desktop/vendor/laravel/framework/src/Illuminate/Foundation/Exceptions/Handler.php(717): {closure:{closure:/home/clj/repo/bckgrnd-msc/floor-desktop/bootstrap/app.php:33}:42}()
#1 /home/clj/repo/bckgrnd-msc/floor-desktop/vendor/laravel/framework/src/Illuminate/Foundation/Exceptions/Handler.php(618): Illuminate\\Foundation\\Exceptions\\Handler->renderViaCallbacks()
#2 /home/clj/repo/bckgrnd-msc/floor-desktop/vendor/laravel/framework/src/Illuminate/Routing/Pipeline.php(51): Illuminate\\Foundation\\Exceptions\\Handler->render()
#3 /home/clj/repo/bckgrnd-msc/floor-desktop/vendor/laravel/framework/src/Illuminate/Pipeline/Pipeline.php(224): Illuminate\\Routing\\Pipeline->handleException()
#4 /home/clj/repo/bckgrnd-msc/floor-desktop/vendor/laravel/framework/src/Illuminate/Http/Middleware/HandleCors.php(74): Illuminate\\Pipeline\\Pipeline->{closure:{closure:Illuminate\\Pipeline\\Pipeline::carry():194}:195}()
#5 /home/clj/repo/bckgrnd-msc/floor-desktop/vendor/laravel/framework/src/Illuminate/Pipeline/Pipeline.php(219): Illuminate\\Http\\Middleware\\HandleCors->handle()
#6 /home/clj/repo/bckgrnd-msc/floor-desktop/vendor/laravel/framework/src/Illuminate/Http/Middleware/TrustProxies.php(58): Illuminate\\Pipeline\\Pipeline->{closure:{closure:Illuminate\\Pipeline\\Pipeline::carry():194}:195}()
#7 /home/clj/repo/bckgrnd-msc/floor-desktop/vendor/laravel/framework/src/Illuminate/Pipeline/Pipeline.php(219): Illuminate\\Http\\Middleware\\TrustProxies->handle()
#8 /home/clj/repo/bckgrnd-msc/floor-desktop/vendor/laravel/framework/src/Illuminate/Foundation/Http/Middleware/InvokeDeferredCallbacks.php(22): Illuminate\\Pipeline\\Pipeline->{closure:{closure:Illuminate\\Pipeline\\Pipeline::carry():194}:195}()
#9 /home/clj/repo/bckgrnd-msc/floor-desktop/vendor/laravel/framework/src/Illuminate/Pipeline/Pipeline.php(219): Illuminate\\Foundation\\Http\\Middleware\\InvokeDeferredCallbacks->handle()
#10 /home/clj/repo/bckgrnd-msc/floor-desktop/vendor/laravel/framework/src/Illuminate/Http/Middleware/ValidatePathEncoding.php(26): Illuminate\\Pipeline\\Pipeline->{closure:{closure:Illuminate\\Pipeline\\Pipeline::carry():194}:195}()
#11 /home/clj/repo/bckgrnd-msc/floor-desktop/vendor/laravel/framework/src/Illuminate/Pipeline/Pipeline.php(219): Illuminate\\Http\\Middleware\\ValidatePathEncoding->handle()
#12 /home/clj/repo/bckgrnd-msc/floor-desktop/vendor/laravel/framework/src/Illuminate/Pipeline/Pipeline.php(137): Illuminate\\Pipeline\\Pipeline->{closure:{closure:Illuminate\\Pipeline\\Pipeline::carry():194}:195}()
#13 /home/clj/repo/bckgrnd-msc/floor-desktop/vendor/laravel/framework/src/Illuminate/Foundation/Http/Kernel.php(175): Illuminate\\Pipeline\\Pipeline->then()
#14 /home/clj/repo/bckgrnd-msc/floor-desktop/vendor/laravel/framework/src/Illuminate/Foundation/Http/Kernel.php(144): Illuminate\\Foundation\\Http\\Kernel->sendRequestThroughRouter()
#15 /home/clj/repo/bckgrnd-msc/floor-desktop/vendor/laravel/framework/src/Illuminate/Foundation/Application.php(1220): Illuminate\\Foundation\\Http\\Kernel->handle()
#16 /home/clj/repo/bckgrnd-msc/floor-desktop/public/index.php(22): Illuminate\\Foundation\\Application->handleRequest()
#17 /home/clj/repo/bckgrnd-msc/floor-desktop/vendor/laravel/framework/src/Illuminate/Foundation/resources/server.php(23): require_once('...')
#18 {main}
"} 
[2026-10-02 06:46:18] local.ERROR: {closure:{closure:/home/clj/repo/bckgrnd-msc/floor-desktop/bootstrap/app.php:33}:42}(): Argument #2 ($request) must be of type Request, Illuminate\Http\Request given, called in /home/clj/repo/bckgrnd-msc/floor-desktop/vendor/laravel/framework/src/Illuminate/Foundation/Exceptions/Handler.php on line 717 {"exception":"[object] (TypeError(code: 0): {closure:{closure:/home/clj/repo/bckgrnd-msc/floor-desktop/bootstrap/app.php:33}:42}(): Argument #2 ($request) must be of type Request, Illuminate\\Http\\Request given, called in /home/clj/repo/bckgrnd-msc/floor-desktop/vendor/laravel/framework/src/Illuminate/Foundation/Exceptions/Handler.php on line 717 at /home/clj/repo/bckgrnd-msc/floor-desktop/bootstrap/app.php:42)
[stacktrace]
#0 /home/clj/repo/bckgrnd-msc/floor-desktop/vendor/laravel/framework/src/Illuminate/Foundation/Exceptions/Handler.php(717): {closure:{closure:/home/clj/repo/bckgrnd-msc/floor-desktop/bootstrap/app.php:33}:42}()
#1 /home/clj/repo/bckgrnd-msc/floor-desktop/vendor/laravel/framework/src/Illuminate/Foundation/Exceptions/Handler.php(618): Illuminate\\Foundation\\Exceptions\\Handler->renderViaCallbacks()
#2 /home/clj/repo/bckgrnd-msc/floor-desktop/vendor/laravel/framework/src/Illuminate/Routing/Pipeline.php(51): Illuminate\\Foundation\\Exceptions\\Handler->render()
#3 /home/clj/repo/bckgrnd-msc/floor-desktop/vendor/laravel/framework/src/Illuminate/Pipeline/Pipeline.php(224): Illuminate\\Routing\\Pipeline->handleException()
#4 /home/clj/repo/bckgrnd-msc/floor-desktop/vendor/laravel/framework/src/Illuminate/Http/Middleware/TrustProxies.php(58): Illuminate\\Pipeline\\Pipeline->{closure:{closure:Illuminate\\Pipeline\\Pipeline::carry():194}:195}()
#5 /home/clj/repo/bckgrnd-msc/floor-desktop/vendor/laravel/framework/src/Illuminate/Pipeline/Pipeline.php(219): Illuminate\\Http\\Middleware\\TrustProxies->handle()
#6 /home/clj/repo/bckgrnd-msc/floor-desktop/vendor/laravel/framework/src/Illuminate/Foundation/Http/Middleware/InvokeDeferredCallbacks.php(22): Illuminate\\Pipeline\\Pipeline->{closure:{closure:Illuminate\\Pipeline\\Pipeline::carry():194}:195}()
#7 /home/clj/repo/bckgrnd-msc/floor-desktop/vendor/laravel/framework/src/Illuminate/Pipeline/Pipeline.php(219): Illuminate\\Foundation\\Http\\Middleware\\InvokeDeferredCallbacks->handle()
#8 /home/clj/repo/bckgrnd-msc/floor-desktop/vendor/laravel/framework/src/Illuminate/Http/Middleware/ValidatePathEncoding.php(26): Illuminate\\Pipeline\\Pipeline->{closure:{closure:Illuminate\\Pipeline\\Pipeline::carry():194}:195}()
#9 /home/clj/repo/bckgrnd-msc/floor-desktop/vendor/laravel/framework/src/Illuminate/Pipeline/Pipeline.php(219): Illuminate\\Http\\Middleware\\ValidatePathEncoding->handle()
#10 /home/clj/repo/bckgrnd-msc/floor-desktop/vendor/laravel/framework/src/Illuminate/Pipeline/Pipeline.php(137): Illuminate\\Pipeline\\Pipeline->{closure:{closure:Illuminate\\Pipeline\\Pipeline::carry():194}:195}()
#11 /home/clj/repo/bckgrnd-msc/floor-desktop/vendor/laravel/framework/src/Illuminate/Foundation/Http/Kernel.php(175): Illuminate\\Pipeline\\Pipeline->then()
#12 /home/clj/repo/bckgrnd-msc/floor-desktop/vendor/laravel/framework/src/Illuminate/Foundation/Http/Kernel.php(144): Illuminate\\Foundation\\Http\\Kernel->sendRequestThroughRouter()
#13 /home/clj/repo/bckgrnd-msc/floor-desktop/vendor/laravel/framework/src/Illuminate/Foundation/Application.php(1220): Illuminate\\Foundation\\Http\\Kernel->handle()
#14 /home/clj/repo/bckgrnd-msc/floor-desktop/public/index.php(22): Illuminate\\Foundation\\Application->handleRequest()
#15 /home/clj/repo/bckgrnd-msc/floor-desktop/vendor/laravel/framework/src/Illuminate/Foundation/resources/server.php(23): require_once('...')
#16 {main}
"} 
[2026-10-02 06:46:18] local.ERROR: {closure:{closure:/home/clj/repo/bckgrnd-msc/floor-desktop/bootstrap/app.php:33}:42}(): Argument #2 ($request) must be of type Request, Illuminate\Http\Request given, called in /home/clj/repo/bckgrnd-msc/floor-desktop/vendor/laravel/framework/src/Illuminate/Foundation/Exceptions/Handler.php on line 717 {"exception":"[object] (TypeError(code: 0): {closure:{closure:/home/clj/repo/bckgrnd-msc/floor-desktop/bootstrap/app.php:33}:42}(): Argument #2 ($request) must be of type Request, Illuminate\\Http\\Request given, called in /home/clj/repo/bckgrnd-msc/floor-desktop/vendor/laravel/framework/src/Illuminate/Foundation/Exceptions/Handler.php on line 717 at /home/clj/repo/bckgrnd-msc/floor-desktop/bootstrap/app.php:42)
[stacktrace]
#0 /home/clj/repo/bckgrnd-msc/floor-desktop/vendor/laravel/framework/src/Illuminate/Foundation/Exceptions/Handler.php(717): {closure:{closure:/home/clj/repo/bckgrnd-msc/floor-desktop/bootstrap/app.php:33}:42}()
#1 /home/clj/repo/bckgrnd-msc/floor-desktop/vendor/laravel/framework/src/Illuminate/Foundation/Exceptions/Handler.php(618): Illuminate\\Foundation\\Exceptions\\Handler->renderViaCallbacks()
#2 /home/clj/repo/bckgrnd-msc/floor-desktop/vendor/laravel/framework/src/Illuminate/Routing/Pipeline.php(51): Illuminate\\Foundation\\Exceptions\\Handler->render()
#3 /home/clj/repo/bckgrnd-msc/floor-desktop/vendor/laravel/framework/src/Illuminate/Pipeline/Pipeline.php(224): Illuminate\\Routing\\Pipeline->handleException()
#4 /home/clj/repo/bckgrnd-msc/floor-desktop/vendor/laravel/framework/src/Illuminate/Foundation/Http/Middleware/InvokeDeferredCallbacks.php(22): Illuminate\\Pipeline\\Pipeline->{closure:{closure:Illuminate\\Pipeline\\Pipeline::carry():194}:195}()
#5 /home/clj/repo/bckgrnd-msc/floor-desktop/vendor/laravel/framework/src/Illuminate/Pipeline/Pipeline.php(219): Illuminate\\Foundation\\Http\\Middleware\\InvokeDeferredCallbacks->handle()
#6 /home/clj/repo/bckgrnd-msc/floor-desktop/vendor/laravel/framework/src/Illuminate/Http/Middleware/ValidatePathEncoding.php(26): Illuminate\\Pipeline\\Pipeline->{closure:{closure:Illuminate\\Pipeline\\Pipeline::carry():194}:195}()
#7 /home/clj/repo/bckgrnd-msc/floor-desktop/vendor/laravel/framework/src/Illuminate/Pipeline/Pipeline.php(219): Illuminate\\Http\\Middleware\\ValidatePathEncoding->handle()
#8 /home/clj/repo/bckgrnd-msc/floor-desktop/vendor/laravel/framework/src/Illuminate/Pipeline/Pipeline.php(137): Illuminate\\Pipeline\\Pipeline->{closure:{closure:Illuminate\\Pipeline\\Pipeline::carry():194}:195}()
#9 /home/clj/repo/bckgrnd-msc/floor-desktop/vendor/laravel/framework/src/Illuminate/Foundation/Http/Kernel.php(175): Illuminate\\Pipeline\\Pipeline->then()
#10 /home/clj/repo/bckgrnd-msc/floor-desktop/vendor/laravel/framework/src/Illuminate/Foundation/Http/Kernel.php(144): Illuminate\\Foundation\\Http\\Kernel->sendRequestThroughRouter()
#11 /home/clj/repo/bckgrnd-msc/floor-desktop/vendor/laravel/framework/src/Illuminate/Foundation/Application.php(1220): Illuminate\\Foundation\\Http\\Kernel->handle()
#12 /home/clj/repo/bckgrnd-msc/floor-desktop/public/index.php(22): Illuminate\\Foundation\\Application->handleRequest()
#13 /home/clj/repo/bckgrnd-msc/floor-desktop/vendor/laravel/framework/src/Illuminate/Foundation/resources/server.php(23): require_once('...')
#14 {main}
"} 
[2026-10-02 06:46:18] local.ERROR: {closure:{closure:/home/clj/repo/bckgrnd-msc/floor-desktop/bootstrap/app.php:33}:42}(): Argument #2 ($request) must be of type Request, Illuminate\Http\Request given, called in /home/clj/repo/bckgrnd-msc/floor-desktop/vendor/laravel/framework/src/Illuminate/Foundation/Exceptions/Handler.php on line 717 {"exception":"[object] (TypeError(code: 0): {closure:{closure:/home/clj/repo/bckgrnd-msc/floor-desktop/bootstrap/app.php:33}:42}(): Argument #2 ($request) must be of type Request, Illuminate\\Http\\Request given, called in /home/clj/repo/bckgrnd-msc/floor-desktop/vendor/laravel/framework/src/Illuminate/Foundation/Exceptions/Handler.php on line 717 at /home/clj/repo/bckgrnd-msc/floor-desktop/bootstrap/app.php:42)
[stacktrace]
#0 /home/clj/repo/bckgrnd-msc/floor-desktop/vendor/laravel/framework/src/Illuminate/Foundation/Exceptions/Handler.php(717): {closure:{closure:/home/clj/repo/bckgrnd-msc/floor-desktop/bootstrap/app.php:33}:42}()
#1 /home/clj/repo/bckgrnd-msc/floor-desktop/vendor/laravel/framework/src/Illuminate/Foundation/Exceptions/Handler.php(618): Illuminate\\Foundation\\Exceptions\\Handler->renderViaCallbacks()
#2 /home/clj/repo/bckgrnd-msc/floor-desktop/vendor/laravel/framework/src/Illuminate/Routing/Pipeline.php(51): Illuminate\\Foundation\\Exceptions\\Handler->render()
#3 /home/clj/repo/bckgrnd-msc/floor-desktop/vendor/laravel/framework/src/Illuminate/Pipeline/Pipeline.php(224): Illuminate\\Routing\\Pipeline->handleException()
#4 /home/clj/repo/bckgrnd-msc/floor-desktop/vendor/laravel/framework/src/Illuminate/Http/Middleware/ValidatePathEncoding.php(26): Illuminate\\Pipeline\\Pipeline->{closure:{closure:Illuminate\\Pipeline\\Pipeline::carry():194}:195}()
#5 /home/clj/repo/bckgrnd-msc/floor-desktop/vendor/laravel/framework/src/Illuminate/Pipeline/Pipeline.php(219): Illuminate\\Http\\Middleware\\ValidatePathEncoding->handle()
#6 /home/clj/repo/bckgrnd-msc/floor-desktop/vendor/laravel/framework/src/Illuminate/Pipeline/Pipeline.php(137): Illuminate\\Pipeline\\Pipeline->{closure:{closure:Illuminate\\Pipeline\\Pipeline::carry():194}:195}()
#7 /home/clj/repo/bckgrnd-msc/floor-desktop/vendor/laravel/framework/src/Illuminate/Foundation/Http/Kernel.php(175): Illuminate\\Pipeline\\Pipeline->then()
#8 /home/clj/repo/bckgrnd-msc/floor-desktop/vendor/laravel/framework/src/Illuminate/Foundation/Http/Kernel.php(144): Illuminate\\Foundation\\Http\\Kernel->sendRequestThroughRouter()
#9 /home/clj/repo/bckgrnd-msc/floor-desktop/vendor/laravel/framework/src/Illuminate/Foundation/Application.php(1220): Illuminate\\Foundation\\Http\\Kernel->handle()
#10 /home/clj/repo/bckgrnd-msc/floor-desktop/public/index.php(22): Illuminate\\Foundation\\Application->handleRequest()
#11 /home/clj/repo/bckgrnd-msc/floor-desktop/vendor/laravel/framework/src/Illuminate/Foundation/resources/server.php(23): require_once('...')
#12 {main}
"} 
[2026-10-02 06:46:18] local.ERROR: {closure:{closure:/home/clj/repo/bckgrnd-msc/floor-desktop/bootstrap/app.php:33}:42}(): Argument #2 ($request) must be of type Request, Illuminate\Http\Request given, called in /home/clj/repo/bckgrnd-msc/floor-desktop/vendor/laravel/framework/src/Illuminate/Foundation/Exceptions/Handler.php on line 717 {"exception":"[object] (TypeError(code: 0): {closure:{closure:/home/clj/repo/bckgrnd-msc/floor-desktop/bootstrap/app.php:33}:42}(): Argument #2 ($request) must be of type Request, Illuminate\\Http\\Request given, called in /home/clj/repo/bckgrnd-msc/floor-desktop/vendor/laravel/framework/src/Illuminate/Foundation/Exceptions/Handler.php on line 717 at /home/clj/repo/bckgrnd-msc/floor-desktop/bootstrap/app.php:42)
[stacktrace]
#0 /home/clj/repo/bckgrnd-msc/floor-desktop/vendor/laravel/framework/src/Illuminate/Foundation/Exceptions/Handler.php(717): {closure:{closure:/home/clj/repo/bckgrnd-msc/floor-desktop/bootstrap/app.php:33}:42}()
#1 /home/clj/repo/bckgrnd-msc/floor-desktop/vendor/laravel/framework/src/Illuminate/Foundation/Exceptions/Handler.php(618): Illuminate\\Foundation\\Exceptions\\Handler->renderViaCallbacks()
#2 /home/clj/repo/bckgrnd-msc/floor-desktop/vendor/laravel/framework/src/Illuminate/Routing/Pipeline.php(51): Illuminate\\Foundation\\Exceptions\\Handler->render()
#3 /home/clj/repo/bckgrnd-msc/floor-desktop/vendor/laravel/framework/src/Illuminate/Pipeline/Pipeline.php(224): Illuminate\\Routing\\Pipeline->handleException()
#4 /home/clj/repo/bckgrnd-msc/floor-desktop/vendor/laravel/framework/src/Illuminate/Pipeline/Pipeline.php(137): Illuminate\\Pipeline\\Pipeline->{closure:{closure:Illuminate\\Pipeline\\Pipeline::carry():194}:195}()
#5 /home/clj/repo/bckgrnd-msc/floor-desktop/vendor/laravel/framework/src/Illuminate/Foundation/Http/Kernel.php(175): Illuminate\\Pipeline\\Pipeline->then()
#6 /home/clj/repo/bckgrnd-msc/floor-desktop/vendor/laravel/framework/src/Illuminate/Foundation/Http/Kernel.php(144): Illuminate\\Foundation\\Http\\Kernel->sendRequestThroughRouter()
#7 /home/clj/repo/bckgrnd-msc/floor-desktop/vendor/laravel/framework/src/Illuminate/Foundation/Application.php(1220): Illuminate\\Foundation\\Http\\Kernel->handle()
#8 /home/clj/repo/bckgrnd-msc/floor-desktop/public/index.php(22): Illuminate\\Foundation\\Application->handleRequest()
#9 /home/clj/repo/bckgrnd-msc/floor-desktop/vendor/laravel/framework/src/Illuminate/Foundation/resources/server.php(23): require_once('...')
#10 {main}
"} 
[2026-10-02 06:46:18] local.ERROR: {closure:{closure:/home/clj/repo/bckgrnd-msc/floor-desktop/bootstrap/app.php:33}:42}(): Argument #2 ($request) must be of type Request, Illuminate\Http\Request given, called in /home/clj/repo/bckgrnd-msc/floor-desktop/vendor/laravel/framework/src/Illuminate/Foundation/Exceptions/Handler.php on line 717 {"exception":"[object] (TypeError(code: 0): {closure:{closure:/home/clj/repo/bckgrnd-msc/floor-desktop/bootstrap/app.php:33}:42}(): Argument #2 ($request) must be of type Request, Illuminate\\Http\\Request given, called in /home/clj/repo/bckgrnd-msc/floor-desktop/vendor/laravel/framework/src/Illuminate/Foundation/Exceptions/Handler.php on line 717 at /home/clj/repo/bckgrnd-msc/floor-desktop/bootstrap/app.php:42)
[stacktrace]
#0 /home/clj/repo/bckgrnd-msc/floor-desktop/vendor/laravel/framework/src/Illuminate/Foundation/Exceptions/Handler.php(717): {closure:{closure:/home/clj/repo/bckgrnd-msc/floor-desktop/bootstrap/app.php:33}:42}()
#1 /home/clj/repo/bckgrnd-msc/floor-desktop/vendor/laravel/framework/src/Illuminate/Foundation/Exceptions/Handler.php(618): Illuminate\\Foundation\\Exceptions\\Handler->renderViaCallbacks()
#2 /home/clj/repo/bckgrnd-msc/floor-desktop/vendor/laravel/framework/src/Illuminate/Foundation/Http/Kernel.php(574): Illuminate\\Foundation\\Exceptions\\Handler->render()
#3 /home/clj/repo/bckgrnd-msc/floor-desktop/vendor/laravel/framework/src/Illuminate/Foundation/Http/Kernel.php(148): Illuminate\\Foundation\\Http\\Kernel->renderException()
#4 /home/clj/repo/bckgrnd-msc/floor-desktop/vendor/laravel/framework/src/Illuminate/Foundation/Application.php(1220): Illuminate\\Foundation\\Http\\Kernel->handle()
#5 /home/clj/repo/bckgrnd-msc/floor-desktop/public/index.php(22): Illuminate\\Foundation\\Application->handleRequest()
#6 /home/clj/repo/bckgrnd-msc/floor-desktop/vendor/laravel/framework/src/Illuminate/Foundation/resources/server.php(23): require_once('...')
#7 {main}
"} 
[2026-10-02 06:46:18] local.ERROR: Uncaught TypeError: {closure:{closure:/home/clj/repo/bckgrnd-msc/floor-desktop/bootstrap/app.php:33}:42}(): Argument #2 ($request) must be of type Request, Illuminate\Http\Request given, called in /home/clj/repo/bckgrnd-msc/floor-desktop/vendor/laravel/framework/src/Illuminate/Foundation/Exceptions/Handler.php on line 717 and defined in /home/clj/repo/bckgrnd-msc/floor-desktop/bootstrap/app.php:42
Stack trace:
#0 /home/clj/repo/bckgrnd-msc/floor-desktop/vendor/laravel/framework/src/Illuminate/Foundation/Exceptions/Handler.php(717): {closure:{closure:/home/clj/repo/bckgrnd-msc/floor-desktop/bootstrap/app.php:33}:42}()
#1 /home/clj/repo/bckgrnd-msc/floor-desktop/vendor/laravel/framework/src/Illuminate/Foundation/Exceptions/Handler.php(618): Illuminate\Foundation\Exceptions\Handler->renderViaCallbacks()
#2 /home/clj/repo/bckgrnd-msc/floor-desktop/vendor/laravel/framework/src/Illuminate/Foundation/Bootstrap/HandleExceptions.php(225): Illuminate\Foundation\Exceptions\Handler->render()
#3 /home/clj/repo/bckgrnd-msc/floor-desktop/vendor/laravel/framework/src/Illuminate/Foundation/Bootstrap/HandleExceptions.php(202): Illuminate\Foundation\Bootstrap\HandleExceptions->renderHttpResponse()
#4 /home/clj/repo/bckgrnd-msc/floor-desktop/vendor/laravel/framework/src/Illuminate/Foundation/Bootstrap/HandleExceptions.php(262): Illuminate\Foundation\Bootstrap\HandleExceptions->handleException()
#5 [internal function]: Illuminate\Foundation\Bootstrap\HandleExceptions->{closure:Illuminate\Foundation\Bootstrap\HandleExceptions::forwardsTo():261}()
#6 {main}
  thrown {"exception":"[object] (Symfony\\Component\\ErrorHandler\\Error\\FatalError(code: 0): Uncaught TypeError: {closure:{closure:/home/clj/repo/bckgrnd-msc/floor-desktop/bootstrap/app.php:33}:42}(): Argument #2 ($request) must be of type Request, Illuminate\\Http\\Request given, called in /home/clj/repo/bckgrnd-msc/floor-desktop/vendor/laravel/framework/src/Illuminate/Foundation/Exceptions/Handler.php on line 717 and defined in /home/clj/repo/bckgrnd-msc/floor-desktop/bootstrap/app.php:42
Stack trace:
#0 /home/clj/repo/bckgrnd-msc/floor-desktop/vendor/laravel/framework/src/Illuminate/Foundation/Exceptions/Handler.php(717): {closure:{closure:/home/clj/repo/bckgrnd-msc/floor-desktop/bootstrap/app.php:33}:42}()
#1 /home/clj/repo/bckgrnd-msc/floor-desktop/vendor/laravel/framework/src/Illuminate/Foundation/Exceptions/Handler.php(618): Illuminate\\Foundation\\Exceptions\\Handler->renderViaCallbacks()
#2 /home/clj/repo/bckgrnd-msc/floor-desktop/vendor/laravel/framework/src/Illuminate/Foundation/Bootstrap/HandleExceptions.php(225): Illuminate\\Foundation\\Exceptions\\Handler->render()
#3 /home/clj/repo/bckgrnd-msc/floor-desktop/vendor/laravel/framework/src/Illuminate/Foundation/Bootstrap/HandleExceptions.php(202): Illuminate\\Foundation\\Bootstrap\\HandleExceptions->renderHttpResponse()
#4 /home/clj/repo/bckgrnd-msc/floor-desktop/vendor/laravel/framework/src/Illuminate/Foundation/Bootstrap/HandleExceptions.php(262): Illuminate\\Foundation\\Bootstrap\\HandleExceptions->handleException()
#5 [internal function]: Illuminate\\Foundation\\Bootstrap\\HandleExceptions->{closure:Illuminate\\Foundation\\Bootstrap\\HandleExceptions::forwardsTo():261}()
#6 {main}
  thrown at /home/clj/repo/bckgrnd-msc/floor-desktop/bootstrap/app.php:42)
[stacktrace]
#0 {main}
"} 
[2026-10-02 06:46:45] local.ERROR: {closure:{closure:/home/clj/repo/bckgrnd-msc/floor-desktop/bootstrap/app.php:35}:42}(): Argument #2 ($request) must be of type Request, Illuminate\Http\Request given, called in /home/clj/repo/bckgrnd-msc/floor-desktop/vendor/laravel/framework/src/Illuminate/Foundation/Exceptions/Handler.php on line 717 {"exception":"[object] (TypeError(code: 0): {closure:{closure:/home/clj/repo/bckgrnd-msc/floor-desktop/bootstrap/app.php:35}:42}(): Argument #2 ($request) must be of type Request, Illuminate\\Http\\Request given, called in /home/clj/repo/bckgrnd-msc/floor-desktop/vendor/laravel/framework/src/Illuminate/Foundation/Exceptions/Handler.php on line 717 at /home/clj/repo/bckgrnd-msc/floor-desktop/bootstrap/app.php:42)
[stacktrace]
#0 /home/clj/repo/bckgrnd-msc/floor-desktop/vendor/laravel/framework/src/Illuminate/Foundation/Exceptions/Handler.php(717): {closure:{closure:/home/clj/repo/bckgrnd-msc/floor-desktop/bootstrap/app.php:35}:42}()
#1 /home/clj/repo/bckgrnd-msc/floor-desktop/vendor/laravel/framework/src/Illuminate/Foundation/Exceptions/Handler.php(618): Illuminate\\Foundation\\Exceptions\\Handler->renderViaCallbacks()
#2 /home/clj/repo/bckgrnd-msc/floor-desktop/vendor/laravel/framework/src/Illuminate/Routing/Pipeline.php(51): Illuminate\\Foundation\\Exceptions\\Handler->render()
#3 /home/clj/repo/bckgrnd-msc/floor-desktop/vendor/laravel/framework/src/Illuminate/Pipeline/Pipeline.php(182): Illuminate\\Routing\\Pipeline->handleException()
#4 /home/clj/repo/bckgrnd-msc/floor-desktop/vendor/laravel/framework/src/Illuminate/Routing/Middleware/SubstituteBindings.php(50): Illuminate\\Pipeline\\Pipeline->{closure:Illuminate\\Pipeline\\Pipeline::prepareDestination():178}()
#5 /home/clj/repo/bckgrnd-msc/floor-desktop/vendor/laravel/framework/src/Illuminate/Pipeline/Pipeline.php(219): Illuminate\\Routing\\Middleware\\SubstituteBindings->handle()
#6 /home/clj/repo/bckgrnd-msc/floor-desktop/vendor/laravel/framework/src/Illuminate/Http/Middleware/HandleCors.php(74): Illuminate\\Pipeline\\Pipeline->{closure:{closure:Illuminate\\Pipeline\\Pipeline::carry():194}:195}()
#7 /home/clj/repo/bckgrnd-msc/floor-desktop/vendor/laravel/framework/src/Illuminate/Pipeline/Pipeline.php(219): Illuminate\\Http\\Middleware\\HandleCors->handle()
#8 /home/clj/repo/bckgrnd-msc/floor-desktop/vendor/laravel/framework/src/Illuminate/Pipeline/Pipeline.php(137): Illuminate\\Pipeline\\Pipeline->{closure:{closure:Illuminate\\Pipeline\\Pipeline::carry():194}:195}()
#9 /home/clj/repo/bckgrnd-msc/floor-desktop/vendor/laravel/framework/src/Illuminate/Routing/Router.php(821): Illuminate\\Pipeline\\Pipeline->then()
#10 /home/clj/repo/bckgrnd-msc/floor-desktop/vendor/laravel/framework/src/Illuminate/Routing/Router.php(800): Illuminate\\Routing\\Router->runRouteWithinStack()
#11 /home/clj/repo/bckgrnd-msc/floor-desktop/vendor/laravel/framework/src/Illuminate/Routing/Router.php(764): Illuminate\\Routing\\Router->runRoute()
#12 /home/clj/repo/bckgrnd-msc/floor-desktop/vendor/laravel/framework/src/Illuminate/Routing/Router.php(753): Illuminate\\Routing\\Router->dispatchToRoute()
#13 /home/clj/repo/bckgrnd-msc/floor-desktop/vendor/laravel/framework/src/Illuminate/Foundation/Http/Kernel.php(200): Illuminate\\Routing\\Router->dispatch()
#14 /home/clj/repo/bckgrnd-msc/floor-desktop/vendor/laravel/framework/src/Illuminate/Pipeline/Pipeline.php(180): Illuminate\\Foundation\\Http\\Kernel->{closure:Illuminate\\Foundation\\Http\\Kernel::dispatchToRouter():197}()
#15 /home/clj/repo/bckgrnd-msc/floor-desktop/vendor/laravel/framework/src/Illuminate/Foundation/Http/Middleware/TransformsRequest.php(21): Illuminate\\Pipeline\\Pipeline->{closure:Illuminate\\Pipeline\\Pipeline::prepareDestination():178}()
#16 /home/clj/repo/bckgrnd-msc/floor-desktop/vendor/laravel/framework/src/Illuminate/Foundation/Http/Middleware/ConvertEmptyStringsToNull.php(31): Illuminate\\Foundation\\Http\\Middleware\\TransformsRequest->handle()
#17 /home/clj/repo/bckgrnd-msc/floor-desktop/vendor/laravel/framework/src/Illuminate/Pipeline/Pipeline.php(219): Illuminate\\Foundation\\Http\\Middleware\\ConvertEmptyStringsToNull->handle()
#18 /home/clj/repo/bckgrnd-msc/floor-desktop/vendor/laravel/framework/src/Illuminate/Foundation/Http/Middleware/TransformsRequest.php(21): Illuminate\\Pipeline\\Pipeline->{closure:{closure:Illuminate\\Pipeline\\Pipeline::carry():194}:195}()
#19 /home/clj/repo/bckgrnd-msc/floor-desktop/vendor/laravel/framework/src/Illuminate/Foundation/Http/Middleware/TrimStrings.php(51): Illuminate\\Foundation\\Http\\Middleware\\TransformsRequest->handle()
#20 /home/clj/repo/bckgrnd-msc/floor-desktop/vendor/laravel/framework/src/Illuminate/Pipeline/Pipeline.php(219): Illuminate\\Foundation\\Http\\Middleware\\TrimStrings->handle()
#21 /home/clj/repo/bckgrnd-msc/floor-desktop/vendor/laravel/framework/src/Illuminate/Http/Middleware/ValidatePostSize.php(27): Illuminate\\Pipeline\\Pipeline->{closure:{closure:Illuminate\\Pipeline\\Pipeline::carry():194}:195}()
#22 /home/clj/repo/bckgrnd-msc/floor-desktop/vendor/laravel/framework/src/Illuminate/Pipeline/Pipeline.php(219): Illuminate\\Http\\Middleware\\ValidatePostSize->handle()
#23 /home/clj/repo/bckgrnd-msc/floor-desktop/vendor/laravel/framework/src/Illuminate/Foundation/Http/Middleware/PreventRequestsDuringMaintenance.php(109): Illuminate\\Pipeline\\Pipeline->{closure:{closure:Illuminate\\Pipeline\\Pipeline::carry():194}:195}()
#24 /home/clj/repo/bckgrnd-msc/floor-desktop/vendor/laravel/framework/src/Illuminate/Pipeline/Pipeline.php(219): Illuminate\\Foundation\\Http\\Middleware\\PreventRequestsDuringMaintenance->handle()
#25 /home/clj/repo/bckgrnd-msc/floor-desktop/vendor/laravel/framework/src/Illuminate/Http/Middleware/HandleCors.php(74): Illuminate\\Pipeline\\Pipeline->{closure:{closure:Illuminate\\Pipeline\\Pipeline::carry():194}:195}()
#26 /home/clj/repo/bckgrnd-msc/floor-desktop/vendor/laravel/framework/src/Illuminate/Pipeline/Pipeline.php(219): Illuminate\\Http\\Middleware\\HandleCors->handle()
#27 /home/clj/repo/bckgrnd-msc/floor-desktop/vendor/laravel/framework/src/Illuminate/Http/Middleware/TrustProxies.php(58): Illuminate\\Pipeline\\Pipeline->{closure:{closure:Illuminate\\Pipeline\\Pipeline::carry():194}:195}()
#28 /home/clj/repo/bckgrnd-msc/floor-desktop/vendor/laravel/framework/src/Illuminate/Pipeline/Pipeline.php(219): Illuminate\\Http\\Middleware\\TrustProxies->handle()
#29 /home/clj/repo/bckgrnd-msc/floor-desktop/vendor/laravel/framework/src/Illuminate/Foundation/Http/Middleware/InvokeDeferredCallbacks.php(22): Illuminate\\Pipeline\\Pipeline->{closure:{closure:Illuminate\\Pipeline\\Pipeline::carry():194}:195}()
#30 /home/clj/repo/bckgrnd-msc/floor-desktop/vendor/laravel/framework/src/Illuminate/Pipeline/Pipeline.php(219): Illuminate\\Foundation\\Http\\Middleware\\InvokeDeferredCallbacks->handle()
#31 /home/clj/repo/bckgrnd-msc/floor-desktop/vendor/laravel/framework/src/Illuminate/Http/Middleware/ValidatePathEncoding.php(26): Illuminate\\Pipeline\\Pipeline->{closure:{closure:Illuminate\\Pipeline\\Pipeline::carry():194}:195}()
#32 /home/clj/repo/bckgrnd-msc/floor-desktop/vendor/laravel/framework/src/Illuminate/Pipeline/Pipeline.php(219): Illuminate\\Http\\Middleware\\ValidatePathEncoding->handle()
#33 /home/clj/repo/bckgrnd-msc/floor-desktop/vendor/laravel/framework/src/Illuminate/Pipeline/Pipeline.php(137): Illuminate\\Pipeline\\Pipeline->{closure:{closure:Illuminate\\Pipeline\\Pipeline::carry():194}:195}()
#34 /home/clj/repo/bckgrnd-msc/floor-desktop/vendor/laravel/framework/src/Illuminate/Foundation/Http/Kernel.php(175): Illuminate\\Pipeline\\Pipeline->then()
#35 /home/clj/repo/bckgrnd-msc/floor-desktop/vendor/laravel/framework/src/Illuminate/Foundation/Http/Kernel.php(144): Illuminate\\Foundation\\Http\\Kernel->sendRequestThroughRouter()
#36 /home/clj/repo/bckgrnd-msc/floor-desktop/vendor/laravel/framework/src/Illuminate/Foundation/Application.php(1220): Illuminate\\Foundation\\Http\\Kernel->handle()
#37 /home/clj/repo/bckgrnd-msc/floor-desktop/public/index.php(22): Illuminate\\Foundation\\Application->handleRequest()
#38 /home/clj/repo/bckgrnd-msc/floor-desktop/vendor/laravel/framework/src/Illuminate/Foundation/resources/server.php(23): require_once('...')
#39 {main}
"} 
[2026-10-02 06:46:45] local.ERROR: {closure:{closure:/home/clj/repo/bckgrnd-msc/floor-desktop/bootstrap/app.php:35}:42}(): Argument #2 ($request) must be of type Request, Illuminate\Http\Request given, called in /home/clj/repo/bckgrnd-msc/floor-desktop/vendor/laravel/framework/src/Illuminate/Foundation/Exceptions/Handler.php on line 717 {"exception":"[object] (TypeError(code: 0): {closure:{closure:/home/clj/repo/bckgrnd-msc/floor-desktop/bootstrap/app.php:35}:42}(): Argument #2 ($request) must be of type Request, Illuminate\\Http\\Request given, called in /home/clj/repo/bckgrnd-msc/floor-desktop/vendor/laravel/framework/src/Illuminate/Foundation/Exceptions/Handler.php on line 717 at /home/clj/repo/bckgrnd-msc/floor-desktop/bootstrap/app.php:42)
[stacktrace]
#0 /home/clj/repo/bckgrnd-msc/floor-desktop/vendor/laravel/framework/src/Illuminate/Foundation/Exceptions/Handler.php(717): {closure:{closure:/home/clj/repo/bckgrnd-msc/floor-desktop/bootstrap/app.php:35}:42}()
#1 /home/clj/repo/bckgrnd-msc/floor-desktop/vendor/laravel/framework/src/Illuminate/Foundation/Exceptions/Handler.php(618): Illuminate\\Foundation\\Exceptions\\Handler->renderViaCallbacks()
#2 /home/clj/repo/bckgrnd-msc/floor-desktop/vendor/laravel/framework/src/Illuminate/Routing/Pipeline.php(51): Illuminate\\Foundation\\Exceptions\\Handler->render()
#3 /home/clj/repo/bckgrnd-msc/floor-desktop/vendor/laravel/framework/src/Illuminate/Pipeline/Pipeline.php(224): Illuminate\\Routing\\Pipeline->handleException()
#4 /home/clj/repo/bckgrnd-msc/floor-desktop/vendor/laravel/framework/src/Illuminate/Http/Middleware/HandleCors.php(74): Illuminate\\Pipeline\\Pipeline->{closure:{closure:Illuminate\\Pipeline\\Pipeline::carry():194}:195}()
#5 /home/clj/repo/bckgrnd-msc/floor-desktop/vendor/laravel/framework/src/Illuminate/Pipeline/Pipeline.php(219): Illuminate\\Http\\Middleware\\HandleCors->handle()
#6 /home/clj/repo/bckgrnd-msc/floor-desktop/vendor/laravel/framework/src/Illuminate/Pipeline/Pipeline.php(137): Illuminate\\Pipeline\\Pipeline->{closure:{closure:Illuminate\\Pipeline\\Pipeline::carry():194}:195}()
#7 /home/clj/repo/bckgrnd-msc/floor-desktop/vendor/laravel/framework/src/Illuminate/Routing/Router.php(821): Illuminate\\Pipeline\\Pipeline->then()
#8 /home/clj/repo/bckgrnd-msc/floor-desktop/vendor/laravel/framework/src/Illuminate/Routing/Router.php(800): Illuminate\\Routing\\Router->runRouteWithinStack()
#9 /home/clj/repo/bckgrnd-msc/floor-desktop/vendor/laravel/framework/src/Illuminate/Routing/Router.php(764): Illuminate\\Routing\\Router->runRoute()
#10 /home/clj/repo/bckgrnd-msc/floor-desktop/vendor/laravel/framework/src/Illuminate/Routing/Router.php(753): Illuminate\\Routing\\Router->dispatchToRoute()
#11 /home/clj/repo/bckgrnd-msc/floor-desktop/vendor/laravel/framework/src/Illuminate/Foundation/Http/Kernel.php(200): Illuminate\\Routing\\Router->dispatch()
#12 /home/clj/repo/bckgrnd-msc/floor-desktop/vendor/laravel/framework/src/Illuminate/Pipeline/Pipeline.php(180): Illuminate\\Foundation\\Http\\Kernel->{closure:Illuminate\\Foundation\\Http\\Kernel::dispatchToRouter():197}()
#13 /home/clj/repo/bckgrnd-msc/floor-desktop/vendor/laravel/framework/src/Illuminate/Foundation/Http/Middleware/TransformsRequest.php(21): Illuminate\\Pipeline\\Pipeline->{closure:Illuminate\\Pipeline\\Pipeline::prepareDestination():178}()
#14 /home/clj/repo/bckgrnd-msc/floor-desktop/vendor/laravel/framework/src/Illuminate/Foundation/Http/Middleware/ConvertEmptyStringsToNull.php(31): Illuminate\\Foundation\\Http\\Middleware\\TransformsRequest->handle()
#15 /home/clj/repo/bckgrnd-msc/floor-desktop/vendor/laravel/framework/src/Illuminate/Pipeline/Pipeline.php(219): Illuminate\\Foundation\\Http\\Middleware\\ConvertEmptyStringsToNull->handle()
#16 /home/clj/repo/bckgrnd-msc/floor-desktop/vendor/laravel/framework/src/Illuminate/Foundation/Http/Middleware/TransformsRequest.php(21): Illuminate\\Pipeline\\Pipeline->{closure:{closure:Illuminate\\Pipeline\\Pipeline::carry():194}:195}()
#17 /home/clj/repo/bckgrnd-msc/floor-desktop/vendor/laravel/framework/src/Illuminate/Foundation/Http/Middleware/TrimStrings.php(51): Illuminate\\Foundation\\Http\\Middleware\\TransformsRequest->handle()
#18 /home/clj/repo/bckgrnd-msc/floor-desktop/vendor/laravel/framework/src/Illuminate/Pipeline/Pipeline.php(219): Illuminate\\Foundation\\Http\\Middleware\\TrimStrings->handle()
#19 /home/clj/repo/bckgrnd-msc/floor-desktop/vendor/laravel/framework/src/Illuminate/Http/Middleware/ValidatePostSize.php(27): Illuminate\\Pipeline\\Pipeline->{closure:{closure:Illuminate\\Pipeline\\Pipeline::carry():194}:195}()
#20 /home/clj/repo/bckgrnd-msc/floor-desktop/vendor/laravel/framework/src/Illuminate/Pipeline/Pipeline.php(219): Illuminate\\Http\\Middleware\\ValidatePostSize->handle()
#21 /home/clj/repo/bckgrnd-msc/floor-desktop/vendor/laravel/framework/src/Illuminate/Foundation/Http/Middleware/PreventRequestsDuringMaintenance.php(109): Illuminate\\Pipeline\\Pipeline->{closure:{closure:Illuminate\\Pipeline\\Pipeline::carry():194}:195}()
#22 /home/clj/repo/bckgrnd-msc/floor-desktop/vendor/laravel/framework/src/Illuminate/Pipeline/Pipeline.php(219): Illuminate\\Foundation\\Http\\Middleware\\PreventRequestsDuringMaintenance->handle()
#23 /home/clj/repo/bckgrnd-msc/floor-desktop/vendor/laravel/framework/src/Illuminate/Http/Middleware/HandleCors.php(74): Illuminate\\Pipeline\\Pipeline->{closure:{closure:Illuminate\\Pipeline\\Pipeline::carry():194}:195}()
#24 /home/clj/repo/bckgrnd-msc/floor-desktop/vendor/laravel/framework/src/Illuminate/Pipeline/Pipeline.php(219): Illuminate\\Http\\Middleware\\HandleCors->handle()
#25 /home/clj/repo/bckgrnd-msc/floor-desktop/vendor/laravel/framework/src/Illuminate/Http/Middleware/TrustProxies.php(58): Illuminate\\Pipeline\\Pipeline->{closure:{closure:Illuminate\\Pipeline\\Pipeline::carry():194}:195}()
#26 /home/clj/repo/bckgrnd-msc/floor-desktop/vendor/laravel/framework/src/Illuminate/Pipeline/Pipeline.php(219): Illuminate\\Http\\Middleware\\TrustProxies->handle()
#27 /home/clj/repo/bckgrnd-msc/floor-desktop/vendor/laravel/framework/src/Illuminate/Foundation/Http/Middleware/InvokeDeferredCallbacks.php(22): Illuminate\\Pipeline\\Pipeline->{closure:{closure:Illuminate\\Pipeline\\Pipeline::carry():194}:195}()
#28 /home/clj/repo/bckgrnd-msc/floor-desktop/vendor/laravel/framework/src/Illuminate/Pipeline/Pipeline.php(219): Illuminate\\Foundation\\Http\\Middleware\\InvokeDeferredCallbacks->handle()
#29 /home/clj/repo/bckgrnd-msc/floor-desktop/vendor/laravel/framework/src/Illuminate/Http/Middleware/ValidatePathEncoding.php(26): Illuminate\\Pipeline\\Pipeline->{closure:{closure:Illuminate\\Pipeline\\Pipeline::carry():194}:195}()
#30 /home/clj/repo/bckgrnd-msc/floor-desktop/vendor/laravel/framework/src/Illuminate/Pipeline/Pipeline.php(219): Illuminate\\Http\\Middleware\\ValidatePathEncoding->handle()
#31 /home/clj/repo/bckgrnd-msc/floor-desktop/vendor/laravel/framework/src/Illuminate/Pipeline/Pipeline.php(137): Illuminate\\Pipeline\\Pipeline->{closure:{closure:Illuminate\\Pipeline\\Pipeline::carry():194}:195}()
#32 /home/clj/repo/bckgrnd-msc/floor-desktop/vendor/laravel/framework/src/Illuminate/Foundation/Http/Kernel.php(175): Illuminate\\Pipeline\\Pipeline->then()
#33 /home/clj/repo/bckgrnd-msc/floor-desktop/vendor/laravel/framework/src/Illuminate/Foundation/Http/Kernel.php(144): Illuminate\\Foundation\\Http\\Kernel->sendRequestThroughRouter()
#34 /home/clj/repo/bckgrnd-msc/floor-desktop/vendor/laravel/framework/src/Illuminate/Foundation/Application.php(1220): Illuminate\\Foundation\\Http\\Kernel->handle()
#35 /home/clj/repo/bckgrnd-msc/floor-desktop/public/index.php(22): Illuminate\\Foundation\\Application->handleRequest()
#36 /home/clj/repo/bckgrnd-msc/floor-desktop/vendor/laravel/framework/src/Illuminate/Foundation/resources/server.php(23): require_once('...')
#37 {main}
"} 
[2026-10-02 06:46:45] local.ERROR: {closure:{closure:/home/clj/repo/bckgrnd-msc/floor-desktop/bootstrap/app.php:35}:42}(): Argument #2 ($request) must be of type Request, Illuminate\Http\Request given, called in /home/clj/repo/bckgrnd-msc/floor-desktop/vendor/laravel/framework/src/Illuminate/Foundation/Exceptions/Handler.php on line 717 {"exception":"[object] (TypeError(code: 0): {closure:{closure:/home/clj/repo/bckgrnd-msc/floor-desktop/bootstrap/app.php:35}:42}(): Argument #2 ($request) must be of type Request, Illuminate\\Http\\Request given, called in /home/clj/repo/bckgrnd-msc/floor-desktop/vendor/laravel/framework/src/Illuminate/Foundation/Exceptions/Handler.php on line 717 at /home/clj/repo/bckgrnd-msc/floor-desktop/bootstrap/app.php:42)
[stacktrace]
#0 /home/clj/repo/bckgrnd-msc/floor-desktop/vendor/laravel/framework/src/Illuminate/Foundation/Exceptions/Handler.php(717): {closure:{closure:/home/clj/repo/bckgrnd-msc/floor-desktop/bootstrap/app.php:35}:42}()
#1 /home/clj/repo/bckgrnd-msc/floor-desktop/vendor/laravel/framework/src/Illuminate/Foundation/Exceptions/Handler.php(618): Illuminate\\Foundation\\Exceptions\\Handler->renderViaCallbacks()
#2 /home/clj/repo/bckgrnd-msc/floor-desktop/vendor/laravel/framework/src/Illuminate/Routing/Pipeline.php(51): Illuminate\\Foundation\\Exceptions\\Handler->render()
#3 /home/clj/repo/bckgrnd-msc/floor-desktop/vendor/laravel/framework/src/Illuminate/Pipeline/Pipeline.php(224): Illuminate\\Routing\\Pipeline->handleException()
#4 /home/clj/repo/bckgrnd-msc/floor-desktop/vendor/laravel/framework/src/Illuminate/Pipeline/Pipeline.php(137): Illuminate\\Pipeline\\Pipeline->{closure:{closure:Illuminate\\Pipeline\\Pipeline::carry():194}:195}()
#5 /home/clj/repo/bckgrnd-msc/floor-desktop/vendor/laravel/framework/src/Illuminate/Routing/Router.php(821): Illuminate\\Pipeline\\Pipeline->then()
#6 /home/clj/repo/bckgrnd-msc/floor-desktop/vendor/laravel/framework/src/Illuminate/Routing/Router.php(800): Illuminate\\Routing\\Router->runRouteWithinStack()
#7 /home/clj/repo/bckgrnd-msc/floor-desktop/vendor/laravel/framework/src/Illuminate/Routing/Router.php(764): Illuminate\\Routing\\Router->runRoute()
#8 /home/clj/repo/bckgrnd-msc/floor-desktop/vendor/laravel/framework/src/Illuminate/Routing/Router.php(753): Illuminate\\Routing\\Router->dispatchToRoute()
#9 /home/clj/repo/bckgrnd-msc/floor-desktop/vendor/laravel/framework/src/Illuminate/Foundation/Http/Kernel.php(200): Illuminate\\Routing\\Router->dispatch()
#10 /home/clj/repo/bckgrnd-msc/floor-desktop/vendor/laravel/framework/src/Illuminate/Pipeline/Pipeline.php(180): Illuminate\\Foundation\\Http\\Kernel->{closure:Illuminate\\Foundation\\Http\\Kernel::dispatchToRouter():197}()
#11 /home/clj/repo/bckgrnd-msc/floor-desktop/vendor/laravel/framework/src/Illuminate/Foundation/Http/Middleware/TransformsRequest.php(21): Illuminate\\Pipeline\\Pipeline->{closure:Illuminate\\Pipeline\\Pipeline::prepareDestination():178}()
#12 /home/clj/repo/bckgrnd-msc/floor-desktop/vendor/laravel/framework/src/Illuminate/Foundation/Http/Middleware/ConvertEmptyStringsToNull.php(31): Illuminate\\Foundation\\Http\\Middleware\\TransformsRequest->handle()
#13 /home/clj/repo/bckgrnd-msc/floor-desktop/vendor/laravel/framework/src/Illuminate/Pipeline/Pipeline.php(219): Illuminate\\Foundation\\Http\\Middleware\\ConvertEmptyStringsToNull->handle()
#14 /home/clj/repo/bckgrnd-msc/floor-desktop/vendor/laravel/framework/src/Illuminate/Foundation/Http/Middleware/TransformsRequest.php(21): Illuminate\\Pipeline\\Pipeline->{closure:{closure:Illuminate\\Pipeline\\Pipeline::carry():194}:195}()
#15 /home/clj/repo/bckgrnd-msc/floor-desktop/vendor/laravel/framework/src/Illuminate/Foundation/Http/Middleware/TrimStrings.php(51): Illuminate\\Foundation\\Http\\Middleware\\TransformsRequest->handle()
#16 /home/clj/repo/bckgrnd-msc/floor-desktop/vendor/laravel/framework/src/Illuminate/Pipeline/Pipeline.php(219): Illuminate\\Foundation\\Http\\Middleware\\TrimStrings->handle()
#17 /home/clj/repo/bckgrnd-msc/floor-desktop/vendor/laravel/framework/src/Illuminate/Http/Middleware/ValidatePostSize.php(27): Illuminate\\Pipeline\\Pipeline->{closure:{closure:Illuminate\\Pipeline\\Pipeline::carry():194}:195}()
#18 /home/clj/repo/bckgrnd-msc/floor-desktop/vendor/laravel/framework/src/Illuminate/Pipeline/Pipeline.php(219): Illuminate\\Http\\Middleware\\ValidatePostSize->handle()
#19 /home/clj/repo/bckgrnd-msc/floor-desktop/vendor/laravel/framework/src/Illuminate/Foundation/Http/Middleware/PreventRequestsDuringMaintenance.php(109): Illuminate\\Pipeline\\Pipeline->{closure:{closure:Illuminate\\Pipeline\\Pipeline::carry():194}:195}()
#20 /home/clj/repo/bckgrnd-msc/floor-desktop/vendor/laravel/framework/src/Illuminate/Pipeline/Pipeline.php(219): Illuminate\\Foundation\\Http\\Middleware\\PreventRequestsDuringMaintenance->handle()
#21 /home/clj/repo/bckgrnd-msc/floor-desktop/vendor/laravel/framework/src/Illuminate/Http/Middleware/HandleCors.php(74): Illuminate\\Pipeline\\Pipeline->{closure:{closure:Illuminate\\Pipeline\\Pipeline::carry():194}:195}()
#22 /home/clj/repo/bckgrnd-msc/floor-desktop/vendor/laravel/framework/src/Illuminate/Pipeline/Pipeline.php(219): Illuminate\\Http\\Middleware\\HandleCors->handle()
#23 /home/clj/repo/bckgrnd-msc/floor-desktop/vendor/laravel/framework/src/Illuminate/Http/Middleware/TrustProxies.php(58): Illuminate\\Pipeline\\Pipeline->{closure:{closure:Illuminate\\Pipeline\\Pipeline::carry():194}:195}()
#24 /home/clj/repo/bckgrnd-msc/floor-desktop/vendor/laravel/framework/src/Illuminate/Pipeline/Pipeline.php(219): Illuminate\\Http\\Middleware\\TrustProxies->handle()
#25 /home/clj/repo/bckgrnd-msc/floor-desktop/vendor/laravel/framework/src/Illuminate/Foundation/Http/Middleware/InvokeDeferredCallbacks.php(22): Illuminate\\Pipeline\\Pipeline->{closure:{closure:Illuminate\\Pipeline\\Pipeline::carry():194}:195}()
#26 /home/clj/repo/bckgrnd-msc/floor-desktop/vendor/laravel/framework/src/Illuminate/Pipeline/Pipeline.php(219): Illuminate\\Foundation\\Http\\Middleware\\InvokeDeferredCallbacks->handle()
#27 /home/clj/repo/bckgrnd-msc/floor-desktop/vendor/laravel/framework/src/Illuminate/Http/Middleware/ValidatePathEncoding.php(26): Illuminate\\Pipeline\\Pipeline->{closure:{closure:Illuminate\\Pipeline\\Pipeline::carry():194}:195}()
#28 /home/clj/repo/bckgrnd-msc/floor-desktop/vendor/laravel/framework/src/Illuminate/Pipeline/Pipeline.php(219): Illuminate\\Http\\Middleware\\ValidatePathEncoding->handle()
#29 /home/clj/repo/bckgrnd-msc/floor-desktop/vendor/laravel/framework/src/Illuminate/Pipeline/Pipeline.php(137): Illuminate\\Pipeline\\Pipeline->{closure:{closure:Illuminate\\Pipeline\\Pipeline::carry():194}:195}()
#30 /home/clj/repo/bckgrnd-msc/floor-desktop/vendor/laravel/framework/src/Illuminate/Foundation/Http/Kernel.php(175): Illuminate\\Pipeline\\Pipeline->then()
#31 /home/clj/repo/bckgrnd-msc/floor-desktop/vendor/laravel/framework/src/Illuminate/Foundation/Http/Kernel.php(144): Illuminate\\Foundation\\Http\\Kernel->sendRequestThroughRouter()
#32 /home/clj/repo/bckgrnd-msc/floor-desktop/vendor/laravel/framework/src/Illuminate/Foundation/Application.php(1220): Illuminate\\Foundation\\Http\\Kernel->handle()
#33 /home/clj/repo/bckgrnd-msc/floor-desktop/public/index.php(22): Illuminate\\Foundation\\Application->handleRequest()
#34 /home/clj/repo/bckgrnd-msc/floor-desktop/vendor/laravel/framework/src/Illuminate/Foundation/resources/server.php(23): require_once('...')
#35 {main}
"} 
[2026-10-02 06:46:45] local.ERROR: {closure:{closure:/home/clj/repo/bckgrnd-msc/floor-desktop/bootstrap/app.php:35}:42}(): Argument #2 ($request) must be of type Request, Illuminate\Http\Request given, called in /home/clj/repo/bckgrnd-msc/floor-desktop/vendor/laravel/framework/src/Illuminate/Foundation/Exceptions/Handler.php on line 717 {"exception":"[object] (TypeError(code: 0): {closure:{closure:/home/clj/repo/bckgrnd-msc/floor-desktop/bootstrap/app.php:35}:42}(): Argument #2 ($request) must be of type Request, Illuminate\\Http\\Request given, called in /home/clj/repo/bckgrnd-msc/floor-desktop/vendor/laravel/framework/src/Illuminate/Foundation/Exceptions/Handler.php on line 717 at /home/clj/repo/bckgrnd-msc/floor-desktop/bootstrap/app.php:42)
[stacktrace]
#0 /home/clj/repo/bckgrnd-msc/floor-desktop/vendor/laravel/framework/src/Illuminate/Foundation/Exceptions/Handler.php(717): {closure:{closure:/home/clj/repo/bckgrnd-msc/floor-desktop/bootstrap/app.php:35}:42}()
#1 /home/clj/repo/bckgrnd-msc/floor-desktop/vendor/laravel/framework/src/Illuminate/Foundation/Exceptions/Handler.php(618): Illuminate\\Foundation\\Exceptions\\Handler->renderViaCallbacks()
#2 /home/clj/repo/bckgrnd-msc/floor-desktop/vendor/laravel/framework/src/Illuminate/Routing/Pipeline.php(51): Illuminate\\Foundation\\Exceptions\\Handler->render()
#3 /home/clj/repo/bckgrnd-msc/floor-desktop/vendor/laravel/framework/src/Illuminate/Pipeline/Pipeline.php(182): Illuminate\\Routing\\Pipeline->handleException()
#4 /home/clj/repo/bckgrnd-msc/floor-desktop/vendor/laravel/framework/src/Illuminate/Foundation/Http/Middleware/TransformsRequest.php(21): Illuminate\\Pipeline\\Pipeline->{closure:Illuminate\\Pipeline\\Pipeline::prepareDestination():178}()
#5 /home/clj/repo/bckgrnd-msc/floor-desktop/vendor/laravel/framework/src/Illuminate/Foundation/Http/Middleware/ConvertEmptyStringsToNull.php(31): Illuminate\\Foundation\\Http\\Middleware\\TransformsRequest->handle()
#6 /home/clj/repo/bckgrnd-msc/floor-desktop/vendor/laravel/framework/src/Illuminate/Pipeline/Pipeline.php(219): Illuminate\\Foundation\\Http\\Middleware\\ConvertEmptyStringsToNull->handle()
#7 /home/clj/repo/bckgrnd-msc/floor-desktop/vendor/laravel/framework/src/Illuminate/Foundation/Http/Middleware/TransformsRequest.php(21): Illuminate\\Pipeline\\Pipeline->{closure:{closure:Illuminate\\Pipeline\\Pipeline::carry():194}:195}()
#8 /home/clj/repo/bckgrnd-msc/floor-desktop/vendor/laravel/framework/src/Illuminate/Foundation/Http/Middleware/TrimStrings.php(51): Illuminate\\Foundation\\Http\\Middleware\\TransformsRequest->handle()
#9 /home/clj/repo/bckgrnd-msc/floor-desktop/vendor/laravel/framework/src/Illuminate/Pipeline/Pipeline.php(219): Illuminate\\Foundation\\Http\\Middleware\\TrimStrings->handle()
#10 /home/clj/repo/bckgrnd-msc/floor-desktop/vendor/laravel/framework/src/Illuminate/Http/Middleware/ValidatePostSize.php(27): Illuminate\\Pipeline\\Pipeline->{closure:{closure:Illuminate\\Pipeline\\Pipeline::carry():194}:195}()
#11 /home/clj/repo/bckgrnd-msc/floor-desktop/vendor/laravel/framework/src/Illuminate/Pipeline/Pipeline.php(219): Illuminate\\Http\\Middleware\\ValidatePostSize->handle()
#12 /home/clj/repo/bckgrnd-msc/floor-desktop/vendor/laravel/framework/src/Illuminate/Foundation/Http/Middleware/PreventRequestsDuringMaintenance.php(109): Illuminate\\Pipeline\\Pipeline->{closure:{closure:Illuminate\\Pipeline\\Pipeline::carry():194}:195}()
#13 /home/clj/repo/bckgrnd-msc/floor-desktop/vendor/laravel/framework/src/Illuminate/Pipeline/Pipeline.php(219): Illuminate\\Foundation\\Http\\Middleware\\PreventRequestsDuringMaintenance->handle()
#14 /home/clj/repo/bckgrnd-msc/floor-desktop/vendor/laravel/framework/src/Illuminate/Http/Middleware/HandleCors.php(74): Illuminate\\Pipeline\\Pipeline->{closure:{closure:Illuminate\\Pipeline\\Pipeline::carry():194}:195}()
#15 /home/clj/repo/bckgrnd-msc/floor-desktop/vendor/laravel/framework/src/Illuminate/Pipeline/Pipeline.php(219): Illuminate\\Http\\Middleware\\HandleCors->handle()
#16 /home/clj/repo/bckgrnd-msc/floor-desktop/vendor/laravel/framework/src/Illuminate/Http/Middleware/TrustProxies.php(58): Illuminate\\Pipeline\\Pipeline->{closure:{closure:Illuminate\\Pipeline\\Pipeline::carry():194}:195}()
#17 /home/clj/repo/bckgrnd-msc/floor-desktop/vendor/laravel/framework/src/Illuminate/Pipeline/Pipeline.php(219): Illuminate\\Http\\Middleware\\TrustProxies->handle()
#18 /home/clj/repo/bckgrnd-msc/floor-desktop/vendor/laravel/framework/src/Illuminate/Foundation/Http/Middleware/InvokeDeferredCallbacks.php(22): Illuminate\\Pipeline\\Pipeline->{closure:{closure:Illuminate\\Pipeline\\Pipeline::carry():194}:195}()
#19 /home/clj/repo/bckgrnd-msc/floor-desktop/vendor/laravel/framework/src/Illuminate/Pipeline/Pipeline.php(219): Illuminate\\Foundation\\Http\\Middleware\\InvokeDeferredCallbacks->handle()
#20 /home/clj/repo/bckgrnd-msc/floor-desktop/vendor/laravel/framework/src/Illuminate/Http/Middleware/ValidatePathEncoding.php(26): Illuminate\\Pipeline\\Pipeline->{closure:{closure:Illuminate\\Pipeline\\Pipeline::carry():194}:195}()
#21 /home/clj/repo/bckgrnd-msc/floor-desktop/vendor/laravel/framework/src/Illuminate/Pipeline/Pipeline.php(219): Illuminate\\Http\\Middleware\\ValidatePathEncoding->handle()
#22 /home/clj/repo/bckgrnd-msc/floor-desktop/vendor/laravel/framework/src/Illuminate/Pipeline/Pipeline.php(137): Illuminate\\Pipeline\\Pipeline->{closure:{closure:Illuminate\\Pipeline\\Pipeline::carry():194}:195}()
#23 /home/clj/repo/bckgrnd-msc/floor-desktop/vendor/laravel/framework/src/Illuminate/Foundation/Http/Kernel.php(175): Illuminate\\Pipeline\\Pipeline->then()
#24 /home/clj/repo/bckgrnd-msc/floor-desktop/vendor/laravel/framework/src/Illuminate/Foundation/Http/Kernel.php(144): Illuminate\\Foundation\\Http\\Kernel->sendRequestThroughRouter()
#25 /home/clj/repo/bckgrnd-msc/floor-desktop/vendor/laravel/framework/src/Illuminate/Foundation/Application.php(1220): Illuminate\\Foundation\\Http\\Kernel->handle()
#26 /home/clj/repo/bckgrnd-msc/floor-desktop/public/index.php(22): Illuminate\\Foundation\\Application->handleRequest()
#27 /home/clj/repo/bckgrnd-msc/floor-desktop/vendor/laravel/framework/src/Illuminate/Foundation/resources/server.php(23): require_once('...')
#28 {main}
"} 
[2026-10-02 06:46:45] local.ERROR: {closure:{closure:/home/clj/repo/bckgrnd-msc/floor-desktop/bootstrap/app.php:35}:42}(): Argument #2 ($request) must be of type Request, Illuminate\Http\Request given, called in /home/clj/repo/bckgrnd-msc/floor-desktop/vendor/laravel/framework/src/Illuminate/Foundation/Exceptions/Handler.php on line 717 {"exception":"[object] (TypeError(code: 0): {closure:{closure:/home/clj/repo/bckgrnd-msc/floor-desktop/bootstrap/app.php:35}:42}(): Argument #2 ($request) must be of type Request, Illuminate\\Http\\Request given, called in /home/clj/repo/bckgrnd-msc/floor-desktop/vendor/laravel/framework/src/Illuminate/Foundation/Exceptions/Handler.php on line 717 at /home/clj/repo/bckgrnd-msc/floor-desktop/bootstrap/app.php:42)
[stacktrace]
#0 /home/clj/repo/bckgrnd-msc/floor-desktop/vendor/laravel/framework/src/Illuminate/Foundation/Exceptions/Handler.php(717): {closure:{closure:/home/clj/repo/bckgrnd-msc/floor-desktop/bootstrap/app.php:35}:42}()
#1 /home/clj/repo/bckgrnd-msc/floor-desktop/vendor/laravel/framework/src/Illuminate/Foundation/Exceptions/Handler.php(618): Illuminate\\Foundation\\Exceptions\\Handler->renderViaCallbacks()
#2 /home/clj/repo/bckgrnd-msc/floor-desktop/vendor/laravel/framework/src/Illuminate/Routing/Pipeline.php(51): Illuminate\\Foundation\\Exceptions\\Handler->render()
#3 /home/clj/repo/bckgrnd-msc/floor-desktop/vendor/laravel/framework/src/Illuminate/Pipeline/Pipeline.php(224): Illuminate\\Routing\\Pipeline->handleException()
#4 /home/clj/repo/bckgrnd-msc/floor-desktop/vendor/laravel/framework/src/Illuminate/Foundation/Http/Middleware/TransformsRequest.php(21): Illuminate\\Pipeline\\Pipeline->{closure:{closure:Illuminate\\Pipeline\\Pipeline::carry():194}:195}()
#5 /home/clj/repo/bckgrnd-msc/floor-desktop/vendor/laravel/framework/src/Illuminate/Foundation/Http/Middleware/TrimStrings.php(51): Illuminate\\Foundation\\Http\\Middleware\\TransformsRequest->handle()
#6 /home/clj/repo/bckgrnd-msc/floor-desktop/vendor/laravel/framework/src/Illuminate/Pipeline/Pipeline.php(219): Illuminate\\Foundation\\Http\\Middleware\\TrimStrings->handle()
#7 /home/clj/repo/bckgrnd-msc/floor-desktop/vendor/laravel/framework/src/Illuminate/Http/Middleware/ValidatePostSize.php(27): Illuminate\\Pipeline\\Pipeline->{closure:{closure:Illuminate\\Pipeline\\Pipeline::carry():194}:195}()
#8 /home/clj/repo/bckgrnd-msc/floor-desktop/vendor/laravel/framework/src/Illuminate/Pipeline/Pipeline.php(219): Illuminate\\Http\\Middleware\\ValidatePostSize->handle()
#9 /home/clj/repo/bckgrnd-msc/floor-desktop/vendor/laravel/framework/src/Illuminate/Foundation/Http/Middleware/PreventRequestsDuringMaintenance.php(109): Illuminate\\Pipeline\\Pipeline->{closure:{closure:Illuminate\\Pipeline\\Pipeline::carry():194}:195}()
#10 /home/clj/repo/bckgrnd-msc/floor-desktop/vendor/laravel/framework/src/Illuminate/Pipeline/Pipeline.php(219): Illuminate\\Foundation\\Http\\Middleware\\PreventRequestsDuringMaintenance->handle()
#11 /home/clj/repo/bckgrnd-msc/floor-desktop/vendor/laravel/framework/src/Illuminate/Http/Middleware/HandleCors.php(74): Illuminate\\Pipeline\\Pipeline->{closure:{closure:Illuminate\\Pipeline\\Pipeline::carry():194}:195}()
#12 /home/clj/repo/bckgrnd-msc/floor-desktop/vendor/laravel/framework/src/Illuminate/Pipeline/Pipeline.php(219): Illuminate\\Http\\Middleware\\HandleCors->handle()
#13 /home/clj/repo/bckgrnd-msc/floor-desktop/vendor/laravel/framework/src/Illuminate/Http/Middleware/TrustProxies.php(58): Illuminate\\Pipeline\\Pipeline->{closure:{closure:Illuminate\\Pipeline\\Pipeline::carry():194}:195}()
#14 /home/clj/repo/bckgrnd-msc/floor-desktop/vendor/laravel/framework/src/Illuminate/Pipeline/Pipeline.php(219): Illuminate\\Http\\Middleware\\TrustProxies->handle()
#15 /home/clj/repo/bckgrnd-msc/floor-desktop/vendor/laravel/framework/src/Illuminate/Foundation/Http/Middleware/InvokeDeferredCallbacks.php(22): Illuminate\\Pipeline\\Pipeline->{closure:{closure:Illuminate\\Pipeline\\Pipeline::carry():194}:195}()
#16 /home/clj/repo/bckgrnd-msc/floor-desktop/vendor/laravel/framework/src/Illuminate/Pipeline/Pipeline.php(219): Illuminate\\Foundation\\Http\\Middleware\\InvokeDeferredCallbacks->handle()
#17 /home/clj/repo/bckgrnd-msc/floor-desktop/vendor/laravel/framework/src/Illuminate/Http/Middleware/ValidatePathEncoding.php(26): Illuminate\\Pipeline\\Pipeline->{closure:{closure:Illuminate\\Pipeline\\Pipeline::carry():194}:195}()
#18 /home/clj/repo/bckgrnd-msc/floor-desktop/vendor/laravel/framework/src/Illuminate/Pipeline/Pipeline.php(219): Illuminate\\Http\\Middleware\\ValidatePathEncoding->handle()
#19 /home/clj/repo/bckgrnd-msc/floor-desktop/vendor/laravel/framework/src/Illuminate/Pipeline/Pipeline.php(137): Illuminate\\Pipeline\\Pipeline->{closure:{closure:Illuminate\\Pipeline\\Pipeline::carry():194}:195}()
#20 /home/clj/repo/bckgrnd-msc/floor-desktop/vendor/laravel/framework/src/Illuminate/Foundation/Http/Kernel.php(175): Illuminate\\Pipeline\\Pipeline->then()
#21 /home/clj/repo/bckgrnd-msc/floor-desktop/vendor/laravel/framework/src/Illuminate/Foundation/Http/Kernel.php(144): Illuminate\\Foundation\\Http\\Kernel->sendRequestThroughRouter()
#22 /home/clj/repo/bckgrnd-msc/floor-desktop/vendor/laravel/framework/src/Illuminate/Foundation/Application.php(1220): Illuminate\\Foundation\\Http\\Kernel->handle()
#23 /home/clj/repo/bckgrnd-msc/floor-desktop/public/index.php(22): Illuminate\\Foundation\\Application->handleRequest()
#24 /home/clj/repo/bckgrnd-msc/floor-desktop/vendor/laravel/framework/src/Illuminate/Foundation/resources/server.php(23): require_once('...')
#25 {main}
"} 
[2026-10-02 06:46:45] local.ERROR: {closure:{closure:/home/clj/repo/bckgrnd-msc/floor-desktop/bootstrap/app.php:35}:42}(): Argument #2 ($request) must be of type Request, Illuminate\Http\Request given, called in /home/clj/repo/bckgrnd-msc/floor-desktop/vendor/laravel/framework/src/Illuminate/Foundation/Exceptions/Handler.php on line 717 {"exception":"[object] (TypeError(code: 0): {closure:{closure:/home/clj/repo/bckgrnd-msc/floor-desktop/bootstrap/app.php:35}:42}(): Argument #2 ($request) must be of type Request, Illuminate\\Http\\Request given, called in /home/clj/repo/bckgrnd-msc/floor-desktop/vendor/laravel/framework/src/Illuminate/Foundation/Exceptions/Handler.php on line 717 at /home/clj/repo/bckgrnd-msc/floor-desktop/bootstrap/app.php:42)
[stacktrace]
#0 /home/clj/repo/bckgrnd-msc/floor-desktop/vendor/laravel/framework/src/Illuminate/Foundation/Exceptions/Handler.php(717): {closure:{closure:/home/clj/repo/bckgrnd-msc/floor-desktop/bootstrap/app.php:35}:42}()
#1 /home/clj/repo/bckgrnd-msc/floor-desktop/vendor/laravel/framework/src/Illuminate/Foundation/Exceptions/Handler.php(618): Illuminate\\Foundation\\Exceptions\\Handler->renderViaCallbacks()
#2 /home/clj/repo/bckgrnd-msc/floor-desktop/vendor/laravel/framework/src/Illuminate/Routing/Pipeline.php(51): Illuminate\\Foundation\\Exceptions\\Handler->render()
#3 /home/clj/repo/bckgrnd-msc/floor-desktop/vendor/laravel/framework/src/Illuminate/Pipeline/Pipeline.php(224): Illuminate\\Routing\\Pipeline->handleException()
#4 /home/clj/repo/bckgrnd-msc/floor-desktop/vendor/laravel/framework/src/Illuminate/Http/Middleware/ValidatePostSize.php(27): Illuminate\\Pipeline\\Pipeline->{closure:{closure:Illuminate\\Pipeline\\Pipeline::carry():194}:195}()
#5 /home/clj/repo/bckgrnd-msc/floor-desktop/vendor/laravel/framework/src/Illuminate/Pipeline/Pipeline.php(219): Illuminate\\Http\\Middleware\\ValidatePostSize->handle()
#6 /home/clj/repo/bckgrnd-msc/floor-desktop/vendor/laravel/framework/src/Illuminate/Foundation/Http/Middleware/PreventRequestsDuringMaintenance.php(109): Illuminate\\Pipeline\\Pipeline->{closure:{closure:Illuminate\\Pipeline\\Pipeline::carry():194}:195}()
#7 /home/clj/repo/bckgrnd-msc/floor-desktop/vendor/laravel/framework/src/Illuminate/Pipeline/Pipeline.php(219): Illuminate\\Foundation\\Http\\Middleware\\PreventRequestsDuringMaintenance->handle()
#8 /home/clj/repo/bckgrnd-msc/floor-desktop/vendor/laravel/framework/src/Illuminate/Http/Middleware/HandleCors.php(74): Illuminate\\Pipeline\\Pipeline->{closure:{closure:Illuminate\\Pipeline\\Pipeline::carry():194}:195}()
#9 /home/clj/repo/bckgrnd-msc/floor-desktop/vendor/laravel/framework/src/Illuminate/Pipeline/Pipeline.php(219): Illuminate\\Http\\Middleware\\HandleCors->handle()
#10 /home/clj/repo/bckgrnd-msc/floor-desktop/vendor/laravel/framework/src/Illuminate/Http/Middleware/TrustProxies.php(58): Illuminate\\Pipeline\\Pipeline->{closure:{closure:Illuminate\\Pipeline\\Pipeline::carry():194}:195}()
#11 /home/clj/repo/bckgrnd-msc/floor-desktop/vendor/laravel/framework/src/Illuminate/Pipeline/Pipeline.php(219): Illuminate\\Http\\Middleware\\TrustProxies->handle()
#12 /home/clj/repo/bckgrnd-msc/floor-desktop/vendor/laravel/framework/src/Illuminate/Foundation/Http/Middleware/InvokeDeferredCallbacks.php(22): Illuminate\\Pipeline\\Pipeline->{closure:{closure:Illuminate\\Pipeline\\Pipeline::carry():194}:195}()
#13 /home/clj/repo/bckgrnd-msc/floor-desktop/vendor/laravel/framework/src/Illuminate/Pipeline/Pipeline.php(219): Illuminate\\Foundation\\Http\\Middleware\\InvokeDeferredCallbacks->handle()
#14 /home/clj/repo/bckgrnd-msc/floor-desktop/vendor/laravel/framework/src/Illuminate/Http/Middleware/ValidatePathEncoding.php(26): Illuminate\\Pipeline\\Pipeline->{closure:{closure:Illuminate\\Pipeline\\Pipeline::carry():194}:195}()
#15 /home/clj/repo/bckgrnd-msc/floor-desktop/vendor/laravel/framework/src/Illuminate/Pipeline/Pipeline.php(219): Illuminate\\Http\\Middleware\\ValidatePathEncoding->handle()
#16 /home/clj/repo/bckgrnd-msc/floor-desktop/vendor/laravel/framework/src/Illuminate/Pipeline/Pipeline.php(137): Illuminate\\Pipeline\\Pipeline->{closure:{closure:Illuminate\\Pipeline\\Pipeline::carry():194}:195}()
#17 /home/clj/repo/bckgrnd-msc/floor-desktop/vendor/laravel/framework/src/Illuminate/Foundation/Http/Kernel.php(175): Illuminate\\Pipeline\\Pipeline->then()
#18 /home/clj/repo/bckgrnd-msc/floor-desktop/vendor/laravel/framework/src/Illuminate/Foundation/Http/Kernel.php(144): Illuminate\\Foundation\\Http\\Kernel->sendRequestThroughRouter()
#19 /home/clj/repo/bckgrnd-msc/floor-desktop/vendor/laravel/framework/src/Illuminate/Foundation/Application.php(1220): Illuminate\\Foundation\\Http\\Kernel->handle()
#20 /home/clj/repo/bckgrnd-msc/floor-desktop/public/index.php(22): Illuminate\\Foundation\\Application->handleRequest()
#21 /home/clj/repo/bckgrnd-msc/floor-desktop/vendor/laravel/framework/src/Illuminate/Foundation/resources/server.php(23): require_once('...')
#22 {main}
"} 
[2026-10-02 06:46:45] local.ERROR: {closure:{closure:/home/clj/repo/bckgrnd-msc/floor-desktop/bootstrap/app.php:35}:42}(): Argument #2 ($request) must be of type Request, Illuminate\Http\Request given, called in /home/clj/repo/bckgrnd-msc/floor-desktop/vendor/laravel/framework/src/Illuminate/Foundation/Exceptions/Handler.php on line 717 {"exception":"[object] (TypeError(code: 0): {closure:{closure:/home/clj/repo/bckgrnd-msc/floor-desktop/bootstrap/app.php:35}:42}(): Argument #2 ($request) must be of type Request, Illuminate\\Http\\Request given, called in /home/clj/repo/bckgrnd-msc/floor-desktop/vendor/laravel/framework/src/Illuminate/Foundation/Exceptions/Handler.php on line 717 at /home/clj/repo/bckgrnd-msc/floor-desktop/bootstrap/app.php:42)
[stacktrace]
#0 /home/clj/repo/bckgrnd-msc/floor-desktop/vendor/laravel/framework/src/Illuminate/Foundation/Exceptions/Handler.php(717): {closure:{closure:/home/clj/repo/bckgrnd-msc/floor-desktop/bootstrap/app.php:35}:42}()
#1 /home/clj/repo/bckgrnd-msc/floor-desktop/vendor/laravel/framework/src/Illuminate/Foundation/Exceptions/Handler.php(618): Illuminate\\Foundation\\Exceptions\\Handler->renderViaCallbacks()
#2 /home/clj/repo/bckgrnd-msc/floor-desktop/vendor/laravel/framework/src/Illuminate/Routing/Pipeline.php(51): Illuminate\\Foundation\\Exceptions\\Handler->render()
#3 /home/clj/repo/bckgrnd-msc/floor-desktop/vendor/laravel/framework/src/Illuminate/Pipeline/Pipeline.php(224): Illuminate\\Routing\\Pipeline->handleException()
#4 /home/clj/repo/bckgrnd-msc/floor-desktop/vendor/laravel/framework/src/Illuminate/Foundation/Http/Middleware/PreventRequestsDuringMaintenance.php(109): Illuminate\\Pipeline\\Pipeline->{closure:{closure:Illuminate\\Pipeline\\Pipeline::carry():194}:195}()
#5 /home/clj/repo/bckgrnd-msc/floor-desktop/vendor/laravel/framework/src/Illuminate/Pipeline/Pipeline.php(219): Illuminate\\Foundation\\Http\\Middleware\\PreventRequestsDuringMaintenance->handle()
#6 /home/clj/repo/bckgrnd-msc/floor-desktop/vendor/laravel/framework/src/Illuminate/Http/Middleware/HandleCors.php(74): Illuminate\\Pipeline\\Pipeline->{closure:{closure:Illuminate\\Pipeline\\Pipeline::carry():194}:195}()
#7 /home/clj/repo/bckgrnd-msc/floor-desktop/vendor/laravel/framework/src/Illuminate/Pipeline/Pipeline.php(219): Illuminate\\Http\\Middleware\\HandleCors->handle()
#8 /home/clj/repo/bckgrnd-msc/floor-desktop/vendor/laravel/framework/src/Illuminate/Http/Middleware/TrustProxies.php(58): Illuminate\\Pipeline\\Pipeline->{closure:{closure:Illuminate\\Pipeline\\Pipeline::carry():194}:195}()
#9 /home/clj/repo/bckgrnd-msc/floor-desktop/vendor/laravel/framework/src/Illuminate/Pipeline/Pipeline.php(219): Illuminate\\Http\\Middleware\\TrustProxies->handle()
#10 /home/clj/repo/bckgrnd-msc/floor-desktop/vendor/laravel/framework/src/Illuminate/Foundation/Http/Middleware/InvokeDeferredCallbacks.php(22): Illuminate\\Pipeline\\Pipeline->{closure:{closure:Illuminate\\Pipeline\\Pipeline::carry():194}:195}()
#11 /home/clj/repo/bckgrnd-msc/floor-desktop/vendor/laravel/framework/src/Illuminate/Pipeline/Pipeline.php(219): Illuminate\\Foundation\\Http\\Middleware\\InvokeDeferredCallbacks->handle()
#12 /home/clj/repo/bckgrnd-msc/floor-desktop/vendor/laravel/framework/src/Illuminate/Http/Middleware/ValidatePathEncoding.php(26): Illuminate\\Pipeline\\Pipeline->{closure:{closure:Illuminate\\Pipeline\\Pipeline::carry():194}:195}()
#13 /home/clj/repo/bckgrnd-msc/floor-desktop/vendor/laravel/framework/src/Illuminate/Pipeline/Pipeline.php(219): Illuminate\\Http\\Middleware\\ValidatePathEncoding->handle()
#14 /home/clj/repo/bckgrnd-msc/floor-desktop/vendor/laravel/framework/src/Illuminate/Pipeline/Pipeline.php(137): Illuminate\\Pipeline\\Pipeline->{closure:{closure:Illuminate\\Pipeline\\Pipeline::carry():194}:195}()
#15 /home/clj/repo/bckgrnd-msc/floor-desktop/vendor/laravel/framework/src/Illuminate/Foundation/Http/Kernel.php(175): Illuminate\\Pipeline\\Pipeline->then()
#16 /home/clj/repo/bckgrnd-msc/floor-desktop/vendor/laravel/framework/src/Illuminate/Foundation/Http/Kernel.php(144): Illuminate\\Foundation\\Http\\Kernel->sendRequestThroughRouter()
#17 /home/clj/repo/bckgrnd-msc/floor-desktop/vendor/laravel/framework/src/Illuminate/Foundation/Application.php(1220): Illuminate\\Foundation\\Http\\Kernel->handle()
#18 /home/clj/repo/bckgrnd-msc/floor-desktop/public/index.php(22): Illuminate\\Foundation\\Application->handleRequest()
#19 /home/clj/repo/bckgrnd-msc/floor-desktop/vendor/laravel/framework/src/Illuminate/Foundation/resources/server.php(23): require_once('...')
#20 {main}
"} 
[2026-10-02 06:46:45] local.ERROR: {closure:{closure:/home/clj/repo/bckgrnd-msc/floor-desktop/bootstrap/app.php:35}:42}(): Argument #2 ($request) must be of type Request, Illuminate\Http\Request given, called in /home/clj/repo/bckgrnd-msc/floor-desktop/vendor/laravel/framework/src/Illuminate/Foundation/Exceptions/Handler.php on line 717 {"exception":"[object] (TypeError(code: 0): {closure:{closure:/home/clj/repo/bckgrnd-msc/floor-desktop/bootstrap/app.php:35}:42}(): Argument #2 ($request) must be of type Request, Illuminate\\Http\\Request given, called in /home/clj/repo/bckgrnd-msc/floor-desktop/vendor/laravel/framework/src/Illuminate/Foundation/Exceptions/Handler.php on line 717 at /home/clj/repo/bckgrnd-msc/floor-desktop/bootstrap/app.php:42)
[stacktrace]
#0 /home/clj/repo/bckgrnd-msc/floor-desktop/vendor/laravel/framework/src/Illuminate/Foundation/Exceptions/Handler.php(717): {closure:{closure:/home/clj/repo/bckgrnd-msc/floor-desktop/bootstrap/app.php:35}:42}()
#1 /home/clj/repo/bckgrnd-msc/floor-desktop/vendor/laravel/framework/src/Illuminate/Foundation/Exceptions/Handler.php(618): Illuminate\\Foundation\\Exceptions\\Handler->renderViaCallbacks()
#2 /home/clj/repo/bckgrnd-msc/floor-desktop/vendor/laravel/framework/src/Illuminate/Routing/Pipeline.php(51): Illuminate\\Foundation\\Exceptions\\Handler->render()
#3 /home/clj/repo/bckgrnd-msc/floor-desktop/vendor/laravel/framework/src/Illuminate/Pipeline/Pipeline.php(224): Illuminate\\Routing\\Pipeline->handleException()
#4 /home/clj/repo/bckgrnd-msc/floor-desktop/vendor/laravel/framework/src/Illuminate/Http/Middleware/HandleCors.php(74): Illuminate\\Pipeline\\Pipeline->{closure:{closure:Illuminate\\Pipeline\\Pipeline::carry():194}:195}()
#5 /home/clj/repo/bckgrnd-msc/floor-desktop/vendor/laravel/framework/src/Illuminate/Pipeline/Pipeline.php(219): Illuminate\\Http\\Middleware\\HandleCors->handle()
#6 /home/clj/repo/bckgrnd-msc/floor-desktop/vendor/laravel/framework/src/Illuminate/Http/Middleware/TrustProxies.php(58): Illuminate\\Pipeline\\Pipeline->{closure:{closure:Illuminate\\Pipeline\\Pipeline::carry():194}:195}()
#7 /home/clj/repo/bckgrnd-msc/floor-desktop/vendor/laravel/framework/src/Illuminate/Pipeline/Pipeline.php(219): Illuminate\\Http\\Middleware\\TrustProxies->handle()
#8 /home/clj/repo/bckgrnd-msc/floor-desktop/vendor/laravel/framework/src/Illuminate/Foundation/Http/Middleware/InvokeDeferredCallbacks.php(22): Illuminate\\Pipeline\\Pipeline->{closure:{closure:Illuminate\\Pipeline\\Pipeline::carry():194}:195}()
#9 /home/clj/repo/bckgrnd-msc/floor-desktop/vendor/laravel/framework/src/Illuminate/Pipeline/Pipeline.php(219): Illuminate\\Foundation\\Http\\Middleware\\InvokeDeferredCallbacks->handle()
#10 /home/clj/repo/bckgrnd-msc/floor-desktop/vendor/laravel/framework/src/Illuminate/Http/Middleware/ValidatePathEncoding.php(26): Illuminate\\Pipeline\\Pipeline->{closure:{closure:Illuminate\\Pipeline\\Pipeline::carry():194}:195}()
#11 /home/clj/repo/bckgrnd-msc/floor-desktop/vendor/laravel/framework/src/Illuminate/Pipeline/Pipeline.php(219): Illuminate\\Http\\Middleware\\ValidatePathEncoding->handle()
#12 /home/clj/repo/bckgrnd-msc/floor-desktop/vendor/laravel/framework/src/Illuminate/Pipeline/Pipeline.php(137): Illuminate\\Pipeline\\Pipeline->{closure:{closure:Illuminate\\Pipeline\\Pipeline::carry():194}:195}()
#13 /home/clj/repo/bckgrnd-msc/floor-desktop/vendor/laravel/framework/src/Illuminate/Foundation/Http/Kernel.php(175): Illuminate\\Pipeline\\Pipeline->then()
#14 /home/clj/repo/bckgrnd-msc/floor-desktop/vendor/laravel/framework/src/Illuminate/Foundation/Http/Kernel.php(144): Illuminate\\Foundation\\Http\\Kernel->sendRequestThroughRouter()
#15 /home/clj/repo/bckgrnd-msc/floor-desktop/vendor/laravel/framework/src/Illuminate/Foundation/Application.php(1220): Illuminate\\Foundation\\Http\\Kernel->handle()
#16 /home/clj/repo/bckgrnd-msc/floor-desktop/public/index.php(22): Illuminate\\Foundation\\Application->handleRequest()
#17 /home/clj/repo/bckgrnd-msc/floor-desktop/vendor/laravel/framework/src/Illuminate/Foundation/resources/server.php(23): require_once('...')
#18 {main}
"} 
[2026-10-02 06:46:45] local.ERROR: {closure:{closure:/home/clj/repo/bckgrnd-msc/floor-desktop/bootstrap/app.php:35}:42}(): Argument #2 ($request) must be of type Request, Illuminate\Http\Request given, called in /home/clj/repo/bckgrnd-msc/floor-desktop/vendor/laravel/framework/src/Illuminate/Foundation/Exceptions/Handler.php on line 717 {"exception":"[object] (TypeError(code: 0): {closure:{closure:/home/clj/repo/bckgrnd-msc/floor-desktop/bootstrap/app.php:35}:42}(): Argument #2 ($request) must be of type Request, Illuminate\\Http\\Request given, called in /home/clj/repo/bckgrnd-msc/floor-desktop/vendor/laravel/framework/src/Illuminate/Foundation/Exceptions/Handler.php on line 717 at /home/clj/repo/bckgrnd-msc/floor-desktop/bootstrap/app.php:42)
[stacktrace]
#0 /home/clj/repo/bckgrnd-msc/floor-desktop/vendor/laravel/framework/src/Illuminate/Foundation/Exceptions/Handler.php(717): {closure:{closure:/home/clj/repo/bckgrnd-msc/floor-desktop/bootstrap/app.php:35}:42}()
#1 /home/clj/repo/bckgrnd-msc/floor-desktop/vendor/laravel/framework/src/Illuminate/Foundation/Exceptions/Handler.php(618): Illuminate\\Foundation\\Exceptions\\Handler->renderViaCallbacks()
#2 /home/clj/repo/bckgrnd-msc/floor-desktop/vendor/laravel/framework/src/Illuminate/Routing/Pipeline.php(51): Illuminate\\Foundation\\Exceptions\\Handler->render()
#3 /home/clj/repo/bckgrnd-msc/floor-desktop/vendor/laravel/framework/src/Illuminate/Pipeline/Pipeline.php(224): Illuminate\\Routing\\Pipeline->handleException()
#4 /home/clj/repo/bckgrnd-msc/floor-desktop/vendor/laravel/framework/src/Illuminate/Http/Middleware/TrustProxies.php(58): Illuminate\\Pipeline\\Pipeline->{closure:{closure:Illuminate\\Pipeline\\Pipeline::carry():194}:195}()
#5 /home/clj/repo/bckgrnd-msc/floor-desktop/vendor/laravel/framework/src/Illuminate/Pipeline/Pipeline.php(219): Illuminate\\Http\\Middleware\\TrustProxies->handle()
#6 /home/clj/repo/bckgrnd-msc/floor-desktop/vendor/laravel/framework/src/Illuminate/Foundation/Http/Middleware/InvokeDeferredCallbacks.php(22): Illuminate\\Pipeline\\Pipeline->{closure:{closure:Illuminate\\Pipeline\\Pipeline::carry():194}:195}()
#7 /home/clj/repo/bckgrnd-msc/floor-desktop/vendor/laravel/framework/src/Illuminate/Pipeline/Pipeline.php(219): Illuminate\\Foundation\\Http\\Middleware\\InvokeDeferredCallbacks->handle()
#8 /home/clj/repo/bckgrnd-msc/floor-desktop/vendor/laravel/framework/src/Illuminate/Http/Middleware/ValidatePathEncoding.php(26): Illuminate\\Pipeline\\Pipeline->{closure:{closure:Illuminate\\Pipeline\\Pipeline::carry():194}:195}()
#9 /home/clj/repo/bckgrnd-msc/floor-desktop/vendor/laravel/framework/src/Illuminate/Pipeline/Pipeline.php(219): Illuminate\\Http\\Middleware\\ValidatePathEncoding->handle()
#10 /home/clj/repo/bckgrnd-msc/floor-desktop/vendor/laravel/framework/src/Illuminate/Pipeline/Pipeline.php(137): Illuminate\\Pipeline\\Pipeline->{closure:{closure:Illuminate\\Pipeline\\Pipeline::carry():194}:195}()
#11 /home/clj/repo/bckgrnd-msc/floor-desktop/vendor/laravel/framework/src/Illuminate/Foundation/Http/Kernel.php(175): Illuminate\\Pipeline\\Pipeline->then()
#12 /home/clj/repo/bckgrnd-msc/floor-desktop/vendor/laravel/framework/src/Illuminate/Foundation/Http/Kernel.php(144): Illuminate\\Foundation\\Http\\Kernel->sendRequestThroughRouter()
#13 /home/clj/repo/bckgrnd-msc/floor-desktop/vendor/laravel/framework/src/Illuminate/Foundation/Application.php(1220): Illuminate\\Foundation\\Http\\Kernel->handle()
#14 /home/clj/repo/bckgrnd-msc/floor-desktop/public/index.php(22): Illuminate\\Foundation\\Application->handleRequest()
#15 /home/clj/repo/bckgrnd-msc/floor-desktop/vendor/laravel/framework/src/Illuminate/Foundation/resources/server.php(23): require_once('...')
#16 {main}
"} 
[2026-10-02 06:46:45] local.ERROR: {closure:{closure:/home/clj/repo/bckgrnd-msc/floor-desktop/bootstrap/app.php:35}:42}(): Argument #2 ($request) must be of type Request, Illuminate\Http\Request given, called in /home/clj/repo/bckgrnd-msc/floor-desktop/vendor/laravel/framework/src/Illuminate/Foundation/Exceptions/Handler.php on line 717 {"exception":"[object] (TypeError(code: 0): {closure:{closure:/home/clj/repo/bckgrnd-msc/floor-desktop/bootstrap/app.php:35}:42}(): Argument #2 ($request) must be of type Request, Illuminate\\Http\\Request given, called in /home/clj/repo/bckgrnd-msc/floor-desktop/vendor/laravel/framework/src/Illuminate/Foundation/Exceptions/Handler.php on line 717 at /home/clj/repo/bckgrnd-msc/floor-desktop/bootstrap/app.php:42)
[stacktrace]
#0 /home/clj/repo/bckgrnd-msc/floor-desktop/vendor/laravel/framework/src/Illuminate/Foundation/Exceptions/Handler.php(717): {closure:{closure:/home/clj/repo/bckgrnd-msc/floor-desktop/bootstrap/app.php:35}:42}()
#1 /home/clj/repo/bckgrnd-msc/floor-desktop/vendor/laravel/framework/src/Illuminate/Foundation/Exceptions/Handler.php(618): Illuminate\\Foundation\\Exceptions\\Handler->renderViaCallbacks()
#2 /home/clj/repo/bckgrnd-msc/floor-desktop/vendor/laravel/framework/src/Illuminate/Routing/Pipeline.php(51): Illuminate\\Foundation\\Exceptions\\Handler->render()
#3 /home/clj/repo/bckgrnd-msc/floor-desktop/vendor/laravel/framework/src/Illuminate/Pipeline/Pipeline.php(224): Illuminate\\Routing\\Pipeline->handleException()
#4 /home/clj/repo/bckgrnd-msc/floor-desktop/vendor/laravel/framework/src/Illuminate/Foundation/Http/Middleware/InvokeDeferredCallbacks.php(22): Illuminate\\Pipeline\\Pipeline->{closure:{closure:Illuminate\\Pipeline\\Pipeline::carry():194}:195}()
#5 /home/clj/repo/bckgrnd-msc/floor-desktop/vendor/laravel/framework/src/Illuminate/Pipeline/Pipeline.php(219): Illuminate\\Foundation\\Http\\Middleware\\InvokeDeferredCallbacks->handle()
#6 /home/clj/repo/bckgrnd-msc/floor-desktop/vendor/laravel/framework/src/Illuminate/Http/Middleware/ValidatePathEncoding.php(26): Illuminate\\Pipeline\\Pipeline->{closure:{closure:Illuminate\\Pipeline\\Pipeline::carry():194}:195}()
#7 /home/clj/repo/bckgrnd-msc/floor-desktop/vendor/laravel/framework/src/Illuminate/Pipeline/Pipeline.php(219): Illuminate\\Http\\Middleware\\ValidatePathEncoding->handle()
#8 /home/clj/repo/bckgrnd-msc/floor-desktop/vendor/laravel/framework/src/Illuminate/Pipeline/Pipeline.php(137): Illuminate\\Pipeline\\Pipeline->{closure:{closure:Illuminate\\Pipeline\\Pipeline::carry():194}:195}()
#9 /home/clj/repo/bckgrnd-msc/floor-desktop/vendor/laravel/framework/src/Illuminate/Foundation/Http/Kernel.php(175): Illuminate\\Pipeline\\Pipeline->then()
#10 /home/clj/repo/bckgrnd-msc/floor-desktop/vendor/laravel/framework/src/Illuminate/Foundation/Http/Kernel.php(144): Illuminate\\Foundation\\Http\\Kernel->sendRequestThroughRouter()
#11 /home/clj/repo/bckgrnd-msc/floor-desktop/vendor/laravel/framework/src/Illuminate/Foundation/Application.php(1220): Illuminate\\Foundation\\Http\\Kernel->handle()
#12 /home/clj/repo/bckgrnd-msc/floor-desktop/public/index.php(22): Illuminate\\Foundation\\Application->handleRequest()
#13 /home/clj/repo/bckgrnd-msc/floor-desktop/vendor/laravel/framework/src/Illuminate/Foundation/resources/server.php(23): require_once('...')
#14 {main}
"} 
[2026-10-02 06:46:45] local.ERROR: {closure:{closure:/home/clj/repo/bckgrnd-msc/floor-desktop/bootstrap/app.php:35}:42}(): Argument #2 ($request) must be of type Request, Illuminate\Http\Request given, called in /home/clj/repo/bckgrnd-msc/floor-desktop/vendor/laravel/framework/src/Illuminate/Foundation/Exceptions/Handler.php on line 717 {"exception":"[object] (TypeError(code: 0): {closure:{closure:/home/clj/repo/bckgrnd-msc/floor-desktop/bootstrap/app.php:35}:42}(): Argument #2 ($request) must be of type Request, Illuminate\\Http\\Request given, called in /home/clj/repo/bckgrnd-msc/floor-desktop/vendor/laravel/framework/src/Illuminate/Foundation/Exceptions/Handler.php on line 717 at /home/clj/repo/bckgrnd-msc/floor-desktop/bootstrap/app.php:42)
[stacktrace]
#0 /home/clj/repo/bckgrnd-msc/floor-desktop/vendor/laravel/framework/src/Illuminate/Foundation/Exceptions/Handler.php(717): {closure:{closure:/home/clj/repo/bckgrnd-msc/floor-desktop/bootstrap/app.php:35}:42}()
#1 /home/clj/repo/bckgrnd-msc/floor-desktop/vendor/laravel/framework/src/Illuminate/Foundation/Exceptions/Handler.php(618): Illuminate\\Foundation\\Exceptions\\Handler->renderViaCallbacks()
#2 /home/clj/repo/bckgrnd-msc/floor-desktop/vendor/laravel/framework/src/Illuminate/Routing/Pipeline.php(51): Illuminate\\Foundation\\Exceptions\\Handler->render()
#3 /home/clj/repo/bckgrnd-msc/floor-desktop/vendor/laravel/framework/src/Illuminate/Pipeline/Pipeline.php(224): Illuminate\\Routing\\Pipeline->handleException()
#4 /home/clj/repo/bckgrnd-msc/floor-desktop/vendor/laravel/framework/src/Illuminate/Http/Middleware/ValidatePathEncoding.php(26): Illuminate\\Pipeline\\Pipeline->{closure:{closure:Illuminate\\Pipeline\\Pipeline::carry():194}:195}()
#5 /home/clj/repo/bckgrnd-msc/floor-desktop/vendor/laravel/framework/src/Illuminate/Pipeline/Pipeline.php(219): Illuminate\\Http\\Middleware\\ValidatePathEncoding->handle()
#6 /home/clj/repo/bckgrnd-msc/floor-desktop/vendor/laravel/framework/src/Illuminate/Pipeline/Pipeline.php(137): Illuminate\\Pipeline\\Pipeline->{closure:{closure:Illuminate\\Pipeline\\Pipeline::carry():194}:195}()
#7 /home/clj/repo/bckgrnd-msc/floor-desktop/vendor/laravel/framework/src/Illuminate/Foundation/Http/Kernel.php(175): Illuminate\\Pipeline\\Pipeline->then()
#8 /home/clj/repo/bckgrnd-msc/floor-desktop/vendor/laravel/framework/src/Illuminate/Foundation/Http/Kernel.php(144): Illuminate\\Foundation\\Http\\Kernel->sendRequestThroughRouter()
#9 /home/clj/repo/bckgrnd-msc/floor-desktop/vendor/laravel/framework/src/Illuminate/Foundation/Application.php(1220): Illuminate\\Foundation\\Http\\Kernel->handle()
#10 /home/clj/repo/bckgrnd-msc/floor-desktop/public/index.php(22): Illuminate\\Foundation\\Application->handleRequest()
#11 /home/clj/repo/bckgrnd-msc/floor-desktop/vendor/laravel/framework/src/Illuminate/Foundation/resources/server.php(23): require_once('...')
#12 {main}
"} 
[2026-10-02 06:46:45] local.ERROR: {closure:{closure:/home/clj/repo/bckgrnd-msc/floor-desktop/bootstrap/app.php:35}:42}(): Argument #2 ($request) must be of type Request, Illuminate\Http\Request given, called in /home/clj/repo/bckgrnd-msc/floor-desktop/vendor/laravel/framework/src/Illuminate/Foundation/Exceptions/Handler.php on line 717 {"exception":"[object] (TypeError(code: 0): {closure:{closure:/home/clj/repo/bckgrnd-msc/floor-desktop/bootstrap/app.php:35}:42}(): Argument #2 ($request) must be of type Request, Illuminate\\Http\\Request given, called in /home/clj/repo/bckgrnd-msc/floor-desktop/vendor/laravel/framework/src/Illuminate/Foundation/Exceptions/Handler.php on line 717 at /home/clj/repo/bckgrnd-msc/floor-desktop/bootstrap/app.php:42)
[stacktrace]
#0 /home/clj/repo/bckgrnd-msc/floor-desktop/vendor/laravel/framework/src/Illuminate/Foundation/Exceptions/Handler.php(717): {closure:{closure:/home/clj/repo/bckgrnd-msc/floor-desktop/bootstrap/app.php:35}:42}()
#1 /home/clj/repo/bckgrnd-msc/floor-desktop/vendor/laravel/framework/src/Illuminate/Foundation/Exceptions/Handler.php(618): Illuminate\\Foundation\\Exceptions\\Handler->renderViaCallbacks()
#2 /home/clj/repo/bckgrnd-msc/floor-desktop/vendor/laravel/framework/src/Illuminate/Routing/Pipeline.php(51): Illuminate\\Foundation\\Exceptions\\Handler->render()
#3 /home/clj/repo/bckgrnd-msc/floor-desktop/vendor/laravel/framework/src/Illuminate/Pipeline/Pipeline.php(224): Illuminate\\Routing\\Pipeline->handleException()
#4 /home/clj/repo/bckgrnd-msc/floor-desktop/vendor/laravel/framework/src/Illuminate/Pipeline/Pipeline.php(137): Illuminate\\Pipeline\\Pipeline->{closure:{closure:Illuminate\\Pipeline\\Pipeline::carry():194}:195}()
#5 /home/clj/repo/bckgrnd-msc/floor-desktop/vendor/laravel/framework/src/Illuminate/Foundation/Http/Kernel.php(175): Illuminate\\Pipeline\\Pipeline->then()
#6 /home/clj/repo/bckgrnd-msc/floor-desktop/vendor/laravel/framework/src/Illuminate/Foundation/Http/Kernel.php(144): Illuminate\\Foundation\\Http\\Kernel->sendRequestThroughRouter()
#7 /home/clj/repo/bckgrnd-msc/floor-desktop/vendor/laravel/framework/src/Illuminate/Foundation/Application.php(1220): Illuminate\\Foundation\\Http\\Kernel->handle()
#8 /home/clj/repo/bckgrnd-msc/floor-desktop/public/index.php(22): Illuminate\\Foundation\\Application->handleRequest()
#9 /home/clj/repo/bckgrnd-msc/floor-desktop/vendor/laravel/framework/src/Illuminate/Foundation/resources/server.php(23): require_once('...')
#10 {main}
"} 
[2026-10-02 06:46:45] local.ERROR: {closure:{closure:/home/clj/repo/bckgrnd-msc/floor-desktop/bootstrap/app.php:35}:42}(): Argument #2 ($request) must be of type Request, Illuminate\Http\Request given, called in /home/clj/repo/bckgrnd-msc/floor-desktop/vendor/laravel/framework/src/Illuminate/Foundation/Exceptions/Handler.php on line 717 {"exception":"[object] (TypeError(code: 0): {closure:{closure:/home/clj/repo/bckgrnd-msc/floor-desktop/bootstrap/app.php:35}:42}(): Argument #2 ($request) must be of type Request, Illuminate\\Http\\Request given, called in /home/clj/repo/bckgrnd-msc/floor-desktop/vendor/laravel/framework/src/Illuminate/Foundation/Exceptions/Handler.php on line 717 at /home/clj/repo/bckgrnd-msc/floor-desktop/bootstrap/app.php:42)
[stacktrace]
#0 /home/clj/repo/bckgrnd-msc/floor-desktop/vendor/laravel/framework/src/Illuminate/Foundation/Exceptions/Handler.php(717): {closure:{closure:/home/clj/repo/bckgrnd-msc/floor-desktop/bootstrap/app.php:35}:42}()
#1 /home/clj/repo/bckgrnd-msc/floor-desktop/vendor/laravel/framework/src/Illuminate/Foundation/Exceptions/Handler.php(618): Illuminate\\Foundation\\Exceptions\\Handler->renderViaCallbacks()
#2 /home/clj/repo/bckgrnd-msc/floor-desktop/vendor/laravel/framework/src/Illuminate/Foundation/Http/Kernel.php(574): Illuminate\\Foundation\\Exceptions\\Handler->render()
#3 /home/clj/repo/bckgrnd-msc/floor-desktop/vendor/laravel/framework/src/Illuminate/Foundation/Http/Kernel.php(148): Illuminate\\Foundation\\Http\\Kernel->renderException()
#4 /home/clj/repo/bckgrnd-msc/floor-desktop/vendor/laravel/framework/src/Illuminate/Foundation/Application.php(1220): Illuminate\\Foundation\\Http\\Kernel->handle()
#5 /home/clj/repo/bckgrnd-msc/floor-desktop/public/index.php(22): Illuminate\\Foundation\\Application->handleRequest()
#6 /home/clj/repo/bckgrnd-msc/floor-desktop/vendor/laravel/framework/src/Illuminate/Foundation/resources/server.php(23): require_once('...')
#7 {main}
"} 
[2026-10-02 06:46:45] local.ERROR: Uncaught TypeError: {closure:{closure:/home/clj/repo/bckgrnd-msc/floor-desktop/bootstrap/app.php:35}:42}(): Argument #2 ($request) must be of type Request, Illuminate\Http\Request given, called in /home/clj/repo/bckgrnd-msc/floor-desktop/vendor/laravel/framework/src/Illuminate/Foundation/Exceptions/Handler.php on line 717 and defined in /home/clj/repo/bckgrnd-msc/floor-desktop/bootstrap/app.php:42
Stack trace:
#0 /home/clj/repo/bckgrnd-msc/floor-desktop/vendor/laravel/framework/src/Illuminate/Foundation/Exceptions/Handler.php(717): {closure:{closure:/home/clj/repo/bckgrnd-msc/floor-desktop/bootstrap/app.php:35}:42}()
#1 /home/clj/repo/bckgrnd-msc/floor-desktop/vendor/laravel/framework/src/Illuminate/Foundation/Exceptions/Handler.php(618): Illuminate\Foundation\Exceptions\Handler->renderViaCallbacks()
#2 /home/clj/repo/bckgrnd-msc/floor-desktop/vendor/laravel/framework/src/Illuminate/Foundation/Bootstrap/HandleExceptions.php(225): Illuminate\Foundation\Exceptions\Handler->render()
#3 /home/clj/repo/bckgrnd-msc/floor-desktop/vendor/laravel/framework/src/Illuminate/Foundation/Bootstrap/HandleExceptions.php(202): Illuminate\Foundation\Bootstrap\HandleExceptions->renderHttpResponse()
#4 /home/clj/repo/bckgrnd-msc/floor-desktop/vendor/laravel/framework/src/Illuminate/Foundation/Bootstrap/HandleExceptions.php(262): Illuminate\Foundation\Bootstrap\HandleExceptions->handleException()
#5 [internal function]: Illuminate\Foundation\Bootstrap\HandleExceptions->{closure:Illuminate\Foundation\Bootstrap\HandleExceptions::forwardsTo():261}()
#6 {main}
  thrown {"exception":"[object] (Symfony\\Component\\ErrorHandler\\Error\\FatalError(code: 0): Uncaught TypeError: {closure:{closure:/home/clj/repo/bckgrnd-msc/floor-desktop/bootstrap/app.php:35}:42}(): Argument #2 ($request) must be of type Request, Illuminate\\Http\\Request given, called in /home/clj/repo/bckgrnd-msc/floor-desktop/vendor/laravel/framework/src/Illuminate/Foundation/Exceptions/Handler.php on line 717 and defined in /home/clj/repo/bckgrnd-msc/floor-desktop/bootstrap/app.php:42
Stack trace:
#0 /home/clj/repo/bckgrnd-msc/floor-desktop/vendor/laravel/framework/src/Illuminate/Foundation/Exceptions/Handler.php(717): {closure:{closure:/home/clj/repo/bckgrnd-msc/floor-desktop/bootstrap/app.php:35}:42}()
#1 /home/clj/repo/bckgrnd-msc/floor-desktop/vendor/laravel/framework/src/Illuminate/Foundation/Exceptions/Handler.php(618): Illuminate\\Foundation\\Exceptions\\Handler->renderViaCallbacks()
#2 /home/clj/repo/bckgrnd-msc/floor-desktop/vendor/laravel/framework/src/Illuminate/Foundation/Bootstrap/HandleExceptions.php(225): Illuminate\\Foundation\\Exceptions\\Handler->render()
#3 /home/clj/repo/bckgrnd-msc/floor-desktop/vendor/laravel/framework/src/Illuminate/Foundation/Bootstrap/HandleExceptions.php(202): Illuminate\\Foundation\\Bootstrap\\HandleExceptions->renderHttpResponse()
#4 /home/clj/repo/bckgrnd-msc/floor-desktop/vendor/laravel/framework/src/Illuminate/Foundation/Bootstrap/HandleExceptions.php(262): Illuminate\\Foundation\\Bootstrap\\HandleExceptions->handleException()
#5 [internal function]: Illuminate\\Foundation\\Bootstrap\\HandleExceptions->{closure:Illuminate\\Foundation\\Bootstrap\\HandleExceptions::forwardsTo():261}()
#6 {main}
  thrown at /home/clj/repo/bckgrnd-msc/floor-desktop/bootstrap/app.php:42)
[stacktrace]
#0 {main}
"} 
[2026-10-02 06:46:45] local.ERROR: {closure:{closure:/home/clj/repo/bckgrnd-msc/floor-desktop/bootstrap/app.php:35}:42}(): Argument #2 ($request) must be of type Request, Illuminate\Http\Request given, called in /home/clj/repo/bckgrnd-msc/floor-desktop/vendor/laravel/framework/src/Illuminate/Foundation/Exceptions/Handler.php on line 717 {"exception":"[object] (TypeError(code: 0): {closure:{closure:/home/clj/repo/bckgrnd-msc/floor-desktop/bootstrap/app.php:35}:42}(): Argument #2 ($request) must be of type Request, Illuminate\\Http\\Request given, called in /home/clj/repo/bckgrnd-msc/floor-desktop/vendor/laravel/framework/src/Illuminate/Foundation/Exceptions/Handler.php on line 717 at /home/clj/repo/bckgrnd-msc/floor-desktop/bootstrap/app.php:42)
[stacktrace]
#0 /home/clj/repo/bckgrnd-msc/floor-desktop/vendor/laravel/framework/src/Illuminate/Foundation/Exceptions/Handler.php(717): {closure:{closure:/home/clj/repo/bckgrnd-msc/floor-desktop/bootstrap/app.php:35}:42}()
#1 /home/clj/repo/bckgrnd-msc/floor-desktop/vendor/laravel/framework/src/Illuminate/Foundation/Exceptions/Handler.php(618): Illuminate\\Foundation\\Exceptions\\Handler->renderViaCallbacks()
#2 /home/clj/repo/bckgrnd-msc/floor-desktop/vendor/laravel/framework/src/Illuminate/Routing/Pipeline.php(51): Illuminate\\Foundation\\Exceptions\\Handler->render()
#3 /home/clj/repo/bckgrnd-msc/floor-desktop/vendor/laravel/framework/src/Illuminate/Pipeline/Pipeline.php(182): Illuminate\\Routing\\Pipeline->handleException()
#4 /home/clj/repo/bckgrnd-msc/floor-desktop/vendor/laravel/framework/src/Illuminate/Routing/Middleware/SubstituteBindings.php(50): Illuminate\\Pipeline\\Pipeline->{closure:Illuminate\\Pipeline\\Pipeline::prepareDestination():178}()
#5 /home/clj/repo/bckgrnd-msc/floor-desktop/vendor/laravel/framework/src/Illuminate/Pipeline/Pipeline.php(219): Illuminate\\Routing\\Middleware\\SubstituteBindings->handle()
#6 /home/clj/repo/bckgrnd-msc/floor-desktop/vendor/laravel/framework/src/Illuminate/Http/Middleware/HandleCors.php(74): Illuminate\\Pipeline\\Pipeline->{closure:{closure:Illuminate\\Pipeline\\Pipeline::carry():194}:195}()
#7 /home/clj/repo/bckgrnd-msc/floor-desktop/vendor/laravel/framework/src/Illuminate/Pipeline/Pipeline.php(219): Illuminate\\Http\\Middleware\\HandleCors->handle()
#8 /home/clj/repo/bckgrnd-msc/floor-desktop/vendor/laravel/framework/src/Illuminate/Pipeline/Pipeline.php(137): Illuminate\\Pipeline\\Pipeline->{closure:{closure:Illuminate\\Pipeline\\Pipeline::carry():194}:195}()
#9 /home/clj/repo/bckgrnd-msc/floor-desktop/vendor/laravel/framework/src/Illuminate/Routing/Router.php(821): Illuminate\\Pipeline\\Pipeline->then()
#10 /home/clj/repo/bckgrnd-msc/floor-desktop/vendor/laravel/framework/src/Illuminate/Routing/Router.php(800): Illuminate\\Routing\\Router->runRouteWithinStack()
#11 /home/clj/repo/bckgrnd-msc/floor-desktop/vendor/laravel/framework/src/Illuminate/Routing/Router.php(764): Illuminate\\Routing\\Router->runRoute()
#12 /home/clj/repo/bckgrnd-msc/floor-desktop/vendor/laravel/framework/src/Illuminate/Routing/Router.php(753): Illuminate\\Routing\\Router->dispatchToRoute()
#13 /home/clj/repo/bckgrnd-msc/floor-desktop/vendor/laravel/framework/src/Illuminate/Foundation/Http/Kernel.php(200): Illuminate\\Routing\\Router->dispatch()
#14 /home/clj/repo/bckgrnd-msc/floor-desktop/vendor/laravel/framework/src/Illuminate/Pipeline/Pipeline.php(180): Illuminate\\Foundation\\Http\\Kernel->{closure:Illuminate\\Foundation\\Http\\Kernel::dispatchToRouter():197}()
#15 /home/clj/repo/bckgrnd-msc/floor-desktop/vendor/laravel/framework/src/Illuminate/Foundation/Http/Middleware/TransformsRequest.php(21): Illuminate\\Pipeline\\Pipeline->{closure:Illuminate\\Pipeline\\Pipeline::prepareDestination():178}()
#16 /home/clj/repo/bckgrnd-msc/floor-desktop/vendor/laravel/framework/src/Illuminate/Foundation/Http/Middleware/ConvertEmptyStringsToNull.php(31): Illuminate\\Foundation\\Http\\Middleware\\TransformsRequest->handle()
#17 /home/clj/repo/bckgrnd-msc/floor-desktop/vendor/laravel/framework/src/Illuminate/Pipeline/Pipeline.php(219): Illuminate\\Foundation\\Http\\Middleware\\ConvertEmptyStringsToNull->handle()
#18 /home/clj/repo/bckgrnd-msc/floor-desktop/vendor/laravel/framework/src/Illuminate/Foundation/Http/Middleware/TransformsRequest.php(21): Illuminate\\Pipeline\\Pipeline->{closure:{closure:Illuminate\\Pipeline\\Pipeline::carry():194}:195}()
#19 /home/clj/repo/bckgrnd-msc/floor-desktop/vendor/laravel/framework/src/Illuminate/Foundation/Http/Middleware/TrimStrings.php(51): Illuminate\\Foundation\\Http\\Middleware\\TransformsRequest->handle()
#20 /home/clj/repo/bckgrnd-msc/floor-desktop/vendor/laravel/framework/src/Illuminate/Pipeline/Pipeline.php(219): Illuminate\\Foundation\\Http\\Middleware\\TrimStrings->handle()
#21 /home/clj/repo/bckgrnd-msc/floor-desktop/vendor/laravel/framework/src/Illuminate/Http/Middleware/ValidatePostSize.php(27): Illuminate\\Pipeline\\Pipeline->{closure:{closure:Illuminate\\Pipeline\\Pipeline::carry():194}:195}()
#22 /home/clj/repo/bckgrnd-msc/floor-desktop/vendor/laravel/framework/src/Illuminate/Pipeline/Pipeline.php(219): Illuminate\\Http\\Middleware\\ValidatePostSize->handle()
#23 /home/clj/repo/bckgrnd-msc/floor-desktop/vendor/laravel/framework/src/Illuminate/Foundation/Http/Middleware/PreventRequestsDuringMaintenance.php(109): Illuminate\\Pipeline\\Pipeline->{closure:{closure:Illuminate\\Pipeline\\Pipeline::carry():194}:195}()
#24 /home/clj/repo/bckgrnd-msc/floor-desktop/vendor/laravel/framework/src/Illuminate/Pipeline/Pipeline.php(219): Illuminate\\Foundation\\Http\\Middleware\\PreventRequestsDuringMaintenance->handle()
#25 /home/clj/repo/bckgrnd-msc/floor-desktop/vendor/laravel/framework/src/Illuminate/Http/Middleware/HandleCors.php(74): Illuminate\\Pipeline\\Pipeline->{closure:{closure:Illuminate\\Pipeline\\Pipeline::carry():194}:195}()
#26 /home/clj/repo/bckgrnd-msc/floor-desktop/vendor/laravel/framework/src/Illuminate/Pipeline/Pipeline.php(219): Illuminate\\Http\\Middleware\\HandleCors->handle()
#27 /home/clj/repo/bckgrnd-msc/floor-desktop/vendor/laravel/framework/src/Illuminate/Http/Middleware/TrustProxies.php(58): Illuminate\\Pipeline\\Pipeline->{closure:{closure:Illuminate\\Pipeline\\Pipeline::carry():194}:195}()
#28 /home/clj/repo/bckgrnd-msc/floor-desktop/vendor/laravel/framework/src/Illuminate/Pipeline/Pipeline.php(219): Illuminate\\Http\\Middleware\\TrustProxies->handle()
#29 /home/clj/repo/bckgrnd-msc/floor-desktop/vendor/laravel/framework/src/Illuminate/Foundation/Http/Middleware/InvokeDeferredCallbacks.php(22): Illuminate\\Pipeline\\Pipeline->{closure:{closure:Illuminate\\Pipeline\\Pipeline::carry():194}:195}()
#30 /home/clj/repo/bckgrnd-msc/floor-desktop/vendor/laravel/framework/src/Illuminate/Pipeline/Pipeline.php(219): Illuminate\\Foundation\\Http\\Middleware\\InvokeDeferredCallbacks->handle()
#31 /home/clj/repo/bckgrnd-msc/floor-desktop/vendor/laravel/framework/src/Illuminate/Http/Middleware/ValidatePathEncoding.php(26): Illuminate\\Pipeline\\Pipeline->{closure:{closure:Illuminate\\Pipeline\\Pipeline::carry():194}:195}()
#32 /home/clj/repo/bckgrnd-msc/floor-desktop/vendor/laravel/framework/src/Illuminate/Pipeline/Pipeline.php(219): Illuminate\\Http\\Middleware\\ValidatePathEncoding->handle()
#33 /home/clj/repo/bckgrnd-msc/floor-desktop/vendor/laravel/framework/src/Illuminate/Pipeline/Pipeline.php(137): Illuminate\\Pipeline\\Pipeline->{closure:{closure:Illuminate\\Pipeline\\Pipeline::carry():194}:195}()
#34 /home/clj/repo/bckgrnd-msc/floor-desktop/vendor/laravel/framework/src/Illuminate/Foundation/Http/Kernel.php(175): Illuminate\\Pipeline\\Pipeline->then()
#35 /home/clj/repo/bckgrnd-msc/floor-desktop/vendor/laravel/framework/src/Illuminate/Foundation/Http/Kernel.php(144): Illuminate\\Foundation\\Http\\Kernel->sendRequestThroughRouter()
#36 /home/clj/repo/bckgrnd-msc/floor-desktop/vendor/laravel/framework/src/Illuminate/Foundation/Application.php(1220): Illuminate\\Foundation\\Http\\Kernel->handle()
#37 /home/clj/repo/bckgrnd-msc/floor-desktop/public/index.php(22): Illuminate\\Foundation\\Application->handleRequest()
#38 /home/clj/repo/bckgrnd-msc/floor-desktop/vendor/laravel/framework/src/Illuminate/Foundation/resources/server.php(23): require_once('...')
#39 {main}
"} 
[2026-10-02 06:46:45] local.ERROR: {closure:{closure:/home/clj/repo/bckgrnd-msc/floor-desktop/bootstrap/app.php:35}:42}(): Argument #2 ($request) must be of type Request, Illuminate\Http\Request given, called in /home/clj/repo/bckgrnd-msc/floor-desktop/vendor/laravel/framework/src/Illuminate/Foundation/Exceptions/Handler.php on line 717 {"exception":"[object] (TypeError(code: 0): {closure:{closure:/home/clj/repo/bckgrnd-msc/floor-desktop/bootstrap/app.php:35}:42}(): Argument #2 ($request) must be of type Request, Illuminate\\Http\\Request given, called in /home/clj/repo/bckgrnd-msc/floor-desktop/vendor/laravel/framework/src/Illuminate/Foundation/Exceptions/Handler.php on line 717 at /home/clj/repo/bckgrnd-msc/floor-desktop/bootstrap/app.php:42)
[stacktrace]
#0 /home/clj/repo/bckgrnd-msc/floor-desktop/vendor/laravel/framework/src/Illuminate/Foundation/Exceptions/Handler.php(717): {closure:{closure:/home/clj/repo/bckgrnd-msc/floor-desktop/bootstrap/app.php:35}:42}()
#1 /home/clj/repo/bckgrnd-msc/floor-desktop/vendor/laravel/framework/src/Illuminate/Foundation/Exceptions/Handler.php(618): Illuminate\\Foundation\\Exceptions\\Handler->renderViaCallbacks()
#2 /home/clj/repo/bckgrnd-msc/floor-desktop/vendor/laravel/framework/src/Illuminate/Routing/Pipeline.php(51): Illuminate\\Foundation\\Exceptions\\Handler->render()
#3 /home/clj/repo/bckgrnd-msc/floor-desktop/vendor/laravel/framework/src/Illuminate/Pipeline/Pipeline.php(224): Illuminate\\Routing\\Pipeline->handleException()
#4 /home/clj/repo/bckgrnd-msc/floor-desktop/vendor/laravel/framework/src/Illuminate/Http/Middleware/HandleCors.php(74): Illuminate\\Pipeline\\Pipeline->{closure:{closure:Illuminate\\Pipeline\\Pipeline::carry():194}:195}()
#5 /home/clj/repo/bckgrnd-msc/floor-desktop/vendor/laravel/framework/src/Illuminate/Pipeline/Pipeline.php(219): Illuminate\\Http\\Middleware\\HandleCors->handle()
#6 /home/clj/repo/bckgrnd-msc/floor-desktop/vendor/laravel/framework/src/Illuminate/Pipeline/Pipeline.php(137): Illuminate\\Pipeline\\Pipeline->{closure:{closure:Illuminate\\Pipeline\\Pipeline::carry():194}:195}()
#7 /home/clj/repo/bckgrnd-msc/floor-desktop/vendor/laravel/framework/src/Illuminate/Routing/Router.php(821): Illuminate\\Pipeline\\Pipeline->then()
#8 /home/clj/repo/bckgrnd-msc/floor-desktop/vendor/laravel/framework/src/Illuminate/Routing/Router.php(800): Illuminate\\Routing\\Router->runRouteWithinStack()
#9 /home/clj/repo/bckgrnd-msc/floor-desktop/vendor/laravel/framework/src/Illuminate/Routing/Router.php(764): Illuminate\\Routing\\Router->runRoute()
#10 /home/clj/repo/bckgrnd-msc/floor-desktop/vendor/laravel/framework/src/Illuminate/Routing/Router.php(753): Illuminate\\Routing\\Router->dispatchToRoute()
#11 /home/clj/repo/bckgrnd-msc/floor-desktop/vendor/laravel/framework/src/Illuminate/Foundation/Http/Kernel.php(200): Illuminate\\Routing\\Router->dispatch()
#12 /home/clj/repo/bckgrnd-msc/floor-desktop/vendor/laravel/framework/src/Illuminate/Pipeline/Pipeline.php(180): Illuminate\\Foundation\\Http\\Kernel->{closure:Illuminate\\Foundation\\Http\\Kernel::dispatchToRouter():197}()
#13 /home/clj/repo/bckgrnd-msc/floor-desktop/vendor/laravel/framework/src/Illuminate/Foundation/Http/Middleware/TransformsRequest.php(21): Illuminate\\Pipeline\\Pipeline->{closure:Illuminate\\Pipeline\\Pipeline::prepareDestination():178}()
#14 /home/clj/repo/bckgrnd-msc/floor-desktop/vendor/laravel/framework/src/Illuminate/Foundation/Http/Middleware/ConvertEmptyStringsToNull.php(31): Illuminate\\Foundation\\Http\\Middleware\\TransformsRequest->handle()
#15 /home/clj/repo/bckgrnd-msc/floor-desktop/vendor/laravel/framework/src/Illuminate/Pipeline/Pipeline.php(219): Illuminate\\Foundation\\Http\\Middleware\\ConvertEmptyStringsToNull->handle()
#16 /home/clj/repo/bckgrnd-msc/floor-desktop/vendor/laravel/framework/src/Illuminate/Foundation/Http/Middleware/TransformsRequest.php(21): Illuminate\\Pipeline\\Pipeline->{closure:{closure:Illuminate\\Pipeline\\Pipeline::carry():194}:195}()
#17 /home/clj/repo/bckgrnd-msc/floor-desktop/vendor/laravel/framework/src/Illuminate/Foundation/Http/Middleware/TrimStrings.php(51): Illuminate\\Foundation\\Http\\Middleware\\TransformsRequest->handle()
#18 /home/clj/repo/bckgrnd-msc/floor-desktop/vendor/laravel/framework/src/Illuminate/Pipeline/Pipeline.php(219): Illuminate\\Foundation\\Http\\Middleware\\TrimStrings->handle()
#19 /home/clj/repo/bckgrnd-msc/floor-desktop/vendor/laravel/framework/src/Illuminate/Http/Middleware/ValidatePostSize.php(27): Illuminate\\Pipeline\\Pipeline->{closure:{closure:Illuminate\\Pipeline\\Pipeline::carry():194}:195}()
#20 /home/clj/repo/bckgrnd-msc/floor-desktop/vendor/laravel/framework/src/Illuminate/Pipeline/Pipeline.php(219): Illuminate\\Http\\Middleware\\ValidatePostSize->handle()
#21 /home/clj/repo/bckgrnd-msc/floor-desktop/vendor/laravel/framework/src/Illuminate/Foundation/Http/Middleware/PreventRequestsDuringMaintenance.php(109): Illuminate\\Pipeline\\Pipeline->{closure:{closure:Illuminate\\Pipeline\\Pipeline::carry():194}:195}()
#22 /home/clj/repo/bckgrnd-msc/floor-desktop/vendor/laravel/framework/src/Illuminate/Pipeline/Pipeline.php(219): Illuminate\\Foundation\\Http\\Middleware\\PreventRequestsDuringMaintenance->handle()
#23 /home/clj/repo/bckgrnd-msc/floor-desktop/vendor/laravel/framework/src/Illuminate/Http/Middleware/HandleCors.php(74): Illuminate\\Pipeline\\Pipeline->{closure:{closure:Illuminate\\Pipeline\\Pipeline::carry():194}:195}()
#24 /home/clj/repo/bckgrnd-msc/floor-desktop/vendor/laravel/framework/src/Illuminate/Pipeline/Pipeline.php(219): Illuminate\\Http\\Middleware\\HandleCors->handle()
#25 /home/clj/repo/bckgrnd-msc/floor-desktop/vendor/laravel/framework/src/Illuminate/Http/Middleware/TrustProxies.php(58): Illuminate\\Pipeline\\Pipeline->{closure:{closure:Illuminate\\Pipeline\\Pipeline::carry():194}:195}()
#26 /home/clj/repo/bckgrnd-msc/floor-desktop/vendor/laravel/framework/src/Illuminate/Pipeline/Pipeline.php(219): Illuminate\\Http\\Middleware\\TrustProxies->handle()
#27 /home/clj/repo/bckgrnd-msc/floor-desktop/vendor/laravel/framework/src/Illuminate/Foundation/Http/Middleware/InvokeDeferredCallbacks.php(22): Illuminate\\Pipeline\\Pipeline->{closure:{closure:Illuminate\\Pipeline\\Pipeline::carry():194}:195}()
#28 /home/clj/repo/bckgrnd-msc/floor-desktop/vendor/laravel/framework/src/Illuminate/Pipeline/Pipeline.php(219): Illuminate\\Foundation\\Http\\Middleware\\InvokeDeferredCallbacks->handle()
#29 /home/clj/repo/bckgrnd-msc/floor-desktop/vendor/laravel/framework/src/Illuminate/Http/Middleware/ValidatePathEncoding.php(26): Illuminate\\Pipeline\\Pipeline->{closure:{closure:Illuminate\\Pipeline\\Pipeline::carry():194}:195}()
#30 /home/clj/repo/bckgrnd-msc/floor-desktop/vendor/laravel/framework/src/Illuminate/Pipeline/Pipeline.php(219): Illuminate\\Http\\Middleware\\ValidatePathEncoding->handle()
#31 /home/clj/repo/bckgrnd-msc/floor-desktop/vendor/laravel/framework/src/Illuminate/Pipeline/Pipeline.php(137): Illuminate\\Pipeline\\Pipeline->{closure:{closure:Illuminate\\Pipeline\\Pipeline::carry():194}:195}()
#32 /home/clj/repo/bckgrnd-msc/floor-desktop/vendor/laravel/framework/src/Illuminate/Foundation/Http/Kernel.php(175): Illuminate\\Pipeline\\Pipeline->then()
#33 /home/clj/repo/bckgrnd-msc/floor-desktop/vendor/laravel/framework/src/Illuminate/Foundation/Http/Kernel.php(144): Illuminate\\Foundation\\Http\\Kernel->sendRequestThroughRouter()
#34 /home/clj/repo/bckgrnd-msc/floor-desktop/vendor/laravel/framework/src/Illuminate/Foundation/Application.php(1220): Illuminate\\Foundation\\Http\\Kernel->handle()
#35 /home/clj/repo/bckgrnd-msc/floor-desktop/public/index.php(22): Illuminate\\Foundation\\Application->handleRequest()
#36 /home/clj/repo/bckgrnd-msc/floor-desktop/vendor/laravel/framework/src/Illuminate/Foundation/resources/server.php(23): require_once('...')
#37 {main}
"} 
[2026-10-02 06:46:45] local.ERROR: {closure:{closure:/home/clj/repo/bckgrnd-msc/floor-desktop/bootstrap/app.php:35}:42}(): Argument #2 ($request) must be of type Request, Illuminate\Http\Request given, called in /home/clj/repo/bckgrnd-msc/floor-desktop/vendor/laravel/framework/src/Illuminate/Foundation/Exceptions/Handler.php on line 717 {"exception":"[object] (TypeError(code: 0): {closure:{closure:/home/clj/repo/bckgrnd-msc/floor-desktop/bootstrap/app.php:35}:42}(): Argument #2 ($request) must be of type Request, Illuminate\\Http\\Request given, called in /home/clj/repo/bckgrnd-msc/floor-desktop/vendor/laravel/framework/src/Illuminate/Foundation/Exceptions/Handler.php on line 717 at /home/clj/repo/bckgrnd-msc/floor-desktop/bootstrap/app.php:42)
[stacktrace]
#0 /home/clj/repo/bckgrnd-msc/floor-desktop/vendor/laravel/framework/src/Illuminate/Foundation/Exceptions/Handler.php(717): {closure:{closure:/home/clj/repo/bckgrnd-msc/floor-desktop/bootstrap/app.php:35}:42}()
#1 /home/clj/repo/bckgrnd-msc/floor-desktop/vendor/laravel/framework/src/Illuminate/Foundation/Exceptions/Handler.php(618): Illuminate\\Foundation\\Exceptions\\Handler->renderViaCallbacks()
#2 /home/clj/repo/bckgrnd-msc/floor-desktop/vendor/laravel/framework/src/Illuminate/Routing/Pipeline.php(51): Illuminate\\Foundation\\Exceptions\\Handler->render()
#3 /home/clj/repo/bckgrnd-msc/floor-desktop/vendor/laravel/framework/src/Illuminate/Pipeline/Pipeline.php(224): Illuminate\\Routing\\Pipeline->handleException()
#4 /home/clj/repo/bckgrnd-msc/floor-desktop/vendor/laravel/framework/src/Illuminate/Pipeline/Pipeline.php(137): Illuminate\\Pipeline\\Pipeline->{closure:{closure:Illuminate\\Pipeline\\Pipeline::carry():194}:195}()
#5 /home/clj/repo/bckgrnd-msc/floor-desktop/vendor/laravel/framework/src/Illuminate/Routing/Router.php(821): Illuminate\\Pipeline\\Pipeline->then()
#6 /home/clj/repo/bckgrnd-msc/floor-desktop/vendor/laravel/framework/src/Illuminate/Routing/Router.php(800): Illuminate\\Routing\\Router->runRouteWithinStack()
#7 /home/clj/repo/bckgrnd-msc/floor-desktop/vendor/laravel/framework/src/Illuminate/Routing/Router.php(764): Illuminate\\Routing\\Router->runRoute()
#8 /home/clj/repo/bckgrnd-msc/floor-desktop/vendor/laravel/framework/src/Illuminate/Routing/Router.php(753): Illuminate\\Routing\\Router->dispatchToRoute()
#9 /home/clj/repo/bckgrnd-msc/floor-desktop/vendor/laravel/framework/src/Illuminate/Foundation/Http/Kernel.php(200): Illuminate\\Routing\\Router->dispatch()
#10 /home/clj/repo/bckgrnd-msc/floor-desktop/vendor/laravel/framework/src/Illuminate/Pipeline/Pipeline.php(180): Illuminate\\Foundation\\Http\\Kernel->{closure:Illuminate\\Foundation\\Http\\Kernel::dispatchToRouter():197}()
#11 /home/clj/repo/bckgrnd-msc/floor-desktop/vendor/laravel/framework/src/Illuminate/Foundation/Http/Middleware/TransformsRequest.php(21): Illuminate\\Pipeline\\Pipeline->{closure:Illuminate\\Pipeline\\Pipeline::prepareDestination():178}()
#12 /home/clj/repo/bckgrnd-msc/floor-desktop/vendor/laravel/framework/src/Illuminate/Foundation/Http/Middleware/ConvertEmptyStringsToNull.php(31): Illuminate\\Foundation\\Http\\Middleware\\TransformsRequest->handle()
#13 /home/clj/repo/bckgrnd-msc/floor-desktop/vendor/laravel/framework/src/Illuminate/Pipeline/Pipeline.php(219): Illuminate\\Foundation\\Http\\Middleware\\ConvertEmptyStringsToNull->handle()
#14 /home/clj/repo/bckgrnd-msc/floor-desktop/vendor/laravel/framework/src/Illuminate/Foundation/Http/Middleware/TransformsRequest.php(21): Illuminate\\Pipeline\\Pipeline->{closure:{closure:Illuminate\\Pipeline\\Pipeline::carry():194}:195}()
#15 /home/clj/repo/bckgrnd-msc/floor-desktop/vendor/laravel/framework/src/Illuminate/Foundation/Http/Middleware/TrimStrings.php(51): Illuminate\\Foundation\\Http\\Middleware\\TransformsRequest->handle()
#16 /home/clj/repo/bckgrnd-msc/floor-desktop/vendor/laravel/framework/src/Illuminate/Pipeline/Pipeline.php(219): Illuminate\\Foundation\\Http\\Middleware\\TrimStrings->handle()
#17 /home/clj/repo/bckgrnd-msc/floor-desktop/vendor/laravel/framework/src/Illuminate/Http/Middleware/ValidatePostSize.php(27): Illuminate\\Pipeline\\Pipeline->{closure:{closure:Illuminate\\Pipeline\\Pipeline::carry():194}:195}()
#18 /home/clj/repo/bckgrnd-msc/floor-desktop/vendor/laravel/framework/src/Illuminate/Pipeline/Pipeline.php(219): Illuminate\\Http\\Middleware\\ValidatePostSize->handle()
#19 /home/clj/repo/bckgrnd-msc/floor-desktop/vendor/laravel/framework/src/Illuminate/Foundation/Http/Middleware/PreventRequestsDuringMaintenance.php(109): Illuminate\\Pipeline\\Pipeline->{closure:{closure:Illuminate\\Pipeline\\Pipeline::carry():194}:195}()
#20 /home/clj/repo/bckgrnd-msc/floor-desktop/vendor/laravel/framework/src/Illuminate/Pipeline/Pipeline.php(219): Illuminate\\Foundation\\Http\\Middleware\\PreventRequestsDuringMaintenance->handle()
#21 /home/clj/repo/bckgrnd-msc/floor-desktop/vendor/laravel/framework/src/Illuminate/Http/Middleware/HandleCors.php(74): Illuminate\\Pipeline\\Pipeline->{closure:{closure:Illuminate\\Pipeline\\Pipeline::carry():194}:195}()
#22 /home/clj/repo/bckgrnd-msc/floor-desktop/vendor/laravel/framework/src/Illuminate/Pipeline/Pipeline.php(219): Illuminate\\Http\\Middleware\\HandleCors->handle()
#23 /home/clj/repo/bckgrnd-msc/floor-desktop/vendor/laravel/framework/src/Illuminate/Http/Middleware/TrustProxies.php(58): Illuminate\\Pipeline\\Pipeline->{closure:{closure:Illuminate\\Pipeline\\Pipeline::carry():194}:195}()
#24 /home/clj/repo/bckgrnd-msc/floor-desktop/vendor/laravel/framework/src/Illuminate/Pipeline/Pipeline.php(219): Illuminate\\Http\\Middleware\\TrustProxies->handle()
#25 /home/clj/repo/bckgrnd-msc/floor-desktop/vendor/laravel/framework/src/Illuminate/Foundation/Http/Middleware/InvokeDeferredCallbacks.php(22): Illuminate\\Pipeline\\Pipeline->{closure:{closure:Illuminate\\Pipeline\\Pipeline::carry():194}:195}()
#26 /home/clj/repo/bckgrnd-msc/floor-desktop/vendor/laravel/framework/src/Illuminate/Pipeline/Pipeline.php(219): Illuminate\\Foundation\\Http\\Middleware\\InvokeDeferredCallbacks->handle()
#27 /home/clj/repo/bckgrnd-msc/floor-desktop/vendor/laravel/framework/src/Illuminate/Http/Middleware/ValidatePathEncoding.php(26): Illuminate\\Pipeline\\Pipeline->{closure:{closure:Illuminate\\Pipeline\\Pipeline::carry():194}:195}()
#28 /home/clj/repo/bckgrnd-msc/floor-desktop/vendor/laravel/framework/src/Illuminate/Pipeline/Pipeline.php(219): Illuminate\\Http\\Middleware\\ValidatePathEncoding->handle()
#29 /home/clj/repo/bckgrnd-msc/floor-desktop/vendor/laravel/framework/src/Illuminate/Pipeline/Pipeline.php(137): Illuminate\\Pipeline\\Pipeline->{closure:{closure:Illuminate\\Pipeline\\Pipeline::carry():194}:195}()
#30 /home/clj/repo/bckgrnd-msc/floor-desktop/vendor/laravel/framework/src/Illuminate/Foundation/Http/Kernel.php(175): Illuminate\\Pipeline\\Pipeline->then()
#31 /home/clj/repo/bckgrnd-msc/floor-desktop/vendor/laravel/framework/src/Illuminate/Foundation/Http/Kernel.php(144): Illuminate\\Foundation\\Http\\Kernel->sendRequestThroughRouter()
#32 /home/clj/repo/bckgrnd-msc/floor-desktop/vendor/laravel/framework/src/Illuminate/Foundation/Application.php(1220): Illuminate\\Foundation\\Http\\Kernel->handle()
#33 /home/clj/repo/bckgrnd-msc/floor-desktop/public/index.php(22): Illuminate\\Foundation\\Application->handleRequest()
#34 /home/clj/repo/bckgrnd-msc/floor-desktop/vendor/laravel/framework/src/Illuminate/Foundation/resources/server.php(23): require_once('...')
#35 {main}
"} 
[2026-10-02 06:46:45] local.ERROR: {closure:{closure:/home/clj/repo/bckgrnd-msc/floor-desktop/bootstrap/app.php:35}:42}(): Argument #2 ($request) must be of type Request, Illuminate\Http\Request given, called in /home/clj/repo/bckgrnd-msc/floor-desktop/vendor/laravel/framework/src/Illuminate/Foundation/Exceptions/Handler.php on line 717 {"exception":"[object] (TypeError(code: 0): {closure:{closure:/home/clj/repo/bckgrnd-msc/floor-desktop/bootstrap/app.php:35}:42}(): Argument #2 ($request) must be of type Request, Illuminate\\Http\\Request given, called in /home/clj/repo/bckgrnd-msc/floor-desktop/vendor/laravel/framework/src/Illuminate/Foundation/Exceptions/Handler.php on line 717 at /home/clj/repo/bckgrnd-msc/floor-desktop/bootstrap/app.php:42)
[stacktrace]
#0 /home/clj/repo/bckgrnd-msc/floor-desktop/vendor/laravel/framework/src/Illuminate/Foundation/Exceptions/Handler.php(717): {closure:{closure:/home/clj/repo/bckgrnd-msc/floor-desktop/bootstrap/app.php:35}:42}()
#1 /home/clj/repo/bckgrnd-msc/floor-desktop/vendor/laravel/framework/src/Illuminate/Foundation/Exceptions/Handler.php(618): Illuminate\\Foundation\\Exceptions\\Handler->renderViaCallbacks()
#2 /home/clj/repo/bckgrnd-msc/floor-desktop/vendor/laravel/framework/src/Illuminate/Routing/Pipeline.php(51): Illuminate\\Foundation\\Exceptions\\Handler->render()
#3 /home/clj/repo/bckgrnd-msc/floor-desktop/vendor/laravel/framework/src/Illuminate/Pipeline/Pipeline.php(182): Illuminate\\Routing\\Pipeline->handleException()
#4 /home/clj/repo/bckgrnd-msc/floor-desktop/vendor/laravel/framework/src/Illuminate/Foundation/Http/Middleware/TransformsRequest.php(21): Illuminate\\Pipeline\\Pipeline->{closure:Illuminate\\Pipeline\\Pipeline::prepareDestination():178}()
#5 /home/clj/repo/bckgrnd-msc/floor-desktop/vendor/laravel/framework/src/Illuminate/Foundation/Http/Middleware/ConvertEmptyStringsToNull.php(31): Illuminate\\Foundation\\Http\\Middleware\\TransformsRequest->handle()
#6 /home/clj/repo/bckgrnd-msc/floor-desktop/vendor/laravel/framework/src/Illuminate/Pipeline/Pipeline.php(219): Illuminate\\Foundation\\Http\\Middleware\\ConvertEmptyStringsToNull->handle()
#7 /home/clj/repo/bckgrnd-msc/floor-desktop/vendor/laravel/framework/src/Illuminate/Foundation/Http/Middleware/TransformsRequest.php(21): Illuminate\\Pipeline\\Pipeline->{closure:{closure:Illuminate\\Pipeline\\Pipeline::carry():194}:195}()
#8 /home/clj/repo/bckgrnd-msc/floor-desktop/vendor/laravel/framework/src/Illuminate/Foundation/Http/Middleware/TrimStrings.php(51): Illuminate\\Foundation\\Http\\Middleware\\TransformsRequest->handle()
#9 /home/clj/repo/bckgrnd-msc/floor-desktop/vendor/laravel/framework/src/Illuminate/Pipeline/Pipeline.php(219): Illuminate\\Foundation\\Http\\Middleware\\TrimStrings->handle()
#10 /home/clj/repo/bckgrnd-msc/floor-desktop/vendor/laravel/framework/src/Illuminate/Http/Middleware/ValidatePostSize.php(27): Illuminate\\Pipeline\\Pipeline->{closure:{closure:Illuminate\\Pipeline\\Pipeline::carry():194}:195}()
#11 /home/clj/repo/bckgrnd-msc/floor-desktop/vendor/laravel/framework/src/Illuminate/Pipeline/Pipeline.php(219): Illuminate\\Http\\Middleware\\ValidatePostSize->handle()
#12 /home/clj/repo/bckgrnd-msc/floor-desktop/vendor/laravel/framework/src/Illuminate/Foundation/Http/Middleware/PreventRequestsDuringMaintenance.php(109): Illuminate\\Pipeline\\Pipeline->{closure:{closure:Illuminate\\Pipeline\\Pipeline::carry():194}:195}()
#13 /home/clj/repo/bckgrnd-msc/floor-desktop/vendor/laravel/framework/src/Illuminate/Pipeline/Pipeline.php(219): Illuminate\\Foundation\\Http\\Middleware\\PreventRequestsDuringMaintenance->handle()
#14 /home/clj/repo/bckgrnd-msc/floor-desktop/vendor/laravel/framework/src/Illuminate/Http/Middleware/HandleCors.php(74): Illuminate\\Pipeline\\Pipeline->{closure:{closure:Illuminate\\Pipeline\\Pipeline::carry():194}:195}()
#15 /home/clj/repo/bckgrnd-msc/floor-desktop/vendor/laravel/framework/src/Illuminate/Pipeline/Pipeline.php(219): Illuminate\\Http\\Middleware\\HandleCors->handle()
#16 /home/clj/repo/bckgrnd-msc/floor-desktop/vendor/laravel/framework/src/Illuminate/Http/Middleware/TrustProxies.php(58): Illuminate\\Pipeline\\Pipeline->{closure:{closure:Illuminate\\Pipeline\\Pipeline::carry():194}:195}()
#17 /home/clj/repo/bckgrnd-msc/floor-desktop/vendor/laravel/framework/src/Illuminate/Pipeline/Pipeline.php(219): Illuminate\\Http\\Middleware\\TrustProxies->handle()
#18 /home/clj/repo/bckgrnd-msc/floor-desktop/vendor/laravel/framework/src/Illuminate/Foundation/Http/Middleware/InvokeDeferredCallbacks.php(22): Illuminate\\Pipeline\\Pipeline->{closure:{closure:Illuminate\\Pipeline\\Pipeline::carry():194}:195}()
#19 /home/clj/repo/bckgrnd-msc/floor-desktop/vendor/laravel/framework/src/Illuminate/Pipeline/Pipeline.php(219): Illuminate\\Foundation\\Http\\Middleware\\InvokeDeferredCallbacks->handle()
#20 /home/clj/repo/bckgrnd-msc/floor-desktop/vendor/laravel/framework/src/Illuminate/Http/Middleware/ValidatePathEncoding.php(26): Illuminate\\Pipeline\\Pipeline->{closure:{closure:Illuminate\\Pipeline\\Pipeline::carry():194}:195}()
#21 /home/clj/repo/bckgrnd-msc/floor-desktop/vendor/laravel/framework/src/Illuminate/Pipeline/Pipeline.php(219): Illuminate\\Http\\Middleware\\ValidatePathEncoding->handle()
#22 /home/clj/repo/bckgrnd-msc/floor-desktop/vendor/laravel/framework/src/Illuminate/Pipeline/Pipeline.php(137): Illuminate\\Pipeline\\Pipeline->{closure:{closure:Illuminate\\Pipeline\\Pipeline::carry():194}:195}()
#23 /home/clj/repo/bckgrnd-msc/floor-desktop/vendor/laravel/framework/src/Illuminate/Foundation/Http/Kernel.php(175): Illuminate\\Pipeline\\Pipeline->then()
#24 /home/clj/repo/bckgrnd-msc/floor-desktop/vendor/laravel/framework/src/Illuminate/Foundation/Http/Kernel.php(144): Illuminate\\Foundation\\Http\\Kernel->sendRequestThroughRouter()
#25 /home/clj/repo/bckgrnd-msc/floor-desktop/vendor/laravel/framework/src/Illuminate/Foundation/Application.php(1220): Illuminate\\Foundation\\Http\\Kernel->handle()
#26 /home/clj/repo/bckgrnd-msc/floor-desktop/public/index.php(22): Illuminate\\Foundation\\Application->handleRequest()
#27 /home/clj/repo/bckgrnd-msc/floor-desktop/vendor/laravel/framework/src/Illuminate/Foundation/resources/server.php(23): require_once('...')
#28 {main}
"} 
[2026-10-02 06:46:45] local.ERROR: {closure:{closure:/home/clj/repo/bckgrnd-msc/floor-desktop/bootstrap/app.php:35}:42}(): Argument #2 ($request) must be of type Request, Illuminate\Http\Request given, called in /home/clj/repo/bckgrnd-msc/floor-desktop/vendor/laravel/framework/src/Illuminate/Foundation/Exceptions/Handler.php on line 717 {"exception":"[object] (TypeError(code: 0): {closure:{closure:/home/clj/repo/bckgrnd-msc/floor-desktop/bootstrap/app.php:35}:42}(): Argument #2 ($request) must be of type Request, Illuminate\\Http\\Request given, called in /home/clj/repo/bckgrnd-msc/floor-desktop/vendor/laravel/framework/src/Illuminate/Foundation/Exceptions/Handler.php on line 717 at /home/clj/repo/bckgrnd-msc/floor-desktop/bootstrap/app.php:42)
[stacktrace]
#0 /home/clj/repo/bckgrnd-msc/floor-desktop/vendor/laravel/framework/src/Illuminate/Foundation/Exceptions/Handler.php(717): {closure:{closure:/home/clj/repo/bckgrnd-msc/floor-desktop/bootstrap/app.php:35}:42}()
#1 /home/clj/repo/bckgrnd-msc/floor-desktop/vendor/laravel/framework/src/Illuminate/Foundation/Exceptions/Handler.php(618): Illuminate\\Foundation\\Exceptions\\Handler->renderViaCallbacks()
#2 /home/clj/repo/bckgrnd-msc/floor-desktop/vendor/laravel/framework/src/Illuminate/Routing/Pipeline.php(51): Illuminate\\Foundation\\Exceptions\\Handler->render()
#3 /home/clj/repo/bckgrnd-msc/floor-desktop/vendor/laravel/framework/src/Illuminate/Pipeline/Pipeline.php(224): Illuminate\\Routing\\Pipeline->handleException()
#4 /home/clj/repo/bckgrnd-msc/floor-desktop/vendor/laravel/framework/src/Illuminate/Foundation/Http/Middleware/TransformsRequest.php(21): Illuminate\\Pipeline\\Pipeline->{closure:{closure:Illuminate\\Pipeline\\Pipeline::carry():194}:195}()
#5 /home/clj/repo/bckgrnd-msc/floor-desktop/vendor/laravel/framework/src/Illuminate/Foundation/Http/Middleware/TrimStrings.php(51): Illuminate\\Foundation\\Http\\Middleware\\TransformsRequest->handle()
#6 /home/clj/repo/bckgrnd-msc/floor-desktop/vendor/laravel/framework/src/Illuminate/Pipeline/Pipeline.php(219): Illuminate\\Foundation\\Http\\Middleware\\TrimStrings->handle()
#7 /home/clj/repo/bckgrnd-msc/floor-desktop/vendor/laravel/framework/src/Illuminate/Http/Middleware/ValidatePostSize.php(27): Illuminate\\Pipeline\\Pipeline->{closure:{closure:Illuminate\\Pipeline\\Pipeline::carry():194}:195}()
#8 /home/clj/repo/bckgrnd-msc/floor-desktop/vendor/laravel/framework/src/Illuminate/Pipeline/Pipeline.php(219): Illuminate\\Http\\Middleware\\ValidatePostSize->handle()
#9 /home/clj/repo/bckgrnd-msc/floor-desktop/vendor/laravel/framework/src/Illuminate/Foundation/Http/Middleware/PreventRequestsDuringMaintenance.php(109): Illuminate\\Pipeline\\Pipeline->{closure:{closure:Illuminate\\Pipeline\\Pipeline::carry():194}:195}()
#10 /home/clj/repo/bckgrnd-msc/floor-desktop/vendor/laravel/framework/src/Illuminate/Pipeline/Pipeline.php(219): Illuminate\\Foundation\\Http\\Middleware\\PreventRequestsDuringMaintenance->handle()
#11 /home/clj/repo/bckgrnd-msc/floor-desktop/vendor/laravel/framework/src/Illuminate/Http/Middleware/HandleCors.php(74): Illuminate\\Pipeline\\Pipeline->{closure:{closure:Illuminate\\Pipeline\\Pipeline::carry():194}:195}()
#12 /home/clj/repo/bckgrnd-msc/floor-desktop/vendor/laravel/framework/src/Illuminate/Pipeline/Pipeline.php(219): Illuminate\\Http\\Middleware\\HandleCors->handle()
#13 /home/clj/repo/bckgrnd-msc/floor-desktop/vendor/laravel/framework/src/Illuminate/Http/Middleware/TrustProxies.php(58): Illuminate\\Pipeline\\Pipeline->{closure:{closure:Illuminate\\Pipeline\\Pipeline::carry():194}:195}()
#14 /home/clj/repo/bckgrnd-msc/floor-desktop/vendor/laravel/framework/src/Illuminate/Pipeline/Pipeline.php(219): Illuminate\\Http\\Middleware\\TrustProxies->handle()
#15 /home/clj/repo/bckgrnd-msc/floor-desktop/vendor/laravel/framework/src/Illuminate/Foundation/Http/Middleware/InvokeDeferredCallbacks.php(22): Illuminate\\Pipeline\\Pipeline->{closure:{closure:Illuminate\\Pipeline\\Pipeline::carry():194}:195}()
#16 /home/clj/repo/bckgrnd-msc/floor-desktop/vendor/laravel/framework/src/Illuminate/Pipeline/Pipeline.php(219): Illuminate\\Foundation\\Http\\Middleware\\InvokeDeferredCallbacks->handle()
#17 /home/clj/repo/bckgrnd-msc/floor-desktop/vendor/laravel/framework/src/Illuminate/Http/Middleware/ValidatePathEncoding.php(26): Illuminate\\Pipeline\\Pipeline->{closure:{closure:Illuminate\\Pipeline\\Pipeline::carry():194}:195}()
#18 /home/clj/repo/bckgrnd-msc/floor-desktop/vendor/laravel/framework/src/Illuminate/Pipeline/Pipeline.php(219): Illuminate\\Http\\Middleware\\ValidatePathEncoding->handle()
#19 /home/clj/repo/bckgrnd-msc/floor-desktop/vendor/laravel/framework/src/Illuminate/Pipeline/Pipeline.php(137): Illuminate\\Pipeline\\Pipeline->{closure:{closure:Illuminate\\Pipeline\\Pipeline::carry():194}:195}()
#20 /home/clj/repo/bckgrnd-msc/floor-desktop/vendor/laravel/framework/src/Illuminate/Foundation/Http/Kernel.php(175): Illuminate\\Pipeline\\Pipeline->then()
#21 /home/clj/repo/bckgrnd-msc/floor-desktop/vendor/laravel/framework/src/Illuminate/Foundation/Http/Kernel.php(144): Illuminate\\Foundation\\Http\\Kernel->sendRequestThroughRouter()
#22 /home/clj/repo/bckgrnd-msc/floor-desktop/vendor/laravel/framework/src/Illuminate/Foundation/Application.php(1220): Illuminate\\Foundation\\Http\\Kernel->handle()
#23 /home/clj/repo/bckgrnd-msc/floor-desktop/public/index.php(22): Illuminate\\Foundation\\Application->handleRequest()
#24 /home/clj/repo/bckgrnd-msc/floor-desktop/vendor/laravel/framework/src/Illuminate/Foundation/resources/server.php(23): require_once('...')
#25 {main}
"} 
[2026-10-02 06:46:45] local.ERROR: {closure:{closure:/home/clj/repo/bckgrnd-msc/floor-desktop/bootstrap/app.php:35}:42}(): Argument #2 ($request) must be of type Request, Illuminate\Http\Request given, called in /home/clj/repo/bckgrnd-msc/floor-desktop/vendor/laravel/framework/src/Illuminate/Foundation/Exceptions/Handler.php on line 717 {"exception":"[object] (TypeError(code: 0): {closure:{closure:/home/clj/repo/bckgrnd-msc/floor-desktop/bootstrap/app.php:35}:42}(): Argument #2 ($request) must be of type Request, Illuminate\\Http\\Request given, called in /home/clj/repo/bckgrnd-msc/floor-desktop/vendor/laravel/framework/src/Illuminate/Foundation/Exceptions/Handler.php on line 717 at /home/clj/repo/bckgrnd-msc/floor-desktop/bootstrap/app.php:42)
[stacktrace]
#0 /home/clj/repo/bckgrnd-msc/floor-desktop/vendor/laravel/framework/src/Illuminate/Foundation/Exceptions/Handler.php(717): {closure:{closure:/home/clj/repo/bckgrnd-msc/floor-desktop/bootstrap/app.php:35}:42}()
#1 /home/clj/repo/bckgrnd-msc/floor-desktop/vendor/laravel/framework/src/Illuminate/Foundation/Exceptions/Handler.php(618): Illuminate\\Foundation\\Exceptions\\Handler->renderViaCallbacks()
#2 /home/clj/repo/bckgrnd-msc/floor-desktop/vendor/laravel/framework/src/Illuminate/Routing/Pipeline.php(51): Illuminate\\Foundation\\Exceptions\\Handler->render()
#3 /home/clj/repo/bckgrnd-msc/floor-desktop/vendor/laravel/framework/src/Illuminate/Pipeline/Pipeline.php(224): Illuminate\\Routing\\Pipeline->handleException()
#4 /home/clj/repo/bckgrnd-msc/floor-desktop/vendor/laravel/framework/src/Illuminate/Http/Middleware/ValidatePostSize.php(27): Illuminate\\Pipeline\\Pipeline->{closure:{closure:Illuminate\\Pipeline\\Pipeline::carry():194}:195}()
#5 /home/clj/repo/bckgrnd-msc/floor-desktop/vendor/laravel/framework/src/Illuminate/Pipeline/Pipeline.php(219): Illuminate\\Http\\Middleware\\ValidatePostSize->handle()
#6 /home/clj/repo/bckgrnd-msc/floor-desktop/vendor/laravel/framework/src/Illuminate/Foundation/Http/Middleware/PreventRequestsDuringMaintenance.php(109): Illuminate\\Pipeline\\Pipeline->{closure:{closure:Illuminate\\Pipeline\\Pipeline::carry():194}:195}()
#7 /home/clj/repo/bckgrnd-msc/floor-desktop/vendor/laravel/framework/src/Illuminate/Pipeline/Pipeline.php(219): Illuminate\\Foundation\\Http\\Middleware\\PreventRequestsDuringMaintenance->handle()
#8 /home/clj/repo/bckgrnd-msc/floor-desktop/vendor/laravel/framework/src/Illuminate/Http/Middleware/HandleCors.php(74): Illuminate\\Pipeline\\Pipeline->{closure:{closure:Illuminate\\Pipeline\\Pipeline::carry():194}:195}()
#9 /home/clj/repo/bckgrnd-msc/floor-desktop/vendor/laravel/framework/src/Illuminate/Pipeline/Pipeline.php(219): Illuminate\\Http\\Middleware\\HandleCors->handle()
#10 /home/clj/repo/bckgrnd-msc/floor-desktop/vendor/laravel/framework/src/Illuminate/Http/Middleware/TrustProxies.php(58): Illuminate\\Pipeline\\Pipeline->{closure:{closure:Illuminate\\Pipeline\\Pipeline::carry():194}:195}()
#11 /home/clj/repo/bckgrnd-msc/floor-desktop/vendor/laravel/framework/src/Illuminate/Pipeline/Pipeline.php(219): Illuminate\\Http\\Middleware\\TrustProxies->handle()
#12 /home/clj/repo/bckgrnd-msc/floor-desktop/vendor/laravel/framework/src/Illuminate/Foundation/Http/Middleware/InvokeDeferredCallbacks.php(22): Illuminate\\Pipeline\\Pipeline->{closure:{closure:Illuminate\\Pipeline\\Pipeline::carry():194}:195}()
#13 /home/clj/repo/bckgrnd-msc/floor-desktop/vendor/laravel/framework/src/Illuminate/Pipeline/Pipeline.php(219): Illuminate\\Foundation\\Http\\Middleware\\InvokeDeferredCallbacks->handle()
#14 /home/clj/repo/bckgrnd-msc/floor-desktop/vendor/laravel/framework/src/Illuminate/Http/Middleware/ValidatePathEncoding.php(26): Illuminate\\Pipeline\\Pipeline->{closure:{closure:Illuminate\\Pipeline\\Pipeline::carry():194}:195}()
#15 /home/clj/repo/bckgrnd-msc/floor-desktop/vendor/laravel/framework/src/Illuminate/Pipeline/Pipeline.php(219): Illuminate\\Http\\Middleware\\ValidatePathEncoding->handle()
#16 /home/clj/repo/bckgrnd-msc/floor-desktop/vendor/laravel/framework/src/Illuminate/Pipeline/Pipeline.php(137): Illuminate\\Pipeline\\Pipeline->{closure:{closure:Illuminate\\Pipeline\\Pipeline::carry():194}:195}()
#17 /home/clj/repo/bckgrnd-msc/floor-desktop/vendor/laravel/framework/src/Illuminate/Foundation/Http/Kernel.php(175): Illuminate\\Pipeline\\Pipeline->then()
#18 /home/clj/repo/bckgrnd-msc/floor-desktop/vendor/laravel/framework/src/Illuminate/Foundation/Http/Kernel.php(144): Illuminate\\Foundation\\Http\\Kernel->sendRequestThroughRouter()
#19 /home/clj/repo/bckgrnd-msc/floor-desktop/vendor/laravel/framework/src/Illuminate/Foundation/Application.php(1220): Illuminate\\Foundation\\Http\\Kernel->handle()
#20 /home/clj/repo/bckgrnd-msc/floor-desktop/public/index.php(22): Illuminate\\Foundation\\Application->handleRequest()
#21 /home/clj/repo/bckgrnd-msc/floor-desktop/vendor/laravel/framework/src/Illuminate/Foundation/resources/server.php(23): require_once('...')
#22 {main}
"} 
[2026-10-02 06:46:45] local.ERROR: {closure:{closure:/home/clj/repo/bckgrnd-msc/floor-desktop/bootstrap/app.php:35}:42}(): Argument #2 ($request) must be of type Request, Illuminate\Http\Request given, called in /home/clj/repo/bckgrnd-msc/floor-desktop/vendor/laravel/framework/src/Illuminate/Foundation/Exceptions/Handler.php on line 717 {"exception":"[object] (TypeError(code: 0): {closure:{closure:/home/clj/repo/bckgrnd-msc/floor-desktop/bootstrap/app.php:35}:42}(): Argument #2 ($request) must be of type Request, Illuminate\\Http\\Request given, called in /home/clj/repo/bckgrnd-msc/floor-desktop/vendor/laravel/framework/src/Illuminate/Foundation/Exceptions/Handler.php on line 717 at /home/clj/repo/bckgrnd-msc/floor-desktop/bootstrap/app.php:42)
[stacktrace]
#0 /home/clj/repo/bckgrnd-msc/floor-desktop/vendor/laravel/framework/src/Illuminate/Foundation/Exceptions/Handler.php(717): {closure:{closure:/home/clj/repo/bckgrnd-msc/floor-desktop/bootstrap/app.php:35}:42}()
#1 /home/clj/repo/bckgrnd-msc/floor-desktop/vendor/laravel/framework/src/Illuminate/Foundation/Exceptions/Handler.php(618): Illuminate\\Foundation\\Exceptions\\Handler->renderViaCallbacks()
#2 /home/clj/repo/bckgrnd-msc/floor-desktop/vendor/laravel/framework/src/Illuminate/Routing/Pipeline.php(51): Illuminate\\Foundation\\Exceptions\\Handler->render()
#3 /home/clj/repo/bckgrnd-msc/floor-desktop/vendor/laravel/framework/src/Illuminate/Pipeline/Pipeline.php(224): Illuminate\\Routing\\Pipeline->handleException()
#4 /home/clj/repo/bckgrnd-msc/floor-desktop/vendor/laravel/framework/src/Illuminate/Foundation/Http/Middleware/PreventRequestsDuringMaintenance.php(109): Illuminate\\Pipeline\\Pipeline->{closure:{closure:Illuminate\\Pipeline\\Pipeline::carry():194}:195}()
#5 /home/clj/repo/bckgrnd-msc/floor-desktop/vendor/laravel/framework/src/Illuminate/Pipeline/Pipeline.php(219): Illuminate\\Foundation\\Http\\Middleware\\PreventRequestsDuringMaintenance->handle()
#6 /home/clj/repo/bckgrnd-msc/floor-desktop/vendor/laravel/framework/src/Illuminate/Http/Middleware/HandleCors.php(74): Illuminate\\Pipeline\\Pipeline->{closure:{closure:Illuminate\\Pipeline\\Pipeline::carry():194}:195}()
#7 /home/clj/repo/bckgrnd-msc/floor-desktop/vendor/laravel/framework/src/Illuminate/Pipeline/Pipeline.php(219): Illuminate\\Http\\Middleware\\HandleCors->handle()
#8 /home/clj/repo/bckgrnd-msc/floor-desktop/vendor/laravel/framework/src/Illuminate/Http/Middleware/TrustProxies.php(58): Illuminate\\Pipeline\\Pipeline->{closure:{closure:Illuminate\\Pipeline\\Pipeline::carry():194}:195}()
#9 /home/clj/repo/bckgrnd-msc/floor-desktop/vendor/laravel/framework/src/Illuminate/Pipeline/Pipeline.php(219): Illuminate\\Http\\Middleware\\TrustProxies->handle()
#10 /home/clj/repo/bckgrnd-msc/floor-desktop/vendor/laravel/framework/src/Illuminate/Foundation/Http/Middleware/InvokeDeferredCallbacks.php(22): Illuminate\\Pipeline\\Pipeline->{closure:{closure:Illuminate\\Pipeline\\Pipeline::carry():194}:195}()
#11 /home/clj/repo/bckgrnd-msc/floor-desktop/vendor/laravel/framework/src/Illuminate/Pipeline/Pipeline.php(219): Illuminate\\Foundation\\Http\\Middleware\\InvokeDeferredCallbacks->handle()
#12 /home/clj/repo/bckgrnd-msc/floor-desktop/vendor/laravel/framework/src/Illuminate/Http/Middleware/ValidatePathEncoding.php(26): Illuminate\\Pipeline\\Pipeline->{closure:{closure:Illuminate\\Pipeline\\Pipeline::carry():194}:195}()
#13 /home/clj/repo/bckgrnd-msc/floor-desktop/vendor/laravel/framework/src/Illuminate/Pipeline/Pipeline.php(219): Illuminate\\Http\\Middleware\\ValidatePathEncoding->handle()
#14 /home/clj/repo/bckgrnd-msc/floor-desktop/vendor/laravel/framework/src/Illuminate/Pipeline/Pipeline.php(137): Illuminate\\Pipeline\\Pipeline->{closure:{closure:Illuminate\\Pipeline\\Pipeline::carry():194}:195}()
#15 /home/clj/repo/bckgrnd-msc/floor-desktop/vendor/laravel/framework/src/Illuminate/Foundation/Http/Kernel.php(175): Illuminate\\Pipeline\\Pipeline->then()
#16 /home/clj/repo/bckgrnd-msc/floor-desktop/vendor/laravel/framework/src/Illuminate/Foundation/Http/Kernel.php(144): Illuminate\\Foundation\\Http\\Kernel->sendRequestThroughRouter()
#17 /home/clj/repo/bckgrnd-msc/floor-desktop/vendor/laravel/framework/src/Illuminate/Foundation/Application.php(1220): Illuminate\\Foundation\\Http\\Kernel->handle()
#18 /home/clj/repo/bckgrnd-msc/floor-desktop/public/index.php(22): Illuminate\\Foundation\\Application->handleRequest()
#19 /home/clj/repo/bckgrnd-msc/floor-desktop/vendor/laravel/framework/src/Illuminate/Foundation/resources/server.php(23): require_once('...')
#20 {main}
"} 
[2026-10-02 06:46:45] local.ERROR: {closure:{closure:/home/clj/repo/bckgrnd-msc/floor-desktop/bootstrap/app.php:35}:42}(): Argument #2 ($request) must be of type Request, Illuminate\Http\Request given, called in /home/clj/repo/bckgrnd-msc/floor-desktop/vendor/laravel/framework/src/Illuminate/Foundation/Exceptions/Handler.php on line 717 {"exception":"[object] (TypeError(code: 0): {closure:{closure:/home/clj/repo/bckgrnd-msc/floor-desktop/bootstrap/app.php:35}:42}(): Argument #2 ($request) must be of type Request, Illuminate\\Http\\Request given, called in /home/clj/repo/bckgrnd-msc/floor-desktop/vendor/laravel/framework/src/Illuminate/Foundation/Exceptions/Handler.php on line 717 at /home/clj/repo/bckgrnd-msc/floor-desktop/bootstrap/app.php:42)
[stacktrace]
#0 /home/clj/repo/bckgrnd-msc/floor-desktop/vendor/laravel/framework/src/Illuminate/Foundation/Exceptions/Handler.php(717): {closure:{closure:/home/clj/repo/bckgrnd-msc/floor-desktop/bootstrap/app.php:35}:42}()
#1 /home/clj/repo/bckgrnd-msc/floor-desktop/vendor/laravel/framework/src/Illuminate/Foundation/Exceptions/Handler.php(618): Illuminate\\Foundation\\Exceptions\\Handler->renderViaCallbacks()
#2 /home/clj/repo/bckgrnd-msc/floor-desktop/vendor/laravel/framework/src/Illuminate/Routing/Pipeline.php(51): Illuminate\\Foundation\\Exceptions\\Handler->render()
#3 /home/clj/repo/bckgrnd-msc/floor-desktop/vendor/laravel/framework/src/Illuminate/Pipeline/Pipeline.php(224): Illuminate\\Routing\\Pipeline->handleException()
#4 /home/clj/repo/bckgrnd-msc/floor-desktop/vendor/laravel/framework/src/Illuminate/Http/Middleware/HandleCors.php(74): Illuminate\\Pipeline\\Pipeline->{closure:{closure:Illuminate\\Pipeline\\Pipeline::carry():194}:195}()
#5 /home/clj/repo/bckgrnd-msc/floor-desktop/vendor/laravel/framework/src/Illuminate/Pipeline/Pipeline.php(219): Illuminate\\Http\\Middleware\\HandleCors->handle()
#6 /home/clj/repo/bckgrnd-msc/floor-desktop/vendor/laravel/framework/src/Illuminate/Http/Middleware/TrustProxies.php(58): Illuminate\\Pipeline\\Pipeline->{closure:{closure:Illuminate\\Pipeline\\Pipeline::carry():194}:195}()
#7 /home/clj/repo/bckgrnd-msc/floor-desktop/vendor/laravel/framework/src/Illuminate/Pipeline/Pipeline.php(219): Illuminate\\Http\\Middleware\\TrustProxies->handle()
#8 /home/clj/repo/bckgrnd-msc/floor-desktop/vendor/laravel/framework/src/Illuminate/Foundation/Http/Middleware/InvokeDeferredCallbacks.php(22): Illuminate\\Pipeline\\Pipeline->{closure:{closure:Illuminate\\Pipeline\\Pipeline::carry():194}:195}()
#9 /home/clj/repo/bckgrnd-msc/floor-desktop/vendor/laravel/framework/src/Illuminate/Pipeline/Pipeline.php(219): Illuminate\\Foundation\\Http\\Middleware\\InvokeDeferredCallbacks->handle()
#10 /home/clj/repo/bckgrnd-msc/floor-desktop/vendor/laravel/framework/src/Illuminate/Http/Middleware/ValidatePathEncoding.php(26): Illuminate\\Pipeline\\Pipeline->{closure:{closure:Illuminate\\Pipeline\\Pipeline::carry():194}:195}()
#11 /home/clj/repo/bckgrnd-msc/floor-desktop/vendor/laravel/framework/src/Illuminate/Pipeline/Pipeline.php(219): Illuminate\\Http\\Middleware\\ValidatePathEncoding->handle()
#12 /home/clj/repo/bckgrnd-msc/floor-desktop/vendor/laravel/framework/src/Illuminate/Pipeline/Pipeline.php(137): Illuminate\\Pipeline\\Pipeline->{closure:{closure:Illuminate\\Pipeline\\Pipeline::carry():194}:195}()
#13 /home/clj/repo/bckgrnd-msc/floor-desktop/vendor/laravel/framework/src/Illuminate/Foundation/Http/Kernel.php(175): Illuminate\\Pipeline\\Pipeline->then()
#14 /home/clj/repo/bckgrnd-msc/floor-desktop/vendor/laravel/framework/src/Illuminate/Foundation/Http/Kernel.php(144): Illuminate\\Foundation\\Http\\Kernel->sendRequestThroughRouter()
#15 /home/clj/repo/bckgrnd-msc/floor-desktop/vendor/laravel/framework/src/Illuminate/Foundation/Application.php(1220): Illuminate\\Foundation\\Http\\Kernel->handle()
#16 /home/clj/repo/bckgrnd-msc/floor-desktop/public/index.php(22): Illuminate\\Foundation\\Application->handleRequest()
#17 /home/clj/repo/bckgrnd-msc/floor-desktop/vendor/laravel/framework/src/Illuminate/Foundation/resources/server.php(23): require_once('...')
#18 {main}
"} 
[2026-10-02 06:46:45] local.ERROR: {closure:{closure:/home/clj/repo/bckgrnd-msc/floor-desktop/bootstrap/app.php:35}:42}(): Argument #2 ($request) must be of type Request, Illuminate\Http\Request given, called in /home/clj/repo/bckgrnd-msc/floor-desktop/vendor/laravel/framework/src/Illuminate/Foundation/Exceptions/Handler.php on line 717 {"exception":"[object] (TypeError(code: 0): {closure:{closure:/home/clj/repo/bckgrnd-msc/floor-desktop/bootstrap/app.php:35}:42}(): Argument #2 ($request) must be of type Request, Illuminate\\Http\\Request given, called in /home/clj/repo/bckgrnd-msc/floor-desktop/vendor/laravel/framework/src/Illuminate/Foundation/Exceptions/Handler.php on line 717 at /home/clj/repo/bckgrnd-msc/floor-desktop/bootstrap/app.php:42)
[stacktrace]
#0 /home/clj/repo/bckgrnd-msc/floor-desktop/vendor/laravel/framework/src/Illuminate/Foundation/Exceptions/Handler.php(717): {closure:{closure:/home/clj/repo/bckgrnd-msc/floor-desktop/bootstrap/app.php:35}:42}()
#1 /home/clj/repo/bckgrnd-msc/floor-desktop/vendor/laravel/framework/src/Illuminate/Foundation/Exceptions/Handler.php(618): Illuminate\\Foundation\\Exceptions\\Handler->renderViaCallbacks()
#2 /home/clj/repo/bckgrnd-msc/floor-desktop/vendor/laravel/framework/src/Illuminate/Routing/Pipeline.php(51): Illuminate\\Foundation\\Exceptions\\Handler->render()
#3 /home/clj/repo/bckgrnd-msc/floor-desktop/vendor/laravel/framework/src/Illuminate/Pipeline/Pipeline.php(224): Illuminate\\Routing\\Pipeline->handleException()
#4 /home/clj/repo/bckgrnd-msc/floor-desktop/vendor/laravel/framework/src/Illuminate/Http/Middleware/TrustProxies.php(58): Illuminate\\Pipeline\\Pipeline->{closure:{closure:Illuminate\\Pipeline\\Pipeline::carry():194}:195}()
#5 /home/clj/repo/bckgrnd-msc/floor-desktop/vendor/laravel/framework/src/Illuminate/Pipeline/Pipeline.php(219): Illuminate\\Http\\Middleware\\TrustProxies->handle()
#6 /home/clj/repo/bckgrnd-msc/floor-desktop/vendor/laravel/framework/src/Illuminate/Foundation/Http/Middleware/InvokeDeferredCallbacks.php(22): Illuminate\\Pipeline\\Pipeline->{closure:{closure:Illuminate\\Pipeline\\Pipeline::carry():194}:195}()
#7 /home/clj/repo/bckgrnd-msc/floor-desktop/vendor/laravel/framework/src/Illuminate/Pipeline/Pipeline.php(219): Illuminate\\Foundation\\Http\\Middleware\\InvokeDeferredCallbacks->handle()
#8 /home/clj/repo/bckgrnd-msc/floor-desktop/vendor/laravel/framework/src/Illuminate/Http/Middleware/ValidatePathEncoding.php(26): Illuminate\\Pipeline\\Pipeline->{closure:{closure:Illuminate\\Pipeline\\Pipeline::carry():194}:195}()
#9 /home/clj/repo/bckgrnd-msc/floor-desktop/vendor/laravel/framework/src/Illuminate/Pipeline/Pipeline.php(219): Illuminate\\Http\\Middleware\\ValidatePathEncoding->handle()
#10 /home/clj/repo/bckgrnd-msc/floor-desktop/vendor/laravel/framework/src/Illuminate/Pipeline/Pipeline.php(137): Illuminate\\Pipeline\\Pipeline->{closure:{closure:Illuminate\\Pipeline\\Pipeline::carry():194}:195}()
#11 /home/clj/repo/bckgrnd-msc/floor-desktop/vendor/laravel/framework/src/Illuminate/Foundation/Http/Kernel.php(175): Illuminate\\Pipeline\\Pipeline->then()
#12 /home/clj/repo/bckgrnd-msc/floor-desktop/vendor/laravel/framework/src/Illuminate/Foundation/Http/Kernel.php(144): Illuminate\\Foundation\\Http\\Kernel->sendRequestThroughRouter()
#13 /home/clj/repo/bckgrnd-msc/floor-desktop/vendor/laravel/framework/src/Illuminate/Foundation/Application.php(1220): Illuminate\\Foundation\\Http\\Kernel->handle()
#14 /home/clj/repo/bckgrnd-msc/floor-desktop/public/index.php(22): Illuminate\\Foundation\\Application->handleRequest()
#15 /home/clj/repo/bckgrnd-msc/floor-desktop/vendor/laravel/framework/src/Illuminate/Foundation/resources/server.php(23): require_once('...')
#16 {main}
"} 
[2026-10-02 06:46:45] local.ERROR: {closure:{closure:/home/clj/repo/bckgrnd-msc/floor-desktop/bootstrap/app.php:35}:42}(): Argument #2 ($request) must be of type Request, Illuminate\Http\Request given, called in /home/clj/repo/bckgrnd-msc/floor-desktop/vendor/laravel/framework/src/Illuminate/Foundation/Exceptions/Handler.php on line 717 {"exception":"[object] (TypeError(code: 0): {closure:{closure:/home/clj/repo/bckgrnd-msc/floor-desktop/bootstrap/app.php:35}:42}(): Argument #2 ($request) must be of type Request, Illuminate\\Http\\Request given, called in /home/clj/repo/bckgrnd-msc/floor-desktop/vendor/laravel/framework/src/Illuminate/Foundation/Exceptions/Handler.php on line 717 at /home/clj/repo/bckgrnd-msc/floor-desktop/bootstrap/app.php:42)
[stacktrace]
#0 /home/clj/repo/bckgrnd-msc/floor-desktop/vendor/laravel/framework/src/Illuminate/Foundation/Exceptions/Handler.php(717): {closure:{closure:/home/clj/repo/bckgrnd-msc/floor-desktop/bootstrap/app.php:35}:42}()
#1 /home/clj/repo/bckgrnd-msc/floor-desktop/vendor/laravel/framework/src/Illuminate/Foundation/Exceptions/Handler.php(618): Illuminate\\Foundation\\Exceptions\\Handler->renderViaCallbacks()
#2 /home/clj/repo/bckgrnd-msc/floor-desktop/vendor/laravel/framework/src/Illuminate/Routing/Pipeline.php(51): Illuminate\\Foundation\\Exceptions\\Handler->render()
#3 /home/clj/repo/bckgrnd-msc/floor-desktop/vendor/laravel/framework/src/Illuminate/Pipeline/Pipeline.php(224): Illuminate\\Routing\\Pipeline->handleException()
#4 /home/clj/repo/bckgrnd-msc/floor-desktop/vendor/laravel/framework/src/Illuminate/Foundation/Http/Middleware/InvokeDeferredCallbacks.php(22): Illuminate\\Pipeline\\Pipeline->{closure:{closure:Illuminate\\Pipeline\\Pipeline::carry():194}:195}()
#5 /home/clj/repo/bckgrnd-msc/floor-desktop/vendor/laravel/framework/src/Illuminate/Pipeline/Pipeline.php(219): Illuminate\\Foundation\\Http\\Middleware\\InvokeDeferredCallbacks->handle()
#6 /home/clj/repo/bckgrnd-msc/floor-desktop/vendor/laravel/framework/src/Illuminate/Http/Middleware/ValidatePathEncoding.php(26): Illuminate\\Pipeline\\Pipeline->{closure:{closure:Illuminate\\Pipeline\\Pipeline::carry():194}:195}()
#7 /home/clj/repo/bckgrnd-msc/floor-desktop/vendor/laravel/framework/src/Illuminate/Pipeline/Pipeline.php(219): Illuminate\\Http\\Middleware\\ValidatePathEncoding->handle()
#8 /home/clj/repo/bckgrnd-msc/floor-desktop/vendor/laravel/framework/src/Illuminate/Pipeline/Pipeline.php(137): Illuminate\\Pipeline\\Pipeline->{closure:{closure:Illuminate\\Pipeline\\Pipeline::carry():194}:195}()
#9 /home/clj/repo/bckgrnd-msc/floor-desktop/vendor/laravel/framework/src/Illuminate/Foundation/Http/Kernel.php(175): Illuminate\\Pipeline\\Pipeline->then()
#10 /home/clj/repo/bckgrnd-msc/floor-desktop/vendor/laravel/framework/src/Illuminate/Foundation/Http/Kernel.php(144): Illuminate\\Foundation\\Http\\Kernel->sendRequestThroughRouter()
#11 /home/clj/repo/bckgrnd-msc/floor-desktop/vendor/laravel/framework/src/Illuminate/Foundation/Application.php(1220): Illuminate\\Foundation\\Http\\Kernel->handle()
#12 /home/clj/repo/bckgrnd-msc/floor-desktop/public/index.php(22): Illuminate\\Foundation\\Application->handleRequest()
#13 /home/clj/repo/bckgrnd-msc/floor-desktop/vendor/laravel/framework/src/Illuminate/Foundation/resources/server.php(23): require_once('...')
#14 {main}
"} 
[2026-10-02 06:46:45] local.ERROR: {closure:{closure:/home/clj/repo/bckgrnd-msc/floor-desktop/bootstrap/app.php:35}:42}(): Argument #2 ($request) must be of type Request, Illuminate\Http\Request given, called in /home/clj/repo/bckgrnd-msc/floor-desktop/vendor/laravel/framework/src/Illuminate/Foundation/Exceptions/Handler.php on line 717 {"exception":"[object] (TypeError(code: 0): {closure:{closure:/home/clj/repo/bckgrnd-msc/floor-desktop/bootstrap/app.php:35}:42}(): Argument #2 ($request) must be of type Request, Illuminate\\Http\\Request given, called in /home/clj/repo/bckgrnd-msc/floor-desktop/vendor/laravel/framework/src/Illuminate/Foundation/Exceptions/Handler.php on line 717 at /home/clj/repo/bckgrnd-msc/floor-desktop/bootstrap/app.php:42)
[stacktrace]
#0 /home/clj/repo/bckgrnd-msc/floor-desktop/vendor/laravel/framework/src/Illuminate/Foundation/Exceptions/Handler.php(717): {closure:{closure:/home/clj/repo/bckgrnd-msc/floor-desktop/bootstrap/app.php:35}:42}()
#1 /home/clj/repo/bckgrnd-msc/floor-desktop/vendor/laravel/framework/src/Illuminate/Foundation/Exceptions/Handler.php(618): Illuminate\\Foundation\\Exceptions\\Handler->renderViaCallbacks()
#2 /home/clj/repo/bckgrnd-msc/floor-desktop/vendor/laravel/framework/src/Illuminate/Routing/Pipeline.php(51): Illuminate\\Foundation\\Exceptions\\Handler->render()
#3 /home/clj/repo/bckgrnd-msc/floor-desktop/vendor/laravel/framework/src/Illuminate/Pipeline/Pipeline.php(224): Illuminate\\Routing\\Pipeline->handleException()
#4 /home/clj/repo/bckgrnd-msc/floor-desktop/vendor/laravel/framework/src/Illuminate/Http/Middleware/ValidatePathEncoding.php(26): Illuminate\\Pipeline\\Pipeline->{closure:{closure:Illuminate\\Pipeline\\Pipeline::carry():194}:195}()
#5 /home/clj/repo/bckgrnd-msc/floor-desktop/vendor/laravel/framework/src/Illuminate/Pipeline/Pipeline.php(219): Illuminate\\Http\\Middleware\\ValidatePathEncoding->handle()
#6 /home/clj/repo/bckgrnd-msc/floor-desktop/vendor/laravel/framework/src/Illuminate/Pipeline/Pipeline.php(137): Illuminate\\Pipeline\\Pipeline->{closure:{closure:Illuminate\\Pipeline\\Pipeline::carry():194}:195}()
#7 /home/clj/repo/bckgrnd-msc/floor-desktop/vendor/laravel/framework/src/Illuminate/Foundation/Http/Kernel.php(175): Illuminate\\Pipeline\\Pipeline->then()
#8 /home/clj/repo/bckgrnd-msc/floor-desktop/vendor/laravel/framework/src/Illuminate/Foundation/Http/Kernel.php(144): Illuminate\\Foundation\\Http\\Kernel->sendRequestThroughRouter()
#9 /home/clj/repo/bckgrnd-msc/floor-desktop/vendor/laravel/framework/src/Illuminate/Foundation/Application.php(1220): Illuminate\\Foundation\\Http\\Kernel->handle()
#10 /home/clj/repo/bckgrnd-msc/floor-desktop/public/index.php(22): Illuminate\\Foundation\\Application->handleRequest()
#11 /home/clj/repo/bckgrnd-msc/floor-desktop/vendor/laravel/framework/src/Illuminate/Foundation/resources/server.php(23): require_once('...')
#12 {main}
"} 
[2026-10-02 06:46:45] local.ERROR: {closure:{closure:/home/clj/repo/bckgrnd-msc/floor-desktop/bootstrap/app.php:35}:42}(): Argument #2 ($request) must be of type Request, Illuminate\Http\Request given, called in /home/clj/repo/bckgrnd-msc/floor-desktop/vendor/laravel/framework/src/Illuminate/Foundation/Exceptions/Handler.php on line 717 {"exception":"[object] (TypeError(code: 0): {closure:{closure:/home/clj/repo/bckgrnd-msc/floor-desktop/bootstrap/app.php:35}:42}(): Argument #2 ($request) must be of type Request, Illuminate\\Http\\Request given, called in /home/clj/repo/bckgrnd-msc/floor-desktop/vendor/laravel/framework/src/Illuminate/Foundation/Exceptions/Handler.php on line 717 at /home/clj/repo/bckgrnd-msc/floor-desktop/bootstrap/app.php:42)
[stacktrace]
#0 /home/clj/repo/bckgrnd-msc/floor-desktop/vendor/laravel/framework/src/Illuminate/Foundation/Exceptions/Handler.php(717): {closure:{closure:/home/clj/repo/bckgrnd-msc/floor-desktop/bootstrap/app.php:35}:42}()
#1 /home/clj/repo/bckgrnd-msc/floor-desktop/vendor/laravel/framework/src/Illuminate/Foundation/Exceptions/Handler.php(618): Illuminate\\Foundation\\Exceptions\\Handler->renderViaCallbacks()
#2 /home/clj/repo/bckgrnd-msc/floor-desktop/vendor/laravel/framework/src/Illuminate/Routing/Pipeline.php(51): Illuminate\\Foundation\\Exceptions\\Handler->render()
#3 /home/clj/repo/bckgrnd-msc/floor-desktop/vendor/laravel/framework/src/Illuminate/Pipeline/Pipeline.php(224): Illuminate\\Routing\\Pipeline->handleException()
#4 /home/clj/repo/bckgrnd-msc/floor-desktop/vendor/laravel/framework/src/Illuminate/Pipeline/Pipeline.php(137): Illuminate\\Pipeline\\Pipeline->{closure:{closure:Illuminate\\Pipeline\\Pipeline::carry():194}:195}()
#5 /home/clj/repo/bckgrnd-msc/floor-desktop/vendor/laravel/framework/src/Illuminate/Foundation/Http/Kernel.php(175): Illuminate\\Pipeline\\Pipeline->then()
#6 /home/clj/repo/bckgrnd-msc/floor-desktop/vendor/laravel/framework/src/Illuminate/Foundation/Http/Kernel.php(144): Illuminate\\Foundation\\Http\\Kernel->sendRequestThroughRouter()
#7 /home/clj/repo/bckgrnd-msc/floor-desktop/vendor/laravel/framework/src/Illuminate/Foundation/Application.php(1220): Illuminate\\Foundation\\Http\\Kernel->handle()
#8 /home/clj/repo/bckgrnd-msc/floor-desktop/public/index.php(22): Illuminate\\Foundation\\Application->handleRequest()
#9 /home/clj/repo/bckgrnd-msc/floor-desktop/vendor/laravel/framework/src/Illuminate/Foundation/resources/server.php(23): require_once('...')
#10 {main}
"} 
[2026-10-02 06:46:45] local.ERROR: {closure:{closure:/home/clj/repo/bckgrnd-msc/floor-desktop/bootstrap/app.php:35}:42}(): Argument #2 ($request) must be of type Request, Illuminate\Http\Request given, called in /home/clj/repo/bckgrnd-msc/floor-desktop/vendor/laravel/framework/src/Illuminate/Foundation/Exceptions/Handler.php on line 717 {"exception":"[object] (TypeError(code: 0): {closure:{closure:/home/clj/repo/bckgrnd-msc/floor-desktop/bootstrap/app.php:35}:42}(): Argument #2 ($request) must be of type Request, Illuminate\\Http\\Request given, called in /home/clj/repo/bckgrnd-msc/floor-desktop/vendor/laravel/framework/src/Illuminate/Foundation/Exceptions/Handler.php on line 717 at /home/clj/repo/bckgrnd-msc/floor-desktop/bootstrap/app.php:42)
[stacktrace]
#0 /home/clj/repo/bckgrnd-msc/floor-desktop/vendor/laravel/framework/src/Illuminate/Foundation/Exceptions/Handler.php(717): {closure:{closure:/home/clj/repo/bckgrnd-msc/floor-desktop/bootstrap/app.php:35}:42}()
#1 /home/clj/repo/bckgrnd-msc/floor-desktop/vendor/laravel/framework/src/Illuminate/Foundation/Exceptions/Handler.php(618): Illuminate\\Foundation\\Exceptions\\Handler->renderViaCallbacks()
#2 /home/clj/repo/bckgrnd-msc/floor-desktop/vendor/laravel/framework/src/Illuminate/Foundation/Http/Kernel.php(574): Illuminate\\Foundation\\Exceptions\\Handler->render()
#3 /home/clj/repo/bckgrnd-msc/floor-desktop/vendor/laravel/framework/src/Illuminate/Foundation/Http/Kernel.php(148): Illuminate\\Foundation\\Http\\Kernel->renderException()
#4 /home/clj/repo/bckgrnd-msc/floor-desktop/vendor/laravel/framework/src/Illuminate/Foundation/Application.php(1220): Illuminate\\Foundation\\Http\\Kernel->handle()
#5 /home/clj/repo/bckgrnd-msc/floor-desktop/public/index.php(22): Illuminate\\Foundation\\Application->handleRequest()
#6 /home/clj/repo/bckgrnd-msc/floor-desktop/vendor/laravel/framework/src/Illuminate/Foundation/resources/server.php(23): require_once('...')
#7 {main}
"} 
[2026-10-02 06:46:45] local.ERROR: Uncaught TypeError: {closure:{closure:/home/clj/repo/bckgrnd-msc/floor-desktop/bootstrap/app.php:35}:42}(): Argument #2 ($request) must be of type Request, Illuminate\Http\Request given, called in /home/clj/repo/bckgrnd-msc/floor-desktop/vendor/laravel/framework/src/Illuminate/Foundation/Exceptions/Handler.php on line 717 and defined in /home/clj/repo/bckgrnd-msc/floor-desktop/bootstrap/app.php:42
Stack trace:
#0 /home/clj/repo/bckgrnd-msc/floor-desktop/vendor/laravel/framework/src/Illuminate/Foundation/Exceptions/Handler.php(717): {closure:{closure:/home/clj/repo/bckgrnd-msc/floor-desktop/bootstrap/app.php:35}:42}()
#1 /home/clj/repo/bckgrnd-msc/floor-desktop/vendor/laravel/framework/src/Illuminate/Foundation/Exceptions/Handler.php(618): Illuminate\Foundation\Exceptions\Handler->renderViaCallbacks()
#2 /home/clj/repo/bckgrnd-msc/floor-desktop/vendor/laravel/framework/src/Illuminate/Foundation/Bootstrap/HandleExceptions.php(225): Illuminate\Foundation\Exceptions\Handler->render()
#3 /home/clj/repo/bckgrnd-msc/floor-desktop/vendor/laravel/framework/src/Illuminate/Foundation/Bootstrap/HandleExceptions.php(202): Illuminate\Foundation\Bootstrap\HandleExceptions->renderHttpResponse()
#4 /home/clj/repo/bckgrnd-msc/floor-desktop/vendor/laravel/framework/src/Illuminate/Foundation/Bootstrap/HandleExceptions.php(262): Illuminate\Foundation\Bootstrap\HandleExceptions->handleException()
#5 [internal function]: Illuminate\Foundation\Bootstrap\HandleExceptions->{closure:Illuminate\Foundation\Bootstrap\HandleExceptions::forwardsTo():261}()
#6 {main}
  thrown {"exception":"[object] (Symfony\\Component\\ErrorHandler\\Error\\FatalError(code: 0): Uncaught TypeError: {closure:{closure:/home/clj/repo/bckgrnd-msc/floor-desktop/bootstrap/app.php:35}:42}(): Argument #2 ($request) must be of type Request, Illuminate\\Http\\Request given, called in /home/clj/repo/bckgrnd-msc/floor-desktop/vendor/laravel/framework/src/Illuminate/Foundation/Exceptions/Handler.php on line 717 and defined in /home/clj/repo/bckgrnd-msc/floor-desktop/bootstrap/app.php:42
Stack trace:
#0 /home/clj/repo/bckgrnd-msc/floor-desktop/vendor/laravel/framework/src/Illuminate/Foundation/Exceptions/Handler.php(717): {closure:{closure:/home/clj/repo/bckgrnd-msc/floor-desktop/bootstrap/app.php:35}:42}()
#1 /home/clj/repo/bckgrnd-msc/floor-desktop/vendor/laravel/framework/src/Illuminate/Foundation/Exceptions/Handler.php(618): Illuminate\\Foundation\\Exceptions\\Handler->renderViaCallbacks()
#2 /home/clj/repo/bckgrnd-msc/floor-desktop/vendor/laravel/framework/src/Illuminate/Foundation/Bootstrap/HandleExceptions.php(225): Illuminate\\Foundation\\Exceptions\\Handler->render()
#3 /home/clj/repo/bckgrnd-msc/floor-desktop/vendor/laravel/framework/src/Illuminate/Foundation/Bootstrap/HandleExceptions.php(202): Illuminate\\Foundation\\Bootstrap\\HandleExceptions->renderHttpResponse()
#4 /home/clj/repo/bckgrnd-msc/floor-desktop/vendor/laravel/framework/src/Illuminate/Foundation/Bootstrap/HandleExceptions.php(262): Illuminate\\Foundation\\Bootstrap\\HandleExceptions->handleException()
#5 [internal function]: Illuminate\\Foundation\\Bootstrap\\HandleExceptions->{closure:Illuminate\\Foundation\\Bootstrap\\HandleExceptions::forwardsTo():261}()
#6 {main}
  thrown at /home/clj/repo/bckgrnd-msc/floor-desktop/bootstrap/app.php:42)
[stacktrace]
#0 {main}
"} 
[2026-10-02 06:46:45] local.ERROR: {closure:{closure:/home/clj/repo/bckgrnd-msc/floor-desktop/bootstrap/app.php:35}:42}(): Argument #2 ($request) must be of type Request, Illuminate\Http\Request given, called in /home/clj/repo/bckgrnd-msc/floor-desktop/vendor/laravel/framework/src/Illuminate/Foundation/Exceptions/Handler.php on line 717 {"exception":"[object] (TypeError(code: 0): {closure:{closure:/home/clj/repo/bckgrnd-msc/floor-desktop/bootstrap/app.php:35}:42}(): Argument #2 ($request) must be of type Request, Illuminate\\Http\\Request given, called in /home/clj/repo/bckgrnd-msc/floor-desktop/vendor/laravel/framework/src/Illuminate/Foundation/Exceptions/Handler.php on line 717 at /home/clj/repo/bckgrnd-msc/floor-desktop/bootstrap/app.php:42)
[stacktrace]
#0 /home/clj/repo/bckgrnd-msc/floor-desktop/vendor/laravel/framework/src/Illuminate/Foundation/Exceptions/Handler.php(717): {closure:{closure:/home/clj/repo/bckgrnd-msc/floor-desktop/bootstrap/app.php:35}:42}()
#1 /home/clj/repo/bckgrnd-msc/floor-desktop/vendor/laravel/framework/src/Illuminate/Foundation/Exceptions/Handler.php(618): Illuminate\\Foundation\\Exceptions\\Handler->renderViaCallbacks()
#2 /home/clj/repo/bckgrnd-msc/floor-desktop/vendor/laravel/framework/src/Illuminate/Routing/Pipeline.php(51): Illuminate\\Foundation\\Exceptions\\Handler->render()
#3 /home/clj/repo/bckgrnd-msc/floor-desktop/vendor/laravel/framework/src/Illuminate/Pipeline/Pipeline.php(182): Illuminate\\Routing\\Pipeline->handleException()
#4 /home/clj/repo/bckgrnd-msc/floor-desktop/vendor/laravel/framework/src/Illuminate/Routing/Middleware/SubstituteBindings.php(50): Illuminate\\Pipeline\\Pipeline->{closure:Illuminate\\Pipeline\\Pipeline::prepareDestination():178}()
#5 /home/clj/repo/bckgrnd-msc/floor-desktop/vendor/laravel/framework/src/Illuminate/Pipeline/Pipeline.php(219): Illuminate\\Routing\\Middleware\\SubstituteBindings->handle()
#6 /home/clj/repo/bckgrnd-msc/floor-desktop/vendor/laravel/framework/src/Illuminate/Http/Middleware/HandleCors.php(74): Illuminate\\Pipeline\\Pipeline->{closure:{closure:Illuminate\\Pipeline\\Pipeline::carry():194}:195}()
#7 /home/clj/repo/bckgrnd-msc/floor-desktop/vendor/laravel/framework/src/Illuminate/Pipeline/Pipeline.php(219): Illuminate\\Http\\Middleware\\HandleCors->handle()
#8 /home/clj/repo/bckgrnd-msc/floor-desktop/vendor/laravel/framework/src/Illuminate/Pipeline/Pipeline.php(137): Illuminate\\Pipeline\\Pipeline->{closure:{closure:Illuminate\\Pipeline\\Pipeline::carry():194}:195}()
#9 /home/clj/repo/bckgrnd-msc/floor-desktop/vendor/laravel/framework/src/Illuminate/Routing/Router.php(821): Illuminate\\Pipeline\\Pipeline->then()
#10 /home/clj/repo/bckgrnd-msc/floor-desktop/vendor/laravel/framework/src/Illuminate/Routing/Router.php(800): Illuminate\\Routing\\Router->runRouteWithinStack()
#11 /home/clj/repo/bckgrnd-msc/floor-desktop/vendor/laravel/framework/src/Illuminate/Routing/Router.php(764): Illuminate\\Routing\\Router->runRoute()
#12 /home/clj/repo/bckgrnd-msc/floor-desktop/vendor/laravel/framework/src/Illuminate/Routing/Router.php(753): Illuminate\\Routing\\Router->dispatchToRoute()
#13 /home/clj/repo/bckgrnd-msc/floor-desktop/vendor/laravel/framework/src/Illuminate/Foundation/Http/Kernel.php(200): Illuminate\\Routing\\Router->dispatch()
#14 /home/clj/repo/bckgrnd-msc/floor-desktop/vendor/laravel/framework/src/Illuminate/Pipeline/Pipeline.php(180): Illuminate\\Foundation\\Http\\Kernel->{closure:Illuminate\\Foundation\\Http\\Kernel::dispatchToRouter():197}()
#15 /home/clj/repo/bckgrnd-msc/floor-desktop/vendor/laravel/framework/src/Illuminate/Foundation/Http/Middleware/TransformsRequest.php(21): Illuminate\\Pipeline\\Pipeline->{closure:Illuminate\\Pipeline\\Pipeline::prepareDestination():178}()
#16 /home/clj/repo/bckgrnd-msc/floor-desktop/vendor/laravel/framework/src/Illuminate/Foundation/Http/Middleware/ConvertEmptyStringsToNull.php(31): Illuminate\\Foundation\\Http\\Middleware\\TransformsRequest->handle()
#17 /home/clj/repo/bckgrnd-msc/floor-desktop/vendor/laravel/framework/src/Illuminate/Pipeline/Pipeline.php(219): Illuminate\\Foundation\\Http\\Middleware\\ConvertEmptyStringsToNull->handle()
#18 /home/clj/repo/bckgrnd-msc/floor-desktop/vendor/laravel/framework/src/Illuminate/Foundation/Http/Middleware/TransformsRequest.php(21): Illuminate\\Pipeline\\Pipeline->{closure:{closure:Illuminate\\Pipeline\\Pipeline::carry():194}:195}()
#19 /home/clj/repo/bckgrnd-msc/floor-desktop/vendor/laravel/framework/src/Illuminate/Foundation/Http/Middleware/TrimStrings.php(51): Illuminate\\Foundation\\Http\\Middleware\\TransformsRequest->handle()
#20 /home/clj/repo/bckgrnd-msc/floor-desktop/vendor/laravel/framework/src/Illuminate/Pipeline/Pipeline.php(219): Illuminate\\Foundation\\Http\\Middleware\\TrimStrings->handle()
#21 /home/clj/repo/bckgrnd-msc/floor-desktop/vendor/laravel/framework/src/Illuminate/Http/Middleware/ValidatePostSize.php(27): Illuminate\\Pipeline\\Pipeline->{closure:{closure:Illuminate\\Pipeline\\Pipeline::carry():194}:195}()
#22 /home/clj/repo/bckgrnd-msc/floor-desktop/vendor/laravel/framework/src/Illuminate/Pipeline/Pipeline.php(219): Illuminate\\Http\\Middleware\\ValidatePostSize->handle()
#23 /home/clj/repo/bckgrnd-msc/floor-desktop/vendor/laravel/framework/src/Illuminate/Foundation/Http/Middleware/PreventRequestsDuringMaintenance.php(109): Illuminate\\Pipeline\\Pipeline->{closure:{closure:Illuminate\\Pipeline\\Pipeline::carry():194}:195}()
#24 /home/clj/repo/bckgrnd-msc/floor-desktop/vendor/laravel/framework/src/Illuminate/Pipeline/Pipeline.php(219): Illuminate\\Foundation\\Http\\Middleware\\PreventRequestsDuringMaintenance->handle()
#25 /home/clj/repo/bckgrnd-msc/floor-desktop/vendor/laravel/framework/src/Illuminate/Http/Middleware/HandleCors.php(74): Illuminate\\Pipeline\\Pipeline->{closure:{closure:Illuminate\\Pipeline\\Pipeline::carry():194}:195}()
#26 /home/clj/repo/bckgrnd-msc/floor-desktop/vendor/laravel/framework/src/Illuminate/Pipeline/Pipeline.php(219): Illuminate\\Http\\Middleware\\HandleCors->handle()
#27 /home/clj/repo/bckgrnd-msc/floor-desktop/vendor/laravel/framework/src/Illuminate/Http/Middleware/TrustProxies.php(58): Illuminate\\Pipeline\\Pipeline->{closure:{closure:Illuminate\\Pipeline\\Pipeline::carry():194}:195}()
#28 /home/clj/repo/bckgrnd-msc/floor-desktop/vendor/laravel/framework/src/Illuminate/Pipeline/Pipeline.php(219): Illuminate\\Http\\Middleware\\TrustProxies->handle()
#29 /home/clj/repo/bckgrnd-msc/floor-desktop/vendor/laravel/framework/src/Illuminate/Foundation/Http/Middleware/InvokeDeferredCallbacks.php(22): Illuminate\\Pipeline\\Pipeline->{closure:{closure:Illuminate\\Pipeline\\Pipeline::carry():194}:195}()
#30 /home/clj/repo/bckgrnd-msc/floor-desktop/vendor/laravel/framework/src/Illuminate/Pipeline/Pipeline.php(219): Illuminate\\Foundation\\Http\\Middleware\\InvokeDeferredCallbacks->handle()
#31 /home/clj/repo/bckgrnd-msc/floor-desktop/vendor/laravel/framework/src/Illuminate/Http/Middleware/ValidatePathEncoding.php(26): Illuminate\\Pipeline\\Pipeline->{closure:{closure:Illuminate\\Pipeline\\Pipeline::carry():194}:195}()
#32 /home/clj/repo/bckgrnd-msc/floor-desktop/vendor/laravel/framework/src/Illuminate/Pipeline/Pipeline.php(219): Illuminate\\Http\\Middleware\\ValidatePathEncoding->handle()
#33 /home/clj/repo/bckgrnd-msc/floor-desktop/vendor/laravel/framework/src/Illuminate/Pipeline/Pipeline.php(137): Illuminate\\Pipeline\\Pipeline->{closure:{closure:Illuminate\\Pipeline\\Pipeline::carry():194}:195}()
#34 /home/clj/repo/bckgrnd-msc/floor-desktop/vendor/laravel/framework/src/Illuminate/Foundation/Http/Kernel.php(175): Illuminate\\Pipeline\\Pipeline->then()
#35 /home/clj/repo/bckgrnd-msc/floor-desktop/vendor/laravel/framework/src/Illuminate/Foundation/Http/Kernel.php(144): Illuminate\\Foundation\\Http\\Kernel->sendRequestThroughRouter()
#36 /home/clj/repo/bckgrnd-msc/floor-desktop/vendor/laravel/framework/src/Illuminate/Foundation/Application.php(1220): Illuminate\\Foundation\\Http\\Kernel->handle()
#37 /home/clj/repo/bckgrnd-msc/floor-desktop/public/index.php(22): Illuminate\\Foundation\\Application->handleRequest()
#38 /home/clj/repo/bckgrnd-msc/floor-desktop/vendor/laravel/framework/src/Illuminate/Foundation/resources/server.php(23): require_once('...')
#39 {main}
"} 
[2026-10-02 06:46:45] local.ERROR: {closure:{closure:/home/clj/repo/bckgrnd-msc/floor-desktop/bootstrap/app.php:35}:42}(): Argument #2 ($request) must be of type Request, Illuminate\Http\Request given, called in /home/clj/repo/bckgrnd-msc/floor-desktop/vendor/laravel/framework/src/Illuminate/Foundation/Exceptions/Handler.php on line 717 {"exception":"[object] (TypeError(code: 0): {closure:{closure:/home/clj/repo/bckgrnd-msc/floor-desktop/bootstrap/app.php:35}:42}(): Argument #2 ($request) must be of type Request, Illuminate\\Http\\Request given, called in /home/clj/repo/bckgrnd-msc/floor-desktop/vendor/laravel/framework/src/Illuminate/Foundation/Exceptions/Handler.php on line 717 at /home/clj/repo/bckgrnd-msc/floor-desktop/bootstrap/app.php:42)
[stacktrace]
#0 /home/clj/repo/bckgrnd-msc/floor-desktop/vendor/laravel/framework/src/Illuminate/Foundation/Exceptions/Handler.php(717): {closure:{closure:/home/clj/repo/bckgrnd-msc/floor-desktop/bootstrap/app.php:35}:42}()
#1 /home/clj/repo/bckgrnd-msc/floor-desktop/vendor/laravel/framework/src/Illuminate/Foundation/Exceptions/Handler.php(618): Illuminate\\Foundation\\Exceptions\\Handler->renderViaCallbacks()
#2 /home/clj/repo/bckgrnd-msc/floor-desktop/vendor/laravel/framework/src/Illuminate/Routing/Pipeline.php(51): Illuminate\\Foundation\\Exceptions\\Handler->render()
#3 /home/clj/repo/bckgrnd-msc/floor-desktop/vendor/laravel/framework/src/Illuminate/Pipeline/Pipeline.php(224): Illuminate\\Routing\\Pipeline->handleException()
#4 /home/clj/repo/bckgrnd-msc/floor-desktop/vendor/laravel/framework/src/Illuminate/Http/Middleware/HandleCors.php(74): Illuminate\\Pipeline\\Pipeline->{closure:{closure:Illuminate\\Pipeline\\Pipeline::carry():194}:195}()
#5 /home/clj/repo/bckgrnd-msc/floor-desktop/vendor/laravel/framework/src/Illuminate/Pipeline/Pipeline.php(219): Illuminate\\Http\\Middleware\\HandleCors->handle()
#6 /home/clj/repo/bckgrnd-msc/floor-desktop/vendor/laravel/framework/src/Illuminate/Pipeline/Pipeline.php(137): Illuminate\\Pipeline\\Pipeline->{closure:{closure:Illuminate\\Pipeline\\Pipeline::carry():194}:195}()
#7 /home/clj/repo/bckgrnd-msc/floor-desktop/vendor/laravel/framework/src/Illuminate/Routing/Router.php(821): Illuminate\\Pipeline\\Pipeline->then()
#8 /home/clj/repo/bckgrnd-msc/floor-desktop/vendor/laravel/framework/src/Illuminate/Routing/Router.php(800): Illuminate\\Routing\\Router->runRouteWithinStack()
#9 /home/clj/repo/bckgrnd-msc/floor-desktop/vendor/laravel/framework/src/Illuminate/Routing/Router.php(764): Illuminate\\Routing\\Router->runRoute()
#10 /home/clj/repo/bckgrnd-msc/floor-desktop/vendor/laravel/framework/src/Illuminate/Routing/Router.php(753): Illuminate\\Routing\\Router->dispatchToRoute()
#11 /home/clj/repo/bckgrnd-msc/floor-desktop/vendor/laravel/framework/src/Illuminate/Foundation/Http/Kernel.php(200): Illuminate\\Routing\\Router->dispatch()
#12 /home/clj/repo/bckgrnd-msc/floor-desktop/vendor/laravel/framework/src/Illuminate/Pipeline/Pipeline.php(180): Illuminate\\Foundation\\Http\\Kernel->{closure:Illuminate\\Foundation\\Http\\Kernel::dispatchToRouter():197}()
#13 /home/clj/repo/bckgrnd-msc/floor-desktop/vendor/laravel/framework/src/Illuminate/Foundation/Http/Middleware/TransformsRequest.php(21): Illuminate\\Pipeline\\Pipeline->{closure:Illuminate\\Pipeline\\Pipeline::prepareDestination():178}()
#14 /home/clj/repo/bckgrnd-msc/floor-desktop/vendor/laravel/framework/src/Illuminate/Foundation/Http/Middleware/ConvertEmptyStringsToNull.php(31): Illuminate\\Foundation\\Http\\Middleware\\TransformsRequest->handle()
#15 /home/clj/repo/bckgrnd-msc/floor-desktop/vendor/laravel/framework/src/Illuminate/Pipeline/Pipeline.php(219): Illuminate\\Foundation\\Http\\Middleware\\ConvertEmptyStringsToNull->handle()
#16 /home/clj/repo/bckgrnd-msc/floor-desktop/vendor/laravel/framework/src/Illuminate/Foundation/Http/Middleware/TransformsRequest.php(21): Illuminate\\Pipeline\\Pipeline->{closure:{closure:Illuminate\\Pipeline\\Pipeline::carry():194}:195}()
#17 /home/clj/repo/bckgrnd-msc/floor-desktop/vendor/laravel/framework/src/Illuminate/Foundation/Http/Middleware/TrimStrings.php(51): Illuminate\\Foundation\\Http\\Middleware\\TransformsRequest->handle()
#18 /home/clj/repo/bckgrnd-msc/floor-desktop/vendor/laravel/framework/src/Illuminate/Pipeline/Pipeline.php(219): Illuminate\\Foundation\\Http\\Middleware\\TrimStrings->handle()
#19 /home/clj/repo/bckgrnd-msc/floor-desktop/vendor/laravel/framework/src/Illuminate/Http/Middleware/ValidatePostSize.php(27): Illuminate\\Pipeline\\Pipeline->{closure:{closure:Illuminate\\Pipeline\\Pipeline::carry():194}:195}()
#20 /home/clj/repo/bckgrnd-msc/floor-desktop/vendor/laravel/framework/src/Illuminate/Pipeline/Pipeline.php(219): Illuminate\\Http\\Middleware\\ValidatePostSize->handle()
#21 /home/clj/repo/bckgrnd-msc/floor-desktop/vendor/laravel/framework/src/Illuminate/Foundation/Http/Middleware/PreventRequestsDuringMaintenance.php(109): Illuminate\\Pipeline\\Pipeline->{closure:{closure:Illuminate\\Pipeline\\Pipeline::carry():194}:195}()
#22 /home/clj/repo/bckgrnd-msc/floor-desktop/vendor/laravel/framework/src/Illuminate/Pipeline/Pipeline.php(219): Illuminate\\Foundation\\Http\\Middleware\\PreventRequestsDuringMaintenance->handle()
#23 /home/clj/repo/bckgrnd-msc/floor-desktop/vendor/laravel/framework/src/Illuminate/Http/Middleware/HandleCors.php(74): Illuminate\\Pipeline\\Pipeline->{closure:{closure:Illuminate\\Pipeline\\Pipeline::carry():194}:195}()
#24 /home/clj/repo/bckgrnd-msc/floor-desktop/vendor/laravel/framework/src/Illuminate/Pipeline/Pipeline.php(219): Illuminate\\Http\\Middleware\\HandleCors->handle()
#25 /home/clj/repo/bckgrnd-msc/floor-desktop/vendor/laravel/framework/src/Illuminate/Http/Middleware/TrustProxies.php(58): Illuminate\\Pipeline\\Pipeline->{closure:{closure:Illuminate\\Pipeline\\Pipeline::carry():194}:195}()
#26 /home/clj/repo/bckgrnd-msc/floor-desktop/vendor/laravel/framework/src/Illuminate/Pipeline/Pipeline.php(219): Illuminate\\Http\\Middleware\\TrustProxies->handle()
#27 /home/clj/repo/bckgrnd-msc/floor-desktop/vendor/laravel/framework/src/Illuminate/Foundation/Http/Middleware/InvokeDeferredCallbacks.php(22): Illuminate\\Pipeline\\Pipeline->{closure:{closure:Illuminate\\Pipeline\\Pipeline::carry():194}:195}()
#28 /home/clj/repo/bckgrnd-msc/floor-desktop/vendor/laravel/framework/src/Illuminate/Pipeline/Pipeline.php(219): Illuminate\\Foundation\\Http\\Middleware\\InvokeDeferredCallbacks->handle()
#29 /home/clj/repo/bckgrnd-msc/floor-desktop/vendor/laravel/framework/src/Illuminate/Http/Middleware/ValidatePathEncoding.php(26): Illuminate\\Pipeline\\Pipeline->{closure:{closure:Illuminate\\Pipeline\\Pipeline::carry():194}:195}()
#30 /home/clj/repo/bckgrnd-msc/floor-desktop/vendor/laravel/framework/src/Illuminate/Pipeline/Pipeline.php(219): Illuminate\\Http\\Middleware\\ValidatePathEncoding->handle()
#31 /home/clj/repo/bckgrnd-msc/floor-desktop/vendor/laravel/framework/src/Illuminate/Pipeline/Pipeline.php(137): Illuminate\\Pipeline\\Pipeline->{closure:{closure:Illuminate\\Pipeline\\Pipeline::carry():194}:195}()
#32 /home/clj/repo/bckgrnd-msc/floor-desktop/vendor/laravel/framework/src/Illuminate/Foundation/Http/Kernel.php(175): Illuminate\\Pipeline\\Pipeline->then()
#33 /home/clj/repo/bckgrnd-msc/floor-desktop/vendor/laravel/framework/src/Illuminate/Foundation/Http/Kernel.php(144): Illuminate\\Foundation\\Http\\Kernel->sendRequestThroughRouter()
#34 /home/clj/repo/bckgrnd-msc/floor-desktop/vendor/laravel/framework/src/Illuminate/Foundation/Application.php(1220): Illuminate\\Foundation\\Http\\Kernel->handle()
#35 /home/clj/repo/bckgrnd-msc/floor-desktop/public/index.php(22): Illuminate\\Foundation\\Application->handleRequest()
#36 /home/clj/repo/bckgrnd-msc/floor-desktop/vendor/laravel/framework/src/Illuminate/Foundation/resources/server.php(23): require_once('...')
#37 {main}
"} 
[2026-10-02 06:46:45] local.ERROR: {closure:{closure:/home/clj/repo/bckgrnd-msc/floor-desktop/bootstrap/app.php:35}:42}(): Argument #2 ($request) must be of type Request, Illuminate\Http\Request given, called in /home/clj/repo/bckgrnd-msc/floor-desktop/vendor/laravel/framework/src/Illuminate/Foundation/Exceptions/Handler.php on line 717 {"exception":"[object] (TypeError(code: 0): {closure:{closure:/home/clj/repo/bckgrnd-msc/floor-desktop/bootstrap/app.php:35}:42}(): Argument #2 ($request) must be of type Request, Illuminate\\Http\\Request given, called in /home/clj/repo/bckgrnd-msc/floor-desktop/vendor/laravel/framework/src/Illuminate/Foundation/Exceptions/Handler.php on line 717 at /home/clj/repo/bckgrnd-msc/floor-desktop/bootstrap/app.php:42)
[stacktrace]
#0 /home/clj/repo/bckgrnd-msc/floor-desktop/vendor/laravel/framework/src/Illuminate/Foundation/Exceptions/Handler.php(717): {closure:{closure:/home/clj/repo/bckgrnd-msc/floor-desktop/bootstrap/app.php:35}:42}()
#1 /home/clj/repo/bckgrnd-msc/floor-desktop/vendor/laravel/framework/src/Illuminate/Foundation/Exceptions/Handler.php(618): Illuminate\\Foundation\\Exceptions\\Handler->renderViaCallbacks()
#2 /home/clj/repo/bckgrnd-msc/floor-desktop/vendor/laravel/framework/src/Illuminate/Routing/Pipeline.php(51): Illuminate\\Foundation\\Exceptions\\Handler->render()
#3 /home/clj/repo/bckgrnd-msc/floor-desktop/vendor/laravel/framework/src/Illuminate/Pipeline/Pipeline.php(224): Illuminate\\Routing\\Pipeline->handleException()
#4 /home/clj/repo/bckgrnd-msc/floor-desktop/vendor/laravel/framework/src/Illuminate/Pipeline/Pipeline.php(137): Illuminate\\Pipeline\\Pipeline->{closure:{closure:Illuminate\\Pipeline\\Pipeline::carry():194}:195}()
#5 /home/clj/repo/bckgrnd-msc/floor-desktop/vendor/laravel/framework/src/Illuminate/Routing/Router.php(821): Illuminate\\Pipeline\\Pipeline->then()
#6 /home/clj/repo/bckgrnd-msc/floor-desktop/vendor/laravel/framework/src/Illuminate/Routing/Router.php(800): Illuminate\\Routing\\Router->runRouteWithinStack()
#7 /home/clj/repo/bckgrnd-msc/floor-desktop/vendor/laravel/framework/src/Illuminate/Routing/Router.php(764): Illuminate\\Routing\\Router->runRoute()
#8 /home/clj/repo/bckgrnd-msc/floor-desktop/vendor/laravel/framework/src/Illuminate/Routing/Router.php(753): Illuminate\\Routing\\Router->dispatchToRoute()
#9 /home/clj/repo/bckgrnd-msc/floor-desktop/vendor/laravel/framework/src/Illuminate/Foundation/Http/Kernel.php(200): Illuminate\\Routing\\Router->dispatch()
#10 /home/clj/repo/bckgrnd-msc/floor-desktop/vendor/laravel/framework/src/Illuminate/Pipeline/Pipeline.php(180): Illuminate\\Foundation\\Http\\Kernel->{closure:Illuminate\\Foundation\\Http\\Kernel::dispatchToRouter():197}()
#11 /home/clj/repo/bckgrnd-msc/floor-desktop/vendor/laravel/framework/src/Illuminate/Foundation/Http/Middleware/TransformsRequest.php(21): Illuminate\\Pipeline\\Pipeline->{closure:Illuminate\\Pipeline\\Pipeline::prepareDestination():178}()
#12 /home/clj/repo/bckgrnd-msc/floor-desktop/vendor/laravel/framework/src/Illuminate/Foundation/Http/Middleware/ConvertEmptyStringsToNull.php(31): Illuminate\\Foundation\\Http\\Middleware\\TransformsRequest->handle()
#13 /home/clj/repo/bckgrnd-msc/floor-desktop/vendor/laravel/framework/src/Illuminate/Pipeline/Pipeline.php(219): Illuminate\\Foundation\\Http\\Middleware\\ConvertEmptyStringsToNull->handle()
#14 /home/clj/repo/bckgrnd-msc/floor-desktop/vendor/laravel/framework/src/Illuminate/Foundation/Http/Middleware/TransformsRequest.php(21): Illuminate\\Pipeline\\Pipeline->{closure:{closure:Illuminate\\Pipeline\\Pipeline::carry():194}:195}()
#15 /home/clj/repo/bckgrnd-msc/floor-desktop/vendor/laravel/framework/src/Illuminate/Foundation/Http/Middleware/TrimStrings.php(51): Illuminate\\Foundation\\Http\\Middleware\\TransformsRequest->handle()
#16 /home/clj/repo/bckgrnd-msc/floor-desktop/vendor/laravel/framework/src/Illuminate/Pipeline/Pipeline.php(219): Illuminate\\Foundation\\Http\\Middleware\\TrimStrings->handle()
#17 /home/clj/repo/bckgrnd-msc/floor-desktop/vendor/laravel/framework/src/Illuminate/Http/Middleware/ValidatePostSize.php(27): Illuminate\\Pipeline\\Pipeline->{closure:{closure:Illuminate\\Pipeline\\Pipeline::carry():194}:195}()
#18 /home/clj/repo/bckgrnd-msc/floor-desktop/vendor/laravel/framework/src/Illuminate/Pipeline/Pipeline.php(219): Illuminate\\Http\\Middleware\\ValidatePostSize->handle()
#19 /home/clj/repo/bckgrnd-msc/floor-desktop/vendor/laravel/framework/src/Illuminate/Foundation/Http/Middleware/PreventRequestsDuringMaintenance.php(109): Illuminate\\Pipeline\\Pipeline->{closure:{closure:Illuminate\\Pipeline\\Pipeline::carry():194}:195}()
#20 /home/clj/repo/bckgrnd-msc/floor-desktop/vendor/laravel/framework/src/Illuminate/Pipeline/Pipeline.php(219): Illuminate\\Foundation\\Http\\Middleware\\PreventRequestsDuringMaintenance->handle()
#21 /home/clj/repo/bckgrnd-msc/floor-desktop/vendor/laravel/framework/src/Illuminate/Http/Middleware/HandleCors.php(74): Illuminate\\Pipeline\\Pipeline->{closure:{closure:Illuminate\\Pipeline\\Pipeline::carry():194}:195}()
#22 /home/clj/repo/bckgrnd-msc/floor-desktop/vendor/laravel/framework/src/Illuminate/Pipeline/Pipeline.php(219): Illuminate\\Http\\Middleware\\HandleCors->handle()
#23 /home/clj/repo/bckgrnd-msc/floor-desktop/vendor/laravel/framework/src/Illuminate/Http/Middleware/TrustProxies.php(58): Illuminate\\Pipeline\\Pipeline->{closure:{closure:Illuminate\\Pipeline\\Pipeline::carry():194}:195}()
#24 /home/clj/repo/bckgrnd-msc/floor-desktop/vendor/laravel/framework/src/Illuminate/Pipeline/Pipeline.php(219): Illuminate\\Http\\Middleware\\TrustProxies->handle()
#25 /home/clj/repo/bckgrnd-msc/floor-desktop/vendor/laravel/framework/src/Illuminate/Foundation/Http/Middleware/InvokeDeferredCallbacks.php(22): Illuminate\\Pipeline\\Pipeline->{closure:{closure:Illuminate\\Pipeline\\Pipeline::carry():194}:195}()
#26 /home/clj/repo/bckgrnd-msc/floor-desktop/vendor/laravel/framework/src/Illuminate/Pipeline/Pipeline.php(219): Illuminate\\Foundation\\Http\\Middleware\\InvokeDeferredCallbacks->handle()
#27 /home/clj/repo/bckgrnd-msc/floor-desktop/vendor/laravel/framework/src/Illuminate/Http/Middleware/ValidatePathEncoding.php(26): Illuminate\\Pipeline\\Pipeline->{closure:{closure:Illuminate\\Pipeline\\Pipeline::carry():194}:195}()
#28 /home/clj/repo/bckgrnd-msc/floor-desktop/vendor/laravel/framework/src/Illuminate/Pipeline/Pipeline.php(219): Illuminate\\Http\\Middleware\\ValidatePathEncoding->handle()
#29 /home/clj/repo/bckgrnd-msc/floor-desktop/vendor/laravel/framework/src/Illuminate/Pipeline/Pipeline.php(137): Illuminate\\Pipeline\\Pipeline->{closure:{closure:Illuminate\\Pipeline\\Pipeline::carry():194}:195}()
#30 /home/clj/repo/bckgrnd-msc/floor-desktop/vendor/laravel/framework/src/Illuminate/Foundation/Http/Kernel.php(175): Illuminate\\Pipeline\\Pipeline->then()
#31 /home/clj/repo/bckgrnd-msc/floor-desktop/vendor/laravel/framework/src/Illuminate/Foundation/Http/Kernel.php(144): Illuminate\\Foundation\\Http\\Kernel->sendRequestThroughRouter()
#32 /home/clj/repo/bckgrnd-msc/floor-desktop/vendor/laravel/framework/src/Illuminate/Foundation/Application.php(1220): Illuminate\\Foundation\\Http\\Kernel->handle()
#33 /home/clj/repo/bckgrnd-msc/floor-desktop/public/index.php(22): Illuminate\\Foundation\\Application->handleRequest()
#34 /home/clj/repo/bckgrnd-msc/floor-desktop/vendor/laravel/framework/src/Illuminate/Foundation/resources/server.php(23): require_once('...')
#35 {main}
"} 
[2026-10-02 06:46:45] local.ERROR: {closure:{closure:/home/clj/repo/bckgrnd-msc/floor-desktop/bootstrap/app.php:35}:42}(): Argument #2 ($request) must be of type Request, Illuminate\Http\Request given, called in /home/clj/repo/bckgrnd-msc/floor-desktop/vendor/laravel/framework/src/Illuminate/Foundation/Exceptions/Handler.php on line 717 {"exception":"[object] (TypeError(code: 0): {closure:{closure:/home/clj/repo/bckgrnd-msc/floor-desktop/bootstrap/app.php:35}:42}(): Argument #2 ($request) must be of type Request, Illuminate\\Http\\Request given, called in /home/clj/repo/bckgrnd-msc/floor-desktop/vendor/laravel/framework/src/Illuminate/Foundation/Exceptions/Handler.php on line 717 at /home/clj/repo/bckgrnd-msc/floor-desktop/bootstrap/app.php:42)
[stacktrace]
#0 /home/clj/repo/bckgrnd-msc/floor-desktop/vendor/laravel/framework/src/Illuminate/Foundation/Exceptions/Handler.php(717): {closure:{closure:/home/clj/repo/bckgrnd-msc/floor-desktop/bootstrap/app.php:35}:42}()
#1 /home/clj/repo/bckgrnd-msc/floor-desktop/vendor/laravel/framework/src/Illuminate/Foundation/Exceptions/Handler.php(618): Illuminate\\Foundation\\Exceptions\\Handler->renderViaCallbacks()
#2 /home/clj/repo/bckgrnd-msc/floor-desktop/vendor/laravel/framework/src/Illuminate/Routing/Pipeline.php(51): Illuminate\\Foundation\\Exceptions\\Handler->render()
#3 /home/clj/repo/bckgrnd-msc/floor-desktop/vendor/laravel/framework/src/Illuminate/Pipeline/Pipeline.php(182): Illuminate\\Routing\\Pipeline->handleException()
#4 /home/clj/repo/bckgrnd-msc/floor-desktop/vendor/laravel/framework/src/Illuminate/Foundation/Http/Middleware/TransformsRequest.php(21): Illuminate\\Pipeline\\Pipeline->{closure:Illuminate\\Pipeline\\Pipeline::prepareDestination():178}()
#5 /home/clj/repo/bckgrnd-msc/floor-desktop/vendor/laravel/framework/src/Illuminate/Foundation/Http/Middleware/ConvertEmptyStringsToNull.php(31): Illuminate\\Foundation\\Http\\Middleware\\TransformsRequest->handle()
#6 /home/clj/repo/bckgrnd-msc/floor-desktop/vendor/laravel/framework/src/Illuminate/Pipeline/Pipeline.php(219): Illuminate\\Foundation\\Http\\Middleware\\ConvertEmptyStringsToNull->handle()
#7 /home/clj/repo/bckgrnd-msc/floor-desktop/vendor/laravel/framework/src/Illuminate/Foundation/Http/Middleware/TransformsRequest.php(21): Illuminate\\Pipeline\\Pipeline->{closure:{closure:Illuminate\\Pipeline\\Pipeline::carry():194}:195}()
#8 /home/clj/repo/bckgrnd-msc/floor-desktop/vendor/laravel/framework/src/Illuminate/Foundation/Http/Middleware/TrimStrings.php(51): Illuminate\\Foundation\\Http\\Middleware\\TransformsRequest->handle()
#9 /home/clj/repo/bckgrnd-msc/floor-desktop/vendor/laravel/framework/src/Illuminate/Pipeline/Pipeline.php(219): Illuminate\\Foundation\\Http\\Middleware\\TrimStrings->handle()
#10 /home/clj/repo/bckgrnd-msc/floor-desktop/vendor/laravel/framework/src/Illuminate/Http/Middleware/ValidatePostSize.php(27): Illuminate\\Pipeline\\Pipeline->{closure:{closure:Illuminate\\Pipeline\\Pipeline::carry():194}:195}()
#11 /home/clj/repo/bckgrnd-msc/floor-desktop/vendor/laravel/framework/src/Illuminate/Pipeline/Pipeline.php(219): Illuminate\\Http\\Middleware\\ValidatePostSize->handle()
#12 /home/clj/repo/bckgrnd-msc/floor-desktop/vendor/laravel/framework/src/Illuminate/Foundation/Http/Middleware/PreventRequestsDuringMaintenance.php(109): Illuminate\\Pipeline\\Pipeline->{closure:{closure:Illuminate\\Pipeline\\Pipeline::carry():194}:195}()
#13 /home/clj/repo/bckgrnd-msc/floor-desktop/vendor/laravel/framework/src/Illuminate/Pipeline/Pipeline.php(219): Illuminate\\Foundation\\Http\\Middleware\\PreventRequestsDuringMaintenance->handle()
#14 /home/clj/repo/bckgrnd-msc/floor-desktop/vendor/laravel/framework/src/Illuminate/Http/Middleware/HandleCors.php(74): Illuminate\\Pipeline\\Pipeline->{closure:{closure:Illuminate\\Pipeline\\Pipeline::carry():194}:195}()
#15 /home/clj/repo/bckgrnd-msc/floor-desktop/vendor/laravel/framework/src/Illuminate/Pipeline/Pipeline.php(219): Illuminate\\Http\\Middleware\\HandleCors->handle()
#16 /home/clj/repo/bckgrnd-msc/floor-desktop/vendor/laravel/framework/src/Illuminate/Http/Middleware/TrustProxies.php(58): Illuminate\\Pipeline\\Pipeline->{closure:{closure:Illuminate\\Pipeline\\Pipeline::carry():194}:195}()
#17 /home/clj/repo/bckgrnd-msc/floor-desktop/vendor/laravel/framework/src/Illuminate/Pipeline/Pipeline.php(219): Illuminate\\Http\\Middleware\\TrustProxies->handle()
#18 /home/clj/repo/bckgrnd-msc/floor-desktop/vendor/laravel/framework/src/Illuminate/Foundation/Http/Middleware/InvokeDeferredCallbacks.php(22): Illuminate\\Pipeline\\Pipeline->{closure:{closure:Illuminate\\Pipeline\\Pipeline::carry():194}:195}()
#19 /home/clj/repo/bckgrnd-msc/floor-desktop/vendor/laravel/framework/src/Illuminate/Pipeline/Pipeline.php(219): Illuminate\\Foundation\\Http\\Middleware\\InvokeDeferredCallbacks->handle()
#20 /home/clj/repo/bckgrnd-msc/floor-desktop/vendor/laravel/framework/src/Illuminate/Http/Middleware/ValidatePathEncoding.php(26): Illuminate\\Pipeline\\Pipeline->{closure:{closure:Illuminate\\Pipeline\\Pipeline::carry():194}:195}()
#21 /home/clj/repo/bckgrnd-msc/floor-desktop/vendor/laravel/framework/src/Illuminate/Pipeline/Pipeline.php(219): Illuminate\\Http\\Middleware\\ValidatePathEncoding->handle()
#22 /home/clj/repo/bckgrnd-msc/floor-desktop/vendor/laravel/framework/src/Illuminate/Pipeline/Pipeline.php(137): Illuminate\\Pipeline\\Pipeline->{closure:{closure:Illuminate\\Pipeline\\Pipeline::carry():194}:195}()
#23 /home/clj/repo/bckgrnd-msc/floor-desktop/vendor/laravel/framework/src/Illuminate/Foundation/Http/Kernel.php(175): Illuminate\\Pipeline\\Pipeline->then()
#24 /home/clj/repo/bckgrnd-msc/floor-desktop/vendor/laravel/framework/src/Illuminate/Foundation/Http/Kernel.php(144): Illuminate\\Foundation\\Http\\Kernel->sendRequestThroughRouter()
#25 /home/clj/repo/bckgrnd-msc/floor-desktop/vendor/laravel/framework/src/Illuminate/Foundation/Application.php(1220): Illuminate\\Foundation\\Http\\Kernel->handle()
#26 /home/clj/repo/bckgrnd-msc/floor-desktop/public/index.php(22): Illuminate\\Foundation\\Application->handleRequest()
#27 /home/clj/repo/bckgrnd-msc/floor-desktop/vendor/laravel/framework/src/Illuminate/Foundation/resources/server.php(23): require_once('...')
#28 {main}
"} 
[2026-10-02 06:46:45] local.ERROR: {closure:{closure:/home/clj/repo/bckgrnd-msc/floor-desktop/bootstrap/app.php:35}:42}(): Argument #2 ($request) must be of type Request, Illuminate\Http\Request given, called in /home/clj/repo/bckgrnd-msc/floor-desktop/vendor/laravel/framework/src/Illuminate/Foundation/Exceptions/Handler.php on line 717 {"exception":"[object] (TypeError(code: 0): {closure:{closure:/home/clj/repo/bckgrnd-msc/floor-desktop/bootstrap/app.php:35}:42}(): Argument #2 ($request) must be of type Request, Illuminate\\Http\\Request given, called in /home/clj/repo/bckgrnd-msc/floor-desktop/vendor/laravel/framework/src/Illuminate/Foundation/Exceptions/Handler.php on line 717 at /home/clj/repo/bckgrnd-msc/floor-desktop/bootstrap/app.php:42)
[stacktrace]
#0 /home/clj/repo/bckgrnd-msc/floor-desktop/vendor/laravel/framework/src/Illuminate/Foundation/Exceptions/Handler.php(717): {closure:{closure:/home/clj/repo/bckgrnd-msc/floor-desktop/bootstrap/app.php:35}:42}()
#1 /home/clj/repo/bckgrnd-msc/floor-desktop/vendor/laravel/framework/src/Illuminate/Foundation/Exceptions/Handler.php(618): Illuminate\\Foundation\\Exceptions\\Handler->renderViaCallbacks()
#2 /home/clj/repo/bckgrnd-msc/floor-desktop/vendor/laravel/framework/src/Illuminate/Routing/Pipeline.php(51): Illuminate\\Foundation\\Exceptions\\Handler->render()
#3 /home/clj/repo/bckgrnd-msc/floor-desktop/vendor/laravel/framework/src/Illuminate/Pipeline/Pipeline.php(224): Illuminate\\Routing\\Pipeline->handleException()
#4 /home/clj/repo/bckgrnd-msc/floor-desktop/vendor/laravel/framework/src/Illuminate/Foundation/Http/Middleware/TransformsRequest.php(21): Illuminate\\Pipeline\\Pipeline->{closure:{closure:Illuminate\\Pipeline\\Pipeline::carry():194}:195}()
#5 /home/clj/repo/bckgrnd-msc/floor-desktop/vendor/laravel/framework/src/Illuminate/Foundation/Http/Middleware/TrimStrings.php(51): Illuminate\\Foundation\\Http\\Middleware\\TransformsRequest->handle()
#6 /home/clj/repo/bckgrnd-msc/floor-desktop/vendor/laravel/framework/src/Illuminate/Pipeline/Pipeline.php(219): Illuminate\\Foundation\\Http\\Middleware\\TrimStrings->handle()
#7 /home/clj/repo/bckgrnd-msc/floor-desktop/vendor/laravel/framework/src/Illuminate/Http/Middleware/ValidatePostSize.php(27): Illuminate\\Pipeline\\Pipeline->{closure:{closure:Illuminate\\Pipeline\\Pipeline::carry():194}:195}()
#8 /home/clj/repo/bckgrnd-msc/floor-desktop/vendor/laravel/framework/src/Illuminate/Pipeline/Pipeline.php(219): Illuminate\\Http\\Middleware\\ValidatePostSize->handle()
#9 /home/clj/repo/bckgrnd-msc/floor-desktop/vendor/laravel/framework/src/Illuminate/Foundation/Http/Middleware/PreventRequestsDuringMaintenance.php(109): Illuminate\\Pipeline\\Pipeline->{closure:{closure:Illuminate\\Pipeline\\Pipeline::carry():194}:195}()
#10 /home/clj/repo/bckgrnd-msc/floor-desktop/vendor/laravel/framework/src/Illuminate/Pipeline/Pipeline.php(219): Illuminate\\Foundation\\Http\\Middleware\\PreventRequestsDuringMaintenance->handle()
#11 /home/clj/repo/bckgrnd-msc/floor-desktop/vendor/laravel/framework/src/Illuminate/Http/Middleware/HandleCors.php(74): Illuminate\\Pipeline\\Pipeline->{closure:{closure:Illuminate\\Pipeline\\Pipeline::carry():194}:195}()
#12 /home/clj/repo/bckgrnd-msc/floor-desktop/vendor/laravel/framework/src/Illuminate/Pipeline/Pipeline.php(219): Illuminate\\Http\\Middleware\\HandleCors->handle()
#13 /home/clj/repo/bckgrnd-msc/floor-desktop/vendor/laravel/framework/src/Illuminate/Http/Middleware/TrustProxies.php(58): Illuminate\\Pipeline\\Pipeline->{closure:{closure:Illuminate\\Pipeline\\Pipeline::carry():194}:195}()
#14 /home/clj/repo/bckgrnd-msc/floor-desktop/vendor/laravel/framework/src/Illuminate/Pipeline/Pipeline.php(219): Illuminate\\Http\\Middleware\\TrustProxies->handle()
#15 /home/clj/repo/bckgrnd-msc/floor-desktop/vendor/laravel/framework/src/Illuminate/Foundation/Http/Middleware/InvokeDeferredCallbacks.php(22): Illuminate\\Pipeline\\Pipeline->{closure:{closure:Illuminate\\Pipeline\\Pipeline::carry():194}:195}()
#16 /home/clj/repo/bckgrnd-msc/floor-desktop/vendor/laravel/framework/src/Illuminate/Pipeline/Pipeline.php(219): Illuminate\\Foundation\\Http\\Middleware\\InvokeDeferredCallbacks->handle()
#17 /home/clj/repo/bckgrnd-msc/floor-desktop/vendor/laravel/framework/src/Illuminate/Http/Middleware/ValidatePathEncoding.php(26): Illuminate\\Pipeline\\Pipeline->{closure:{closure:Illuminate\\Pipeline\\Pipeline::carry():194}:195}()
#18 /home/clj/repo/bckgrnd-msc/floor-desktop/vendor/laravel/framework/src/Illuminate/Pipeline/Pipeline.php(219): Illuminate\\Http\\Middleware\\ValidatePathEncoding->handle()
#19 /home/clj/repo/bckgrnd-msc/floor-desktop/vendor/laravel/framework/src/Illuminate/Pipeline/Pipeline.php(137): Illuminate\\Pipeline\\Pipeline->{closure:{closure:Illuminate\\Pipeline\\Pipeline::carry():194}:195}()
#20 /home/clj/repo/bckgrnd-msc/floor-desktop/vendor/laravel/framework/src/Illuminate/Foundation/Http/Kernel.php(175): Illuminate\\Pipeline\\Pipeline->then()
#21 /home/clj/repo/bckgrnd-msc/floor-desktop/vendor/laravel/framework/src/Illuminate/Foundation/Http/Kernel.php(144): Illuminate\\Foundation\\Http\\Kernel->sendRequestThroughRouter()
#22 /home/clj/repo/bckgrnd-msc/floor-desktop/vendor/laravel/framework/src/Illuminate/Foundation/Application.php(1220): Illuminate\\Foundation\\Http\\Kernel->handle()
#23 /home/clj/repo/bckgrnd-msc/floor-desktop/public/index.php(22): Illuminate\\Foundation\\Application->handleRequest()
#24 /home/clj/repo/bckgrnd-msc/floor-desktop/vendor/laravel/framework/src/Illuminate/Foundation/resources/server.php(23): require_once('...')
#25 {main}
"} 
[2026-10-02 06:46:45] local.ERROR: {closure:{closure:/home/clj/repo/bckgrnd-msc/floor-desktop/bootstrap/app.php:35}:42}(): Argument #2 ($request) must be of type Request, Illuminate\Http\Request given, called in /home/clj/repo/bckgrnd-msc/floor-desktop/vendor/laravel/framework/src/Illuminate/Foundation/Exceptions/Handler.php on line 717 {"exception":"[object] (TypeError(code: 0): {closure:{closure:/home/clj/repo/bckgrnd-msc/floor-desktop/bootstrap/app.php:35}:42}(): Argument #2 ($request) must be of type Request, Illuminate\\Http\\Request given, called in /home/clj/repo/bckgrnd-msc/floor-desktop/vendor/laravel/framework/src/Illuminate/Foundation/Exceptions/Handler.php on line 717 at /home/clj/repo/bckgrnd-msc/floor-desktop/bootstrap/app.php:42)
[stacktrace]
#0 /home/clj/repo/bckgrnd-msc/floor-desktop/vendor/laravel/framework/src/Illuminate/Foundation/Exceptions/Handler.php(717): {closure:{closure:/home/clj/repo/bckgrnd-msc/floor-desktop/bootstrap/app.php:35}:42}()
#1 /home/clj/repo/bckgrnd-msc/floor-desktop/vendor/laravel/framework/src/Illuminate/Foundation/Exceptions/Handler.php(618): Illuminate\\Foundation\\Exceptions\\Handler->renderViaCallbacks()
#2 /home/clj/repo/bckgrnd-msc/floor-desktop/vendor/laravel/framework/src/Illuminate/Routing/Pipeline.php(51): Illuminate\\Foundation\\Exceptions\\Handler->render()
#3 /home/clj/repo/bckgrnd-msc/floor-desktop/vendor/laravel/framework/src/Illuminate/Pipeline/Pipeline.php(224): Illuminate\\Routing\\Pipeline->handleException()
#4 /home/clj/repo/bckgrnd-msc/floor-desktop/vendor/laravel/framework/src/Illuminate/Http/Middleware/ValidatePostSize.php(27): Illuminate\\Pipeline\\Pipeline->{closure:{closure:Illuminate\\Pipeline\\Pipeline::carry():194}:195}()
#5 /home/clj/repo/bckgrnd-msc/floor-desktop/vendor/laravel/framework/src/Illuminate/Pipeline/Pipeline.php(219): Illuminate\\Http\\Middleware\\ValidatePostSize->handle()
#6 /home/clj/repo/bckgrnd-msc/floor-desktop/vendor/laravel/framework/src/Illuminate/Foundation/Http/Middleware/PreventRequestsDuringMaintenance.php(109): Illuminate\\Pipeline\\Pipeline->{closure:{closure:Illuminate\\Pipeline\\Pipeline::carry():194}:195}()
#7 /home/clj/repo/bckgrnd-msc/floor-desktop/vendor/laravel/framework/src/Illuminate/Pipeline/Pipeline.php(219): Illuminate\\Foundation\\Http\\Middleware\\PreventRequestsDuringMaintenance->handle()
#8 /home/clj/repo/bckgrnd-msc/floor-desktop/vendor/laravel/framework/src/Illuminate/Http/Middleware/HandleCors.php(74): Illuminate\\Pipeline\\Pipeline->{closure:{closure:Illuminate\\Pipeline\\Pipeline::carry():194}:195}()
#9 /home/clj/repo/bckgrnd-msc/floor-desktop/vendor/laravel/framework/src/Illuminate/Pipeline/Pipeline.php(219): Illuminate\\Http\\Middleware\\HandleCors->handle()
#10 /home/clj/repo/bckgrnd-msc/floor-desktop/vendor/laravel/framework/src/Illuminate/Http/Middleware/TrustProxies.php(58): Illuminate\\Pipeline\\Pipeline->{closure:{closure:Illuminate\\Pipeline\\Pipeline::carry():194}:195}()
#11 /home/clj/repo/bckgrnd-msc/floor-desktop/vendor/laravel/framework/src/Illuminate/Pipeline/Pipeline.php(219): Illuminate\\Http\\Middleware\\TrustProxies->handle()
#12 /home/clj/repo/bckgrnd-msc/floor-desktop/vendor/laravel/framework/src/Illuminate/Foundation/Http/Middleware/InvokeDeferredCallbacks.php(22): Illuminate\\Pipeline\\Pipeline->{closure:{closure:Illuminate\\Pipeline\\Pipeline::carry():194}:195}()
#13 /home/clj/repo/bckgrnd-msc/floor-desktop/vendor/laravel/framework/src/Illuminate/Pipeline/Pipeline.php(219): Illuminate\\Foundation\\Http\\Middleware\\InvokeDeferredCallbacks->handle()
#14 /home/clj/repo/bckgrnd-msc/floor-desktop/vendor/laravel/framework/src/Illuminate/Http/Middleware/ValidatePathEncoding.php(26): Illuminate\\Pipeline\\Pipeline->{closure:{closure:Illuminate\\Pipeline\\Pipeline::carry():194}:195}()
#15 /home/clj/repo/bckgrnd-msc/floor-desktop/vendor/laravel/framework/src/Illuminate/Pipeline/Pipeline.php(219): Illuminate\\Http\\Middleware\\ValidatePathEncoding->handle()
#16 /home/clj/repo/bckgrnd-msc/floor-desktop/vendor/laravel/framework/src/Illuminate/Pipeline/Pipeline.php(137): Illuminate\\Pipeline\\Pipeline->{closure:{closure:Illuminate\\Pipeline\\Pipeline::carry():194}:195}()
#17 /home/clj/repo/bckgrnd-msc/floor-desktop/vendor/laravel/framework/src/Illuminate/Foundation/Http/Kernel.php(175): Illuminate\\Pipeline\\Pipeline->then()
#18 /home/clj/repo/bckgrnd-msc/floor-desktop/vendor/laravel/framework/src/Illuminate/Foundation/Http/Kernel.php(144): Illuminate\\Foundation\\Http\\Kernel->sendRequestThroughRouter()
#19 /home/clj/repo/bckgrnd-msc/floor-desktop/vendor/laravel/framework/src/Illuminate/Foundation/Application.php(1220): Illuminate\\Foundation\\Http\\Kernel->handle()
#20 /home/clj/repo/bckgrnd-msc/floor-desktop/public/index.php(22): Illuminate\\Foundation\\Application->handleRequest()
#21 /home/clj/repo/bckgrnd-msc/floor-desktop/vendor/laravel/framework/src/Illuminate/Foundation/resources/server.php(23): require_once('...')
#22 {main}
"} 
[2026-10-02 06:46:45] local.ERROR: {closure:{closure:/home/clj/repo/bckgrnd-msc/floor-desktop/bootstrap/app.php:35}:42}(): Argument #2 ($request) must be of type Request, Illuminate\Http\Request given, called in /home/clj/repo/bckgrnd-msc/floor-desktop/vendor/laravel/framework/src/Illuminate/Foundation/Exceptions/Handler.php on line 717 {"exception":"[object] (TypeError(code: 0): {closure:{closure:/home/clj/repo/bckgrnd-msc/floor-desktop/bootstrap/app.php:35}:42}(): Argument #2 ($request) must be of type Request, Illuminate\\Http\\Request given, called in /home/clj/repo/bckgrnd-msc/floor-desktop/vendor/laravel/framework/src/Illuminate/Foundation/Exceptions/Handler.php on line 717 at /home/clj/repo/bckgrnd-msc/floor-desktop/bootstrap/app.php:42)
[stacktrace]
#0 /home/clj/repo/bckgrnd-msc/floor-desktop/vendor/laravel/framework/src/Illuminate/Foundation/Exceptions/Handler.php(717): {closure:{closure:/home/clj/repo/bckgrnd-msc/floor-desktop/bootstrap/app.php:35}:42}()
#1 /home/clj/repo/bckgrnd-msc/floor-desktop/vendor/laravel/framework/src/Illuminate/Foundation/Exceptions/Handler.php(618): Illuminate\\Foundation\\Exceptions\\Handler->renderViaCallbacks()
#2 /home/clj/repo/bckgrnd-msc/floor-desktop/vendor/laravel/framework/src/Illuminate/Routing/Pipeline.php(51): Illuminate\\Foundation\\Exceptions\\Handler->render()
#3 /home/clj/repo/bckgrnd-msc/floor-desktop/vendor/laravel/framework/src/Illuminate/Pipeline/Pipeline.php(224): Illuminate\\Routing\\Pipeline->handleException()
#4 /home/clj/repo/bckgrnd-msc/floor-desktop/vendor/laravel/framework/src/Illuminate/Foundation/Http/Middleware/PreventRequestsDuringMaintenance.php(109): Illuminate\\Pipeline\\Pipeline->{closure:{closure:Illuminate\\Pipeline\\Pipeline::carry():194}:195}()
#5 /home/clj/repo/bckgrnd-msc/floor-desktop/vendor/laravel/framework/src/Illuminate/Pipeline/Pipeline.php(219): Illuminate\\Foundation\\Http\\Middleware\\PreventRequestsDuringMaintenance->handle()
#6 /home/clj/repo/bckgrnd-msc/floor-desktop/vendor/laravel/framework/src/Illuminate/Http/Middleware/HandleCors.php(74): Illuminate\\Pipeline\\Pipeline->{closure:{closure:Illuminate\\Pipeline\\Pipeline::carry():194}:195}()
#7 /home/clj/repo/bckgrnd-msc/floor-desktop/vendor/laravel/framework/src/Illuminate/Pipeline/Pipeline.php(219): Illuminate\\Http\\Middleware\\HandleCors->handle()
#8 /home/clj/repo/bckgrnd-msc/floor-desktop/vendor/laravel/framework/src/Illuminate/Http/Middleware/TrustProxies.php(58): Illuminate\\Pipeline\\Pipeline->{closure:{closure:Illuminate\\Pipeline\\Pipeline::carry():194}:195}()
#9 /home/clj/repo/bckgrnd-msc/floor-desktop/vendor/laravel/framework/src/Illuminate/Pipeline/Pipeline.php(219): Illuminate\\Http\\Middleware\\TrustProxies->handle()
#10 /home/clj/repo/bckgrnd-msc/floor-desktop/vendor/laravel/framework/src/Illuminate/Foundation/Http/Middleware/InvokeDeferredCallbacks.php(22): Illuminate\\Pipeline\\Pipeline->{closure:{closure:Illuminate\\Pipeline\\Pipeline::carry():194}:195}()
#11 /home/clj/repo/bckgrnd-msc/floor-desktop/vendor/laravel/framework/src/Illuminate/Pipeline/Pipeline.php(219): Illuminate\\Foundation\\Http\\Middleware\\InvokeDeferredCallbacks->handle()
#12 /home/clj/repo/bckgrnd-msc/floor-desktop/vendor/laravel/framework/src/Illuminate/Http/Middleware/ValidatePathEncoding.php(26): Illuminate\\Pipeline\\Pipeline->{closure:{closure:Illuminate\\Pipeline\\Pipeline::carry():194}:195}()
#13 /home/clj/repo/bckgrnd-msc/floor-desktop/vendor/laravel/framework/src/Illuminate/Pipeline/Pipeline.php(219): Illuminate\\Http\\Middleware\\ValidatePathEncoding->handle()
#14 /home/clj/repo/bckgrnd-msc/floor-desktop/vendor/laravel/framework/src/Illuminate/Pipeline/Pipeline.php(137): Illuminate\\Pipeline\\Pipeline->{closure:{closure:Illuminate\\Pipeline\\Pipeline::carry():194}:195}()
#15 /home/clj/repo/bckgrnd-msc/floor-desktop/vendor/laravel/framework/src/Illuminate/Foundation/Http/Kernel.php(175): Illuminate\\Pipeline\\Pipeline->then()
#16 /home/clj/repo/bckgrnd-msc/floor-desktop/vendor/laravel/framework/src/Illuminate/Foundation/Http/Kernel.php(144): Illuminate\\Foundation\\Http\\Kernel->sendRequestThroughRouter()
#17 /home/clj/repo/bckgrnd-msc/floor-desktop/vendor/laravel/framework/src/Illuminate/Foundation/Application.php(1220): Illuminate\\Foundation\\Http\\Kernel->handle()
#18 /home/clj/repo/bckgrnd-msc/floor-desktop/public/index.php(22): Illuminate\\Foundation\\Application->handleRequest()
#19 /home/clj/repo/bckgrnd-msc/floor-desktop/vendor/laravel/framework/src/Illuminate/Foundation/resources/server.php(23): require_once('...')
#20 {main}
"} 
[2026-10-02 06:46:45] local.ERROR: {closure:{closure:/home/clj/repo/bckgrnd-msc/floor-desktop/bootstrap/app.php:35}:42}(): Argument #2 ($request) must be of type Request, Illuminate\Http\Request given, called in /home/clj/repo/bckgrnd-msc/floor-desktop/vendor/laravel/framework/src/Illuminate/Foundation/Exceptions/Handler.php on line 717 {"exception":"[object] (TypeError(code: 0): {closure:{closure:/home/clj/repo/bckgrnd-msc/floor-desktop/bootstrap/app.php:35}:42}(): Argument #2 ($request) must be of type Request, Illuminate\\Http\\Request given, called in /home/clj/repo/bckgrnd-msc/floor-desktop/vendor/laravel/framework/src/Illuminate/Foundation/Exceptions/Handler.php on line 717 at /home/clj/repo/bckgrnd-msc/floor-desktop/bootstrap/app.php:42)
[stacktrace]
#0 /home/clj/repo/bckgrnd-msc/floor-desktop/vendor/laravel/framework/src/Illuminate/Foundation/Exceptions/Handler.php(717): {closure:{closure:/home/clj/repo/bckgrnd-msc/floor-desktop/bootstrap/app.php:35}:42}()
#1 /home/clj/repo/bckgrnd-msc/floor-desktop/vendor/laravel/framework/src/Illuminate/Foundation/Exceptions/Handler.php(618): Illuminate\\Foundation\\Exceptions\\Handler->renderViaCallbacks()
#2 /home/clj/repo/bckgrnd-msc/floor-desktop/vendor/laravel/framework/src/Illuminate/Routing/Pipeline.php(51): Illuminate\\Foundation\\Exceptions\\Handler->render()
#3 /home/clj/repo/bckgrnd-msc/floor-desktop/vendor/laravel/framework/src/Illuminate/Pipeline/Pipeline.php(224): Illuminate\\Routing\\Pipeline->handleException()
#4 /home/clj/repo/bckgrnd-msc/floor-desktop/vendor/laravel/framework/src/Illuminate/Http/Middleware/HandleCors.php(74): Illuminate\\Pipeline\\Pipeline->{closure:{closure:Illuminate\\Pipeline\\Pipeline::carry():194}:195}()
#5 /home/clj/repo/bckgrnd-msc/floor-desktop/vendor/laravel/framework/src/Illuminate/Pipeline/Pipeline.php(219): Illuminate\\Http\\Middleware\\HandleCors->handle()
#6 /home/clj/repo/bckgrnd-msc/floor-desktop/vendor/laravel/framework/src/Illuminate/Http/Middleware/TrustProxies.php(58): Illuminate\\Pipeline\\Pipeline->{closure:{closure:Illuminate\\Pipeline\\Pipeline::carry():194}:195}()
#7 /home/clj/repo/bckgrnd-msc/floor-desktop/vendor/laravel/framework/src/Illuminate/Pipeline/Pipeline.php(219): Illuminate\\Http\\Middleware\\TrustProxies->handle()
#8 /home/clj/repo/bckgrnd-msc/floor-desktop/vendor/laravel/framework/src/Illuminate/Foundation/Http/Middleware/InvokeDeferredCallbacks.php(22): Illuminate\\Pipeline\\Pipeline->{closure:{closure:Illuminate\\Pipeline\\Pipeline::carry():194}:195}()
#9 /home/clj/repo/bckgrnd-msc/floor-desktop/vendor/laravel/framework/src/Illuminate/Pipeline/Pipeline.php(219): Illuminate\\Foundation\\Http\\Middleware\\InvokeDeferredCallbacks->handle()
#10 /home/clj/repo/bckgrnd-msc/floor-desktop/vendor/laravel/framework/src/Illuminate/Http/Middleware/ValidatePathEncoding.php(26): Illuminate\\Pipeline\\Pipeline->{closure:{closure:Illuminate\\Pipeline\\Pipeline::carry():194}:195}()
#11 /home/clj/repo/bckgrnd-msc/floor-desktop/vendor/laravel/framework/src/Illuminate/Pipeline/Pipeline.php(219): Illuminate\\Http\\Middleware\\ValidatePathEncoding->handle()
#12 /home/clj/repo/bckgrnd-msc/floor-desktop/vendor/laravel/framework/src/Illuminate/Pipeline/Pipeline.php(137): Illuminate\\Pipeline\\Pipeline->{closure:{closure:Illuminate\\Pipeline\\Pipeline::carry():194}:195}()
#13 /home/clj/repo/bckgrnd-msc/floor-desktop/vendor/laravel/framework/src/Illuminate/Foundation/Http/Kernel.php(175): Illuminate\\Pipeline\\Pipeline->then()
#14 /home/clj/repo/bckgrnd-msc/floor-desktop/vendor/laravel/framework/src/Illuminate/Foundation/Http/Kernel.php(144): Illuminate\\Foundation\\Http\\Kernel->sendRequestThroughRouter()
#15 /home/clj/repo/bckgrnd-msc/floor-desktop/vendor/laravel/framework/src/Illuminate/Foundation/Application.php(1220): Illuminate\\Foundation\\Http\\Kernel->handle()
#16 /home/clj/repo/bckgrnd-msc/floor-desktop/public/index.php(22): Illuminate\\Foundation\\Application->handleRequest()
#17 /home/clj/repo/bckgrnd-msc/floor-desktop/vendor/laravel/framework/src/Illuminate/Foundation/resources/server.php(23): require_once('...')
#18 {main}
"} 
[2026-10-02 06:46:45] local.ERROR: {closure:{closure:/home/clj/repo/bckgrnd-msc/floor-desktop/bootstrap/app.php:35}:42}(): Argument #2 ($request) must be of type Request, Illuminate\Http\Request given, called in /home/clj/repo/bckgrnd-msc/floor-desktop/vendor/laravel/framework/src/Illuminate/Foundation/Exceptions/Handler.php on line 717 {"exception":"[object] (TypeError(code: 0): {closure:{closure:/home/clj/repo/bckgrnd-msc/floor-desktop/bootstrap/app.php:35}:42}(): Argument #2 ($request) must be of type Request, Illuminate\\Http\\Request given, called in /home/clj/repo/bckgrnd-msc/floor-desktop/vendor/laravel/framework/src/Illuminate/Foundation/Exceptions/Handler.php on line 717 at /home/clj/repo/bckgrnd-msc/floor-desktop/bootstrap/app.php:42)
[stacktrace]
#0 /home/clj/repo/bckgrnd-msc/floor-desktop/vendor/laravel/framework/src/Illuminate/Foundation/Exceptions/Handler.php(717): {closure:{closure:/home/clj/repo/bckgrnd-msc/floor-desktop/bootstrap/app.php:35}:42}()
#1 /home/clj/repo/bckgrnd-msc/floor-desktop/vendor/laravel/framework/src/Illuminate/Foundation/Exceptions/Handler.php(618): Illuminate\\Foundation\\Exceptions\\Handler->renderViaCallbacks()
#2 /home/clj/repo/bckgrnd-msc/floor-desktop/vendor/laravel/framework/src/Illuminate/Routing/Pipeline.php(51): Illuminate\\Foundation\\Exceptions\\Handler->render()
#3 /home/clj/repo/bckgrnd-msc/floor-desktop/vendor/laravel/framework/src/Illuminate/Pipeline/Pipeline.php(224): Illuminate\\Routing\\Pipeline->handleException()
#4 /home/clj/repo/bckgrnd-msc/floor-desktop/vendor/laravel/framework/src/Illuminate/Http/Middleware/TrustProxies.php(58): Illuminate\\Pipeline\\Pipeline->{closure:{closure:Illuminate\\Pipeline\\Pipeline::carry():194}:195}()
#5 /home/clj/repo/bckgrnd-msc/floor-desktop/vendor/laravel/framework/src/Illuminate/Pipeline/Pipeline.php(219): Illuminate\\Http\\Middleware\\TrustProxies->handle()
#6 /home/clj/repo/bckgrnd-msc/floor-desktop/vendor/laravel/framework/src/Illuminate/Foundation/Http/Middleware/InvokeDeferredCallbacks.php(22): Illuminate\\Pipeline\\Pipeline->{closure:{closure:Illuminate\\Pipeline\\Pipeline::carry():194}:195}()
#7 /home/clj/repo/bckgrnd-msc/floor-desktop/vendor/laravel/framework/src/Illuminate/Pipeline/Pipeline.php(219): Illuminate\\Foundation\\Http\\Middleware\\InvokeDeferredCallbacks->handle()
#8 /home/clj/repo/bckgrnd-msc/floor-desktop/vendor/laravel/framework/src/Illuminate/Http/Middleware/ValidatePathEncoding.php(26): Illuminate\\Pipeline\\Pipeline->{closure:{closure:Illuminate\\Pipeline\\Pipeline::carry():194}:195}()
#9 /home/clj/repo/bckgrnd-msc/floor-desktop/vendor/laravel/framework/src/Illuminate/Pipeline/Pipeline.php(219): Illuminate\\Http\\Middleware\\ValidatePathEncoding->handle()
#10 /home/clj/repo/bckgrnd-msc/floor-desktop/vendor/laravel/framework/src/Illuminate/Pipeline/Pipeline.php(137): Illuminate\\Pipeline\\Pipeline->{closure:{closure:Illuminate\\Pipeline\\Pipeline::carry():194}:195}()
#11 /home/clj/repo/bckgrnd-msc/floor-desktop/vendor/laravel/framework/src/Illuminate/Foundation/Http/Kernel.php(175): Illuminate\\Pipeline\\Pipeline->then()
#12 /home/clj/repo/bckgrnd-msc/floor-desktop/vendor/laravel/framework/src/Illuminate/Foundation/Http/Kernel.php(144): Illuminate\\Foundation\\Http\\Kernel->sendRequestThroughRouter()
#13 /home/clj/repo/bckgrnd-msc/floor-desktop/vendor/laravel/framework/src/Illuminate/Foundation/Application.php(1220): Illuminate\\Foundation\\Http\\Kernel->handle()
#14 /home/clj/repo/bckgrnd-msc/floor-desktop/public/index.php(22): Illuminate\\Foundation\\Application->handleRequest()
#15 /home/clj/repo/bckgrnd-msc/floor-desktop/vendor/laravel/framework/src/Illuminate/Foundation/resources/server.php(23): require_once('...')
#16 {main}
"} 
[2026-10-02 06:46:45] local.ERROR: {closure:{closure:/home/clj/repo/bckgrnd-msc/floor-desktop/bootstrap/app.php:35}:42}(): Argument #2 ($request) must be of type Request, Illuminate\Http\Request given, called in /home/clj/repo/bckgrnd-msc/floor-desktop/vendor/laravel/framework/src/Illuminate/Foundation/Exceptions/Handler.php on line 717 {"exception":"[object] (TypeError(code: 0): {closure:{closure:/home/clj/repo/bckgrnd-msc/floor-desktop/bootstrap/app.php:35}:42}(): Argument #2 ($request) must be of type Request, Illuminate\\Http\\Request given, called in /home/clj/repo/bckgrnd-msc/floor-desktop/vendor/laravel/framework/src/Illuminate/Foundation/Exceptions/Handler.php on line 717 at /home/clj/repo/bckgrnd-msc/floor-desktop/bootstrap/app.php:42)
[stacktrace]
#0 /home/clj/repo/bckgrnd-msc/floor-desktop/vendor/laravel/framework/src/Illuminate/Foundation/Exceptions/Handler.php(717): {closure:{closure:/home/clj/repo/bckgrnd-msc/floor-desktop/bootstrap/app.php:35}:42}()
#1 /home/clj/repo/bckgrnd-msc/floor-desktop/vendor/laravel/framework/src/Illuminate/Foundation/Exceptions/Handler.php(618): Illuminate\\Foundation\\Exceptions\\Handler->renderViaCallbacks()
#2 /home/clj/repo/bckgrnd-msc/floor-desktop/vendor/laravel/framework/src/Illuminate/Routing/Pipeline.php(51): Illuminate\\Foundation\\Exceptions\\Handler->render()
#3 /home/clj/repo/bckgrnd-msc/floor-desktop/vendor/laravel/framework/src/Illuminate/Pipeline/Pipeline.php(224): Illuminate\\Routing\\Pipeline->handleException()
#4 /home/clj/repo/bckgrnd-msc/floor-desktop/vendor/laravel/framework/src/Illuminate/Foundation/Http/Middleware/InvokeDeferredCallbacks.php(22): Illuminate\\Pipeline\\Pipeline->{closure:{closure:Illuminate\\Pipeline\\Pipeline::carry():194}:195}()
#5 /home/clj/repo/bckgrnd-msc/floor-desktop/vendor/laravel/framework/src/Illuminate/Pipeline/Pipeline.php(219): Illuminate\\Foundation\\Http\\Middleware\\InvokeDeferredCallbacks->handle()
#6 /home/clj/repo/bckgrnd-msc/floor-desktop/vendor/laravel/framework/src/Illuminate/Http/Middleware/ValidatePathEncoding.php(26): Illuminate\\Pipeline\\Pipeline->{closure:{closure:Illuminate\\Pipeline\\Pipeline::carry():194}:195}()
#7 /home/clj/repo/bckgrnd-msc/floor-desktop/vendor/laravel/framework/src/Illuminate/Pipeline/Pipeline.php(219): Illuminate\\Http\\Middleware\\ValidatePathEncoding->handle()
#8 /home/clj/repo/bckgrnd-msc/floor-desktop/vendor/laravel/framework/src/Illuminate/Pipeline/Pipeline.php(137): Illuminate\\Pipeline\\Pipeline->{closure:{closure:Illuminate\\Pipeline\\Pipeline::carry():194}:195}()
#9 /home/clj/repo/bckgrnd-msc/floor-desktop/vendor/laravel/framework/src/Illuminate/Foundation/Http/Kernel.php(175): Illuminate\\Pipeline\\Pipeline->then()
#10 /home/clj/repo/bckgrnd-msc/floor-desktop/vendor/laravel/framework/src/Illuminate/Foundation/Http/Kernel.php(144): Illuminate\\Foundation\\Http\\Kernel->sendRequestThroughRouter()
#11 /home/clj/repo/bckgrnd-msc/floor-desktop/vendor/laravel/framework/src/Illuminate/Foundation/Application.php(1220): Illuminate\\Foundation\\Http\\Kernel->handle()
#12 /home/clj/repo/bckgrnd-msc/floor-desktop/public/index.php(22): Illuminate\\Foundation\\Application->handleRequest()
#13 /home/clj/repo/bckgrnd-msc/floor-desktop/vendor/laravel/framework/src/Illuminate/Foundation/resources/server.php(23): require_once('...')
#14 {main}
"} 
[2026-10-02 06:46:45] local.ERROR: {closure:{closure:/home/clj/repo/bckgrnd-msc/floor-desktop/bootstrap/app.php:35}:42}(): Argument #2 ($request) must be of type Request, Illuminate\Http\Request given, called in /home/clj/repo/bckgrnd-msc/floor-desktop/vendor/laravel/framework/src/Illuminate/Foundation/Exceptions/Handler.php on line 717 {"exception":"[object] (TypeError(code: 0): {closure:{closure:/home/clj/repo/bckgrnd-msc/floor-desktop/bootstrap/app.php:35}:42}(): Argument #2 ($request) must be of type Request, Illuminate\\Http\\Request given, called in /home/clj/repo/bckgrnd-msc/floor-desktop/vendor/laravel/framework/src/Illuminate/Foundation/Exceptions/Handler.php on line 717 at /home/clj/repo/bckgrnd-msc/floor-desktop/bootstrap/app.php:42)
[stacktrace]
#0 /home/clj/repo/bckgrnd-msc/floor-desktop/vendor/laravel/framework/src/Illuminate/Foundation/Exceptions/Handler.php(717): {closure:{closure:/home/clj/repo/bckgrnd-msc/floor-desktop/bootstrap/app.php:35}:42}()
#1 /home/clj/repo/bckgrnd-msc/floor-desktop/vendor/laravel/framework/src/Illuminate/Foundation/Exceptions/Handler.php(618): Illuminate\\Foundation\\Exceptions\\Handler->renderViaCallbacks()
#2 /home/clj/repo/bckgrnd-msc/floor-desktop/vendor/laravel/framework/src/Illuminate/Routing/Pipeline.php(51): Illuminate\\Foundation\\Exceptions\\Handler->render()
#3 /home/clj/repo/bckgrnd-msc/floor-desktop/vendor/laravel/framework/src/Illuminate/Pipeline/Pipeline.php(224): Illuminate\\Routing\\Pipeline->handleException()
#4 /home/clj/repo/bckgrnd-msc/floor-desktop/vendor/laravel/framework/src/Illuminate/Http/Middleware/ValidatePathEncoding.php(26): Illuminate\\Pipeline\\Pipeline->{closure:{closure:Illuminate\\Pipeline\\Pipeline::carry():194}:195}()
#5 /home/clj/repo/bckgrnd-msc/floor-desktop/vendor/laravel/framework/src/Illuminate/Pipeline/Pipeline.php(219): Illuminate\\Http\\Middleware\\ValidatePathEncoding->handle()
#6 /home/clj/repo/bckgrnd-msc/floor-desktop/vendor/laravel/framework/src/Illuminate/Pipeline/Pipeline.php(137): Illuminate\\Pipeline\\Pipeline->{closure:{closure:Illuminate\\Pipeline\\Pipeline::carry():194}:195}()
#7 /home/clj/repo/bckgrnd-msc/floor-desktop/vendor/laravel/framework/src/Illuminate/Foundation/Http/Kernel.php(175): Illuminate\\Pipeline\\Pipeline->then()
#8 /home/clj/repo/bckgrnd-msc/floor-desktop/vendor/laravel/framework/src/Illuminate/Foundation/Http/Kernel.php(144): Illuminate\\Foundation\\Http\\Kernel->sendRequestThroughRouter()
#9 /home/clj/repo/bckgrnd-msc/floor-desktop/vendor/laravel/framework/src/Illuminate/Foundation/Application.php(1220): Illuminate\\Foundation\\Http\\Kernel->handle()
#10 /home/clj/repo/bckgrnd-msc/floor-desktop/public/index.php(22): Illuminate\\Foundation\\Application->handleRequest()
#11 /home/clj/repo/bckgrnd-msc/floor-desktop/vendor/laravel/framework/src/Illuminate/Foundation/resources/server.php(23): require_once('...')
#12 {main}
"} 
[2026-10-02 06:46:45] local.ERROR: {closure:{closure:/home/clj/repo/bckgrnd-msc/floor-desktop/bootstrap/app.php:35}:42}(): Argument #2 ($request) must be of type Request, Illuminate\Http\Request given, called in /home/clj/repo/bckgrnd-msc/floor-desktop/vendor/laravel/framework/src/Illuminate/Foundation/Exceptions/Handler.php on line 717 {"exception":"[object] (TypeError(code: 0): {closure:{closure:/home/clj/repo/bckgrnd-msc/floor-desktop/bootstrap/app.php:35}:42}(): Argument #2 ($request) must be of type Request, Illuminate\\Http\\Request given, called in /home/clj/repo/bckgrnd-msc/floor-desktop/vendor/laravel/framework/src/Illuminate/Foundation/Exceptions/Handler.php on line 717 at /home/clj/repo/bckgrnd-msc/floor-desktop/bootstrap/app.php:42)
[stacktrace]
#0 /home/clj/repo/bckgrnd-msc/floor-desktop/vendor/laravel/framework/src/Illuminate/Foundation/Exceptions/Handler.php(717): {closure:{closure:/home/clj/repo/bckgrnd-msc/floor-desktop/bootstrap/app.php:35}:42}()
#1 /home/clj/repo/bckgrnd-msc/floor-desktop/vendor/laravel/framework/src/Illuminate/Foundation/Exceptions/Handler.php(618): Illuminate\\Foundation\\Exceptions\\Handler->renderViaCallbacks()
#2 /home/clj/repo/bckgrnd-msc/floor-desktop/vendor/laravel/framework/src/Illuminate/Routing/Pipeline.php(51): Illuminate\\Foundation\\Exceptions\\Handler->render()
#3 /home/clj/repo/bckgrnd-msc/floor-desktop/vendor/laravel/framework/src/Illuminate/Pipeline/Pipeline.php(224): Illuminate\\Routing\\Pipeline->handleException()
#4 /home/clj/repo/bckgrnd-msc/floor-desktop/vendor/laravel/framework/src/Illuminate/Pipeline/Pipeline.php(137): Illuminate\\Pipeline\\Pipeline->{closure:{closure:Illuminate\\Pipeline\\Pipeline::carry():194}:195}()
#5 /home/clj/repo/bckgrnd-msc/floor-desktop/vendor/laravel/framework/src/Illuminate/Foundation/Http/Kernel.php(175): Illuminate\\Pipeline\\Pipeline->then()
#6 /home/clj/repo/bckgrnd-msc/floor-desktop/vendor/laravel/framework/src/Illuminate/Foundation/Http/Kernel.php(144): Illuminate\\Foundation\\Http\\Kernel->sendRequestThroughRouter()
#7 /home/clj/repo/bckgrnd-msc/floor-desktop/vendor/laravel/framework/src/Illuminate/Foundation/Application.php(1220): Illuminate\\Foundation\\Http\\Kernel->handle()
#8 /home/clj/repo/bckgrnd-msc/floor-desktop/public/index.php(22): Illuminate\\Foundation\\Application->handleRequest()
#9 /home/clj/repo/bckgrnd-msc/floor-desktop/vendor/laravel/framework/src/Illuminate/Foundation/resources/server.php(23): require_once('...')
#10 {main}
"} 
[2026-10-02 06:46:45] local.ERROR: {closure:{closure:/home/clj/repo/bckgrnd-msc/floor-desktop/bootstrap/app.php:35}:42}(): Argument #2 ($request) must be of type Request, Illuminate\Http\Request given, called in /home/clj/repo/bckgrnd-msc/floor-desktop/vendor/laravel/framework/src/Illuminate/Foundation/Exceptions/Handler.php on line 717 {"exception":"[object] (TypeError(code: 0): {closure:{closure:/home/clj/repo/bckgrnd-msc/floor-desktop/bootstrap/app.php:35}:42}(): Argument #2 ($request) must be of type Request, Illuminate\\Http\\Request given, called in /home/clj/repo/bckgrnd-msc/floor-desktop/vendor/laravel/framework/src/Illuminate/Foundation/Exceptions/Handler.php on line 717 at /home/clj/repo/bckgrnd-msc/floor-desktop/bootstrap/app.php:42)
[stacktrace]
#0 /home/clj/repo/bckgrnd-msc/floor-desktop/vendor/laravel/framework/src/Illuminate/Foundation/Exceptions/Handler.php(717): {closure:{closure:/home/clj/repo/bckgrnd-msc/floor-desktop/bootstrap/app.php:35}:42}()
#1 /home/clj/repo/bckgrnd-msc/floor-desktop/vendor/laravel/framework/src/Illuminate/Foundation/Exceptions/Handler.php(618): Illuminate\\Foundation\\Exceptions\\Handler->renderViaCallbacks()
#2 /home/clj/repo/bckgrnd-msc/floor-desktop/vendor/laravel/framework/src/Illuminate/Foundation/Http/Kernel.php(574): Illuminate\\Foundation\\Exceptions\\Handler->render()
#3 /home/clj/repo/bckgrnd-msc/floor-desktop/vendor/laravel/framework/src/Illuminate/Foundation/Http/Kernel.php(148): Illuminate\\Foundation\\Http\\Kernel->renderException()
#4 /home/clj/repo/bckgrnd-msc/floor-desktop/vendor/laravel/framework/src/Illuminate/Foundation/Application.php(1220): Illuminate\\Foundation\\Http\\Kernel->handle()
#5 /home/clj/repo/bckgrnd-msc/floor-desktop/public/index.php(22): Illuminate\\Foundation\\Application->handleRequest()
#6 /home/clj/repo/bckgrnd-msc/floor-desktop/vendor/laravel/framework/src/Illuminate/Foundation/resources/server.php(23): require_once('...')
#7 {main}
"} 
[2026-10-02 06:46:45] local.ERROR: Uncaught TypeError: {closure:{closure:/home/clj/repo/bckgrnd-msc/floor-desktop/bootstrap/app.php:35}:42}(): Argument #2 ($request) must be of type Request, Illuminate\Http\Request given, called in /home/clj/repo/bckgrnd-msc/floor-desktop/vendor/laravel/framework/src/Illuminate/Foundation/Exceptions/Handler.php on line 717 and defined in /home/clj/repo/bckgrnd-msc/floor-desktop/bootstrap/app.php:42
Stack trace:
#0 /home/clj/repo/bckgrnd-msc/floor-desktop/vendor/laravel/framework/src/Illuminate/Foundation/Exceptions/Handler.php(717): {closure:{closure:/home/clj/repo/bckgrnd-msc/floor-desktop/bootstrap/app.php:35}:42}()
#1 /home/clj/repo/bckgrnd-msc/floor-desktop/vendor/laravel/framework/src/Illuminate/Foundation/Exceptions/Handler.php(618): Illuminate\Foundation\Exceptions\Handler->renderViaCallbacks()
#2 /home/clj/repo/bckgrnd-msc/floor-desktop/vendor/laravel/framework/src/Illuminate/Foundation/Bootstrap/HandleExceptions.php(225): Illuminate\Foundation\Exceptions\Handler->render()
#3 /home/clj/repo/bckgrnd-msc/floor-desktop/vendor/laravel/framework/src/Illuminate/Foundation/Bootstrap/HandleExceptions.php(202): Illuminate\Foundation\Bootstrap\HandleExceptions->renderHttpResponse()
#4 /home/clj/repo/bckgrnd-msc/floor-desktop/vendor/laravel/framework/src/Illuminate/Foundation/Bootstrap/HandleExceptions.php(262): Illuminate\Foundation\Bootstrap\HandleExceptions->handleException()
#5 [internal function]: Illuminate\Foundation\Bootstrap\HandleExceptions->{closure:Illuminate\Foundation\Bootstrap\HandleExceptions::forwardsTo():261}()
#6 {main}
  thrown {"exception":"[object] (Symfony\\Component\\ErrorHandler\\Error\\FatalError(code: 0): Uncaught TypeError: {closure:{closure:/home/clj/repo/bckgrnd-msc/floor-desktop/bootstrap/app.php:35}:42}(): Argument #2 ($request) must be of type Request, Illuminate\\Http\\Request given, called in /home/clj/repo/bckgrnd-msc/floor-desktop/vendor/laravel/framework/src/Illuminate/Foundation/Exceptions/Handler.php on line 717 and defined in /home/clj/repo/bckgrnd-msc/floor-desktop/bootstrap/app.php:42
Stack trace:
#0 /home/clj/repo/bckgrnd-msc/floor-desktop/vendor/laravel/framework/src/Illuminate/Foundation/Exceptions/Handler.php(717): {closure:{closure:/home/clj/repo/bckgrnd-msc/floor-desktop/bootstrap/app.php:35}:42}()
#1 /home/clj/repo/bckgrnd-msc/floor-desktop/vendor/laravel/framework/src/Illuminate/Foundation/Exceptions/Handler.php(618): Illuminate\\Foundation\\Exceptions\\Handler->renderViaCallbacks()
#2 /home/clj/repo/bckgrnd-msc/floor-desktop/vendor/laravel/framework/src/Illuminate/Foundation/Bootstrap/HandleExceptions.php(225): Illuminate\\Foundation\\Exceptions\\Handler->render()
#3 /home/clj/repo/bckgrnd-msc/floor-desktop/vendor/laravel/framework/src/Illuminate/Foundation/Bootstrap/HandleExceptions.php(202): Illuminate\\Foundation\\Bootstrap\\HandleExceptions->renderHttpResponse()
#4 /home/clj/repo/bckgrnd-msc/floor-desktop/vendor/laravel/framework/src/Illuminate/Foundation/Bootstrap/HandleExceptions.php(262): Illuminate\\Foundation\\Bootstrap\\HandleExceptions->handleException()
#5 [internal function]: Illuminate\\Foundation\\Bootstrap\\HandleExceptions->{closure:Illuminate\\Foundation\\Bootstrap\\HandleExceptions::forwardsTo():261}()
#6 {main}
  thrown at /home/clj/repo/bckgrnd-msc/floor-desktop/bootstrap/app.php:42)
[stacktrace]
#0 {main}
"} 
[2026-10-02 06:46:45] local.ERROR: {closure:{closure:/home/clj/repo/bckgrnd-msc/floor-desktop/bootstrap/app.php:35}:42}(): Argument #2 ($request) must be of type Request, Illuminate\Http\Request given, called in /home/clj/repo/bckgrnd-msc/floor-desktop/vendor/laravel/framework/src/Illuminate/Foundation/Exceptions/Handler.php on line 717 {"exception":"[object] (TypeError(code: 0): {closure:{closure:/home/clj/repo/bckgrnd-msc/floor-desktop/bootstrap/app.php:35}:42}(): Argument #2 ($request) must be of type Request, Illuminate\\Http\\Request given, called in /home/clj/repo/bckgrnd-msc/floor-desktop/vendor/laravel/framework/src/Illuminate/Foundation/Exceptions/Handler.php on line 717 at /home/clj/repo/bckgrnd-msc/floor-desktop/bootstrap/app.php:42)
[stacktrace]
#0 /home/clj/repo/bckgrnd-msc/floor-desktop/vendor/laravel/framework/src/Illuminate/Foundation/Exceptions/Handler.php(717): {closure:{closure:/home/clj/repo/bckgrnd-msc/floor-desktop/bootstrap/app.php:35}:42}()
#1 /home/clj/repo/bckgrnd-msc/floor-desktop/vendor/laravel/framework/src/Illuminate/Foundation/Exceptions/Handler.php(618): Illuminate\\Foundation\\Exceptions\\Handler->renderViaCallbacks()
#2 /home/clj/repo/bckgrnd-msc/floor-desktop/vendor/laravel/framework/src/Illuminate/Routing/Pipeline.php(51): Illuminate\\Foundation\\Exceptions\\Handler->render()
#3 /home/clj/repo/bckgrnd-msc/floor-desktop/vendor/laravel/framework/src/Illuminate/Pipeline/Pipeline.php(182): Illuminate\\Routing\\Pipeline->handleException()
#4 /home/clj/repo/bckgrnd-msc/floor-desktop/vendor/laravel/framework/src/Illuminate/Foundation/Http/Middleware/TransformsRequest.php(21): Illuminate\\Pipeline\\Pipeline->{closure:Illuminate\\Pipeline\\Pipeline::prepareDestination():178}()
#5 /home/clj/repo/bckgrnd-msc/floor-desktop/vendor/laravel/framework/src/Illuminate/Foundation/Http/Middleware/ConvertEmptyStringsToNull.php(31): Illuminate\\Foundation\\Http\\Middleware\\TransformsRequest->handle()
#6 /home/clj/repo/bckgrnd-msc/floor-desktop/vendor/laravel/framework/src/Illuminate/Pipeline/Pipeline.php(219): Illuminate\\Foundation\\Http\\Middleware\\ConvertEmptyStringsToNull->handle()
#7 /home/clj/repo/bckgrnd-msc/floor-desktop/vendor/laravel/framework/src/Illuminate/Foundation/Http/Middleware/TransformsRequest.php(21): Illuminate\\Pipeline\\Pipeline->{closure:{closure:Illuminate\\Pipeline\\Pipeline::carry():194}:195}()
#8 /home/clj/repo/bckgrnd-msc/floor-desktop/vendor/laravel/framework/src/Illuminate/Foundation/Http/Middleware/TrimStrings.php(51): Illuminate\\Foundation\\Http\\Middleware\\TransformsRequest->handle()
#9 /home/clj/repo/bckgrnd-msc/floor-desktop/vendor/laravel/framework/src/Illuminate/Pipeline/Pipeline.php(219): Illuminate\\Foundation\\Http\\Middleware\\TrimStrings->handle()
#10 /home/clj/repo/bckgrnd-msc/floor-desktop/vendor/laravel/framework/src/Illuminate/Http/Middleware/ValidatePostSize.php(27): Illuminate\\Pipeline\\Pipeline->{closure:{closure:Illuminate\\Pipeline\\Pipeline::carry():194}:195}()
#11 /home/clj/repo/bckgrnd-msc/floor-desktop/vendor/laravel/framework/src/Illuminate/Pipeline/Pipeline.php(219): Illuminate\\Http\\Middleware\\ValidatePostSize->handle()
#12 /home/clj/repo/bckgrnd-msc/floor-desktop/vendor/laravel/framework/src/Illuminate/Foundation/Http/Middleware/PreventRequestsDuringMaintenance.php(109): Illuminate\\Pipeline\\Pipeline->{closure:{closure:Illuminate\\Pipeline\\Pipeline::carry():194}:195}()
#13 /home/clj/repo/bckgrnd-msc/floor-desktop/vendor/laravel/framework/src/Illuminate/Pipeline/Pipeline.php(219): Illuminate\\Foundation\\Http\\Middleware\\PreventRequestsDuringMaintenance->handle()
#14 /home/clj/repo/bckgrnd-msc/floor-desktop/vendor/laravel/framework/src/Illuminate/Http/Middleware/HandleCors.php(74): Illuminate\\Pipeline\\Pipeline->{closure:{closure:Illuminate\\Pipeline\\Pipeline::carry():194}:195}()
#15 /home/clj/repo/bckgrnd-msc/floor-desktop/vendor/laravel/framework/src/Illuminate/Pipeline/Pipeline.php(219): Illuminate\\Http\\Middleware\\HandleCors->handle()
#16 /home/clj/repo/bckgrnd-msc/floor-desktop/vendor/laravel/framework/src/Illuminate/Http/Middleware/TrustProxies.php(58): Illuminate\\Pipeline\\Pipeline->{closure:{closure:Illuminate\\Pipeline\\Pipeline::carry():194}:195}()
#17 /home/clj/repo/bckgrnd-msc/floor-desktop/vendor/laravel/framework/src/Illuminate/Pipeline/Pipeline.php(219): Illuminate\\Http\\Middleware\\TrustProxies->handle()
#18 /home/clj/repo/bckgrnd-msc/floor-desktop/vendor/laravel/framework/src/Illuminate/Foundation/Http/Middleware/InvokeDeferredCallbacks.php(22): Illuminate\\Pipeline\\Pipeline->{closure:{closure:Illuminate\\Pipeline\\Pipeline::carry():194}:195}()
#19 /home/clj/repo/bckgrnd-msc/floor-desktop/vendor/laravel/framework/src/Illuminate/Pipeline/Pipeline.php(219): Illuminate\\Foundation\\Http\\Middleware\\InvokeDeferredCallbacks->handle()
#20 /home/clj/repo/bckgrnd-msc/floor-desktop/vendor/laravel/framework/src/Illuminate/Http/Middleware/ValidatePathEncoding.php(26): Illuminate\\Pipeline\\Pipeline->{closure:{closure:Illuminate\\Pipeline\\Pipeline::carry():194}:195}()
#21 /home/clj/repo/bckgrnd-msc/floor-desktop/vendor/laravel/framework/src/Illuminate/Pipeline/Pipeline.php(219): Illuminate\\Http\\Middleware\\ValidatePathEncoding->handle()
#22 /home/clj/repo/bckgrnd-msc/floor-desktop/vendor/laravel/framework/src/Illuminate/Pipeline/Pipeline.php(137): Illuminate\\Pipeline\\Pipeline->{closure:{closure:Illuminate\\Pipeline\\Pipeline::carry():194}:195}()
#23 /home/clj/repo/bckgrnd-msc/floor-desktop/vendor/laravel/framework/src/Illuminate/Foundation/Http/Kernel.php(175): Illuminate\\Pipeline\\Pipeline->then()
#24 /home/clj/repo/bckgrnd-msc/floor-desktop/vendor/laravel/framework/src/Illuminate/Foundation/Http/Kernel.php(144): Illuminate\\Foundation\\Http\\Kernel->sendRequestThroughRouter()
#25 /home/clj/repo/bckgrnd-msc/floor-desktop/vendor/laravel/framework/src/Illuminate/Foundation/Application.php(1220): Illuminate\\Foundation\\Http\\Kernel->handle()
#26 /home/clj/repo/bckgrnd-msc/floor-desktop/public/index.php(22): Illuminate\\Foundation\\Application->handleRequest()
#27 /home/clj/repo/bckgrnd-msc/floor-desktop/vendor/laravel/framework/src/Illuminate/Foundation/resources/server.php(23): require_once('...')
#28 {main}
"} 
[2026-10-02 06:46:45] local.ERROR: {closure:{closure:/home/clj/repo/bckgrnd-msc/floor-desktop/bootstrap/app.php:35}:42}(): Argument #2 ($request) must be of type Request, Illuminate\Http\Request given, called in /home/clj/repo/bckgrnd-msc/floor-desktop/vendor/laravel/framework/src/Illuminate/Foundation/Exceptions/Handler.php on line 717 {"exception":"[object] (TypeError(code: 0): {closure:{closure:/home/clj/repo/bckgrnd-msc/floor-desktop/bootstrap/app.php:35}:42}(): Argument #2 ($request) must be of type Request, Illuminate\\Http\\Request given, called in /home/clj/repo/bckgrnd-msc/floor-desktop/vendor/laravel/framework/src/Illuminate/Foundation/Exceptions/Handler.php on line 717 at /home/clj/repo/bckgrnd-msc/floor-desktop/bootstrap/app.php:42)
[stacktrace]
#0 /home/clj/repo/bckgrnd-msc/floor-desktop/vendor/laravel/framework/src/Illuminate/Foundation/Exceptions/Handler.php(717): {closure:{closure:/home/clj/repo/bckgrnd-msc/floor-desktop/bootstrap/app.php:35}:42}()
#1 /home/clj/repo/bckgrnd-msc/floor-desktop/vendor/laravel/framework/src/Illuminate/Foundation/Exceptions/Handler.php(618): Illuminate\\Foundation\\Exceptions\\Handler->renderViaCallbacks()
#2 /home/clj/repo/bckgrnd-msc/floor-desktop/vendor/laravel/framework/src/Illuminate/Routing/Pipeline.php(51): Illuminate\\Foundation\\Exceptions\\Handler->render()
#3 /home/clj/repo/bckgrnd-msc/floor-desktop/vendor/laravel/framework/src/Illuminate/Pipeline/Pipeline.php(224): Illuminate\\Routing\\Pipeline->handleException()
#4 /home/clj/repo/bckgrnd-msc/floor-desktop/vendor/laravel/framework/src/Illuminate/Foundation/Http/Middleware/TransformsRequest.php(21): Illuminate\\Pipeline\\Pipeline->{closure:{closure:Illuminate\\Pipeline\\Pipeline::carry():194}:195}()
#5 /home/clj/repo/bckgrnd-msc/floor-desktop/vendor/laravel/framework/src/Illuminate/Foundation/Http/Middleware/TrimStrings.php(51): Illuminate\\Foundation\\Http\\Middleware\\TransformsRequest->handle()
#6 /home/clj/repo/bckgrnd-msc/floor-desktop/vendor/laravel/framework/src/Illuminate/Pipeline/Pipeline.php(219): Illuminate\\Foundation\\Http\\Middleware\\TrimStrings->handle()
#7 /home/clj/repo/bckgrnd-msc/floor-desktop/vendor/laravel/framework/src/Illuminate/Http/Middleware/ValidatePostSize.php(27): Illuminate\\Pipeline\\Pipeline->{closure:{closure:Illuminate\\Pipeline\\Pipeline::carry():194}:195}()
#8 /home/clj/repo/bckgrnd-msc/floor-desktop/vendor/laravel/framework/src/Illuminate/Pipeline/Pipeline.php(219): Illuminate\\Http\\Middleware\\ValidatePostSize->handle()
#9 /home/clj/repo/bckgrnd-msc/floor-desktop/vendor/laravel/framework/src/Illuminate/Foundation/Http/Middleware/PreventRequestsDuringMaintenance.php(109): Illuminate\\Pipeline\\Pipeline->{closure:{closure:Illuminate\\Pipeline\\Pipeline::carry():194}:195}()
#10 /home/clj/repo/bckgrnd-msc/floor-desktop/vendor/laravel/framework/src/Illuminate/Pipeline/Pipeline.php(219): Illuminate\\Foundation\\Http\\Middleware\\PreventRequestsDuringMaintenance->handle()
#11 /home/clj/repo/bckgrnd-msc/floor-desktop/vendor/laravel/framework/src/Illuminate/Http/Middleware/HandleCors.php(74): Illuminate\\Pipeline\\Pipeline->{closure:{closure:Illuminate\\Pipeline\\Pipeline::carry():194}:195}()
#12 /home/clj/repo/bckgrnd-msc/floor-desktop/vendor/laravel/framework/src/Illuminate/Pipeline/Pipeline.php(219): Illuminate\\Http\\Middleware\\HandleCors->handle()
#13 /home/clj/repo/bckgrnd-msc/floor-desktop/vendor/laravel/framework/src/Illuminate/Http/Middleware/TrustProxies.php(58): Illuminate\\Pipeline\\Pipeline->{closure:{closure:Illuminate\\Pipeline\\Pipeline::carry():194}:195}()
#14 /home/clj/repo/bckgrnd-msc/floor-desktop/vendor/laravel/framework/src/Illuminate/Pipeline/Pipeline.php(219): Illuminate\\Http\\Middleware\\TrustProxies->handle()
#15 /home/clj/repo/bckgrnd-msc/floor-desktop/vendor/laravel/framework/src/Illuminate/Foundation/Http/Middleware/InvokeDeferredCallbacks.php(22): Illuminate\\Pipeline\\Pipeline->{closure:{closure:Illuminate\\Pipeline\\Pipeline::carry():194}:195}()
#16 /home/clj/repo/bckgrnd-msc/floor-desktop/vendor/laravel/framework/src/Illuminate/Pipeline/Pipeline.php(219): Illuminate\\Foundation\\Http\\Middleware\\InvokeDeferredCallbacks->handle()
#17 /home/clj/repo/bckgrnd-msc/floor-desktop/vendor/laravel/framework/src/Illuminate/Http/Middleware/ValidatePathEncoding.php(26): Illuminate\\Pipeline\\Pipeline->{closure:{closure:Illuminate\\Pipeline\\Pipeline::carry():194}:195}()
#18 /home/clj/repo/bckgrnd-msc/floor-desktop/vendor/laravel/framework/src/Illuminate/Pipeline/Pipeline.php(219): Illuminate\\Http\\Middleware\\ValidatePathEncoding->handle()
#19 /home/clj/repo/bckgrnd-msc/floor-desktop/vendor/laravel/framework/src/Illuminate/Pipeline/Pipeline.php(137): Illuminate\\Pipeline\\Pipeline->{closure:{closure:Illuminate\\Pipeline\\Pipeline::carry():194}:195}()
#20 /home/clj/repo/bckgrnd-msc/floor-desktop/vendor/laravel/framework/src/Illuminate/Foundation/Http/Kernel.php(175): Illuminate\\Pipeline\\Pipeline->then()
#21 /home/clj/repo/bckgrnd-msc/floor-desktop/vendor/laravel/framework/src/Illuminate/Foundation/Http/Kernel.php(144): Illuminate\\Foundation\\Http\\Kernel->sendRequestThroughRouter()
#22 /home/clj/repo/bckgrnd-msc/floor-desktop/vendor/laravel/framework/src/Illuminate/Foundation/Application.php(1220): Illuminate\\Foundation\\Http\\Kernel->handle()
#23 /home/clj/repo/bckgrnd-msc/floor-desktop/public/index.php(22): Illuminate\\Foundation\\Application->handleRequest()
#24 /home/clj/repo/bckgrnd-msc/floor-desktop/vendor/laravel/framework/src/Illuminate/Foundation/resources/server.php(23): require_once('...')
#25 {main}
"} 
[2026-10-02 06:46:45] local.ERROR: {closure:{closure:/home/clj/repo/bckgrnd-msc/floor-desktop/bootstrap/app.php:35}:42}(): Argument #2 ($request) must be of type Request, Illuminate\Http\Request given, called in /home/clj/repo/bckgrnd-msc/floor-desktop/vendor/laravel/framework/src/Illuminate/Foundation/Exceptions/Handler.php on line 717 {"exception":"[object] (TypeError(code: 0): {closure:{closure:/home/clj/repo/bckgrnd-msc/floor-desktop/bootstrap/app.php:35}:42}(): Argument #2 ($request) must be of type Request, Illuminate\\Http\\Request given, called in /home/clj/repo/bckgrnd-msc/floor-desktop/vendor/laravel/framework/src/Illuminate/Foundation/Exceptions/Handler.php on line 717 at /home/clj/repo/bckgrnd-msc/floor-desktop/bootstrap/app.php:42)
[stacktrace]
#0 /home/clj/repo/bckgrnd-msc/floor-desktop/vendor/laravel/framework/src/Illuminate/Foundation/Exceptions/Handler.php(717): {closure:{closure:/home/clj/repo/bckgrnd-msc/floor-desktop/bootstrap/app.php:35}:42}()
#1 /home/clj/repo/bckgrnd-msc/floor-desktop/vendor/laravel/framework/src/Illuminate/Foundation/Exceptions/Handler.php(618): Illuminate\\Foundation\\Exceptions\\Handler->renderViaCallbacks()
#2 /home/clj/repo/bckgrnd-msc/floor-desktop/vendor/laravel/framework/src/Illuminate/Routing/Pipeline.php(51): Illuminate\\Foundation\\Exceptions\\Handler->render()
#3 /home/clj/repo/bckgrnd-msc/floor-desktop/vendor/laravel/framework/src/Illuminate/Pipeline/Pipeline.php(224): Illuminate\\Routing\\Pipeline->handleException()
#4 /home/clj/repo/bckgrnd-msc/floor-desktop/vendor/laravel/framework/src/Illuminate/Http/Middleware/ValidatePostSize.php(27): Illuminate\\Pipeline\\Pipeline->{closure:{closure:Illuminate\\Pipeline\\Pipeline::carry():194}:195}()
#5 /home/clj/repo/bckgrnd-msc/floor-desktop/vendor/laravel/framework/src/Illuminate/Pipeline/Pipeline.php(219): Illuminate\\Http\\Middleware\\ValidatePostSize->handle()
#6 /home/clj/repo/bckgrnd-msc/floor-desktop/vendor/laravel/framework/src/Illuminate/Foundation/Http/Middleware/PreventRequestsDuringMaintenance.php(109): Illuminate\\Pipeline\\Pipeline->{closure:{closure:Illuminate\\Pipeline\\Pipeline::carry():194}:195}()
#7 /home/clj/repo/bckgrnd-msc/floor-desktop/vendor/laravel/framework/src/Illuminate/Pipeline/Pipeline.php(219): Illuminate\\Foundation\\Http\\Middleware\\PreventRequestsDuringMaintenance->handle()
#8 /home/clj/repo/bckgrnd-msc/floor-desktop/vendor/laravel/framework/src/Illuminate/Http/Middleware/HandleCors.php(74): Illuminate\\Pipeline\\Pipeline->{closure:{closure:Illuminate\\Pipeline\\Pipeline::carry():194}:195}()
#9 /home/clj/repo/bckgrnd-msc/floor-desktop/vendor/laravel/framework/src/Illuminate/Pipeline/Pipeline.php(219): Illuminate\\Http\\Middleware\\HandleCors->handle()
#10 /home/clj/repo/bckgrnd-msc/floor-desktop/vendor/laravel/framework/src/Illuminate/Http/Middleware/TrustProxies.php(58): Illuminate\\Pipeline\\Pipeline->{closure:{closure:Illuminate\\Pipeline\\Pipeline::carry():194}:195}()
#11 /home/clj/repo/bckgrnd-msc/floor-desktop/vendor/laravel/framework/src/Illuminate/Pipeline/Pipeline.php(219): Illuminate\\Http\\Middleware\\TrustProxies->handle()
#12 /home/clj/repo/bckgrnd-msc/floor-desktop/vendor/laravel/framework/src/Illuminate/Foundation/Http/Middleware/InvokeDeferredCallbacks.php(22): Illuminate\\Pipeline\\Pipeline->{closure:{closure:Illuminate\\Pipeline\\Pipeline::carry():194}:195}()
#13 /home/clj/repo/bckgrnd-msc/floor-desktop/vendor/laravel/framework/src/Illuminate/Pipeline/Pipeline.php(219): Illuminate\\Foundation\\Http\\Middleware\\InvokeDeferredCallbacks->handle()
#14 /home/clj/repo/bckgrnd-msc/floor-desktop/vendor/laravel/framework/src/Illuminate/Http/Middleware/ValidatePathEncoding.php(26): Illuminate\\Pipeline\\Pipeline->{closure:{closure:Illuminate\\Pipeline\\Pipeline::carry():194}:195}()
#15 /home/clj/repo/bckgrnd-msc/floor-desktop/vendor/laravel/framework/src/Illuminate/Pipeline/Pipeline.php(219): Illuminate\\Http\\Middleware\\ValidatePathEncoding->handle()
#16 /home/clj/repo/bckgrnd-msc/floor-desktop/vendor/laravel/framework/src/Illuminate/Pipeline/Pipeline.php(137): Illuminate\\Pipeline\\Pipeline->{closure:{closure:Illuminate\\Pipeline\\Pipeline::carry():194}:195}()
#17 /home/clj/repo/bckgrnd-msc/floor-desktop/vendor/laravel/framework/src/Illuminate/Foundation/Http/Kernel.php(175): Illuminate\\Pipeline\\Pipeline->then()
#18 /home/clj/repo/bckgrnd-msc/floor-desktop/vendor/laravel/framework/src/Illuminate/Foundation/Http/Kernel.php(144): Illuminate\\Foundation\\Http\\Kernel->sendRequestThroughRouter()
#19 /home/clj/repo/bckgrnd-msc/floor-desktop/vendor/laravel/framework/src/Illuminate/Foundation/Application.php(1220): Illuminate\\Foundation\\Http\\Kernel->handle()
#20 /home/clj/repo/bckgrnd-msc/floor-desktop/public/index.php(22): Illuminate\\Foundation\\Application->handleRequest()
#21 /home/clj/repo/bckgrnd-msc/floor-desktop/vendor/laravel/framework/src/Illuminate/Foundation/resources/server.php(23): require_once('...')
#22 {main}
"} 
[2026-10-02 06:46:45] local.ERROR: {closure:{closure:/home/clj/repo/bckgrnd-msc/floor-desktop/bootstrap/app.php:35}:42}(): Argument #2 ($request) must be of type Request, Illuminate\Http\Request given, called in /home/clj/repo/bckgrnd-msc/floor-desktop/vendor/laravel/framework/src/Illuminate/Foundation/Exceptions/Handler.php on line 717 {"exception":"[object] (TypeError(code: 0): {closure:{closure:/home/clj/repo/bckgrnd-msc/floor-desktop/bootstrap/app.php:35}:42}(): Argument #2 ($request) must be of type Request, Illuminate\\Http\\Request given, called in /home/clj/repo/bckgrnd-msc/floor-desktop/vendor/laravel/framework/src/Illuminate/Foundation/Exceptions/Handler.php on line 717 at /home/clj/repo/bckgrnd-msc/floor-desktop/bootstrap/app.php:42)
[stacktrace]
#0 /home/clj/repo/bckgrnd-msc/floor-desktop/vendor/laravel/framework/src/Illuminate/Foundation/Exceptions/Handler.php(717): {closure:{closure:/home/clj/repo/bckgrnd-msc/floor-desktop/bootstrap/app.php:35}:42}()
#1 /home/clj/repo/bckgrnd-msc/floor-desktop/vendor/laravel/framework/src/Illuminate/Foundation/Exceptions/Handler.php(618): Illuminate\\Foundation\\Exceptions\\Handler->renderViaCallbacks()
#2 /home/clj/repo/bckgrnd-msc/floor-desktop/vendor/laravel/framework/src/Illuminate/Routing/Pipeline.php(51): Illuminate\\Foundation\\Exceptions\\Handler->render()
#3 /home/clj/repo/bckgrnd-msc/floor-desktop/vendor/laravel/framework/src/Illuminate/Pipeline/Pipeline.php(224): Illuminate\\Routing\\Pipeline->handleException()
#4 /home/clj/repo/bckgrnd-msc/floor-desktop/vendor/laravel/framework/src/Illuminate/Foundation/Http/Middleware/PreventRequestsDuringMaintenance.php(109): Illuminate\\Pipeline\\Pipeline->{closure:{closure:Illuminate\\Pipeline\\Pipeline::carry():194}:195}()
#5 /home/clj/repo/bckgrnd-msc/floor-desktop/vendor/laravel/framework/src/Illuminate/Pipeline/Pipeline.php(219): Illuminate\\Foundation\\Http\\Middleware\\PreventRequestsDuringMaintenance->handle()
#6 /home/clj/repo/bckgrnd-msc/floor-desktop/vendor/laravel/framework/src/Illuminate/Http/Middleware/HandleCors.php(74): Illuminate\\Pipeline\\Pipeline->{closure:{closure:Illuminate\\Pipeline\\Pipeline::carry():194}:195}()
#7 /home/clj/repo/bckgrnd-msc/floor-desktop/vendor/laravel/framework/src/Illuminate/Pipeline/Pipeline.php(219): Illuminate\\Http\\Middleware\\HandleCors->handle()
#8 /home/clj/repo/bckgrnd-msc/floor-desktop/vendor/laravel/framework/src/Illuminate/Http/Middleware/TrustProxies.php(58): Illuminate\\Pipeline\\Pipeline->{closure:{closure:Illuminate\\Pipeline\\Pipeline::carry():194}:195}()
#9 /home/clj/repo/bckgrnd-msc/floor-desktop/vendor/laravel/framework/src/Illuminate/Pipeline/Pipeline.php(219): Illuminate\\Http\\Middleware\\TrustProxies->handle()
#10 /home/clj/repo/bckgrnd-msc/floor-desktop/vendor/laravel/framework/src/Illuminate/Foundation/Http/Middleware/InvokeDeferredCallbacks.php(22): Illuminate\\Pipeline\\Pipeline->{closure:{closure:Illuminate\\Pipeline\\Pipeline::carry():194}:195}()
#11 /home/clj/repo/bckgrnd-msc/floor-desktop/vendor/laravel/framework/src/Illuminate/Pipeline/Pipeline.php(219): Illuminate\\Foundation\\Http\\Middleware\\InvokeDeferredCallbacks->handle()
#12 /home/clj/repo/bckgrnd-msc/floor-desktop/vendor/laravel/framework/src/Illuminate/Http/Middleware/ValidatePathEncoding.php(26): Illuminate\\Pipeline\\Pipeline->{closure:{closure:Illuminate\\Pipeline\\Pipeline::carry():194}:195}()
#13 /home/clj/repo/bckgrnd-msc/floor-desktop/vendor/laravel/framework/src/Illuminate/Pipeline/Pipeline.php(219): Illuminate\\Http\\Middleware\\ValidatePathEncoding->handle()
#14 /home/clj/repo/bckgrnd-msc/floor-desktop/vendor/laravel/framework/src/Illuminate/Pipeline/Pipeline.php(137): Illuminate\\Pipeline\\Pipeline->{closure:{closure:Illuminate\\Pipeline\\Pipeline::carry():194}:195}()
#15 /home/clj/repo/bckgrnd-msc/floor-desktop/vendor/laravel/framework/src/Illuminate/Foundation/Http/Kernel.php(175): Illuminate\\Pipeline\\Pipeline->then()
#16 /home/clj/repo/bckgrnd-msc/floor-desktop/vendor/laravel/framework/src/Illuminate/Foundation/Http/Kernel.php(144): Illuminate\\Foundation\\Http\\Kernel->sendRequestThroughRouter()
#17 /home/clj/repo/bckgrnd-msc/floor-desktop/vendor/laravel/framework/src/Illuminate/Foundation/Application.php(1220): Illuminate\\Foundation\\Http\\Kernel->handle()
#18 /home/clj/repo/bckgrnd-msc/floor-desktop/public/index.php(22): Illuminate\\Foundation\\Application->handleRequest()
#19 /home/clj/repo/bckgrnd-msc/floor-desktop/vendor/laravel/framework/src/Illuminate/Foundation/resources/server.php(23): require_once('...')
#20 {main}
"} 
[2026-10-02 06:46:45] local.ERROR: {closure:{closure:/home/clj/repo/bckgrnd-msc/floor-desktop/bootstrap/app.php:35}:42}(): Argument #2 ($request) must be of type Request, Illuminate\Http\Request given, called in /home/clj/repo/bckgrnd-msc/floor-desktop/vendor/laravel/framework/src/Illuminate/Foundation/Exceptions/Handler.php on line 717 {"exception":"[object] (TypeError(code: 0): {closure:{closure:/home/clj/repo/bckgrnd-msc/floor-desktop/bootstrap/app.php:35}:42}(): Argument #2 ($request) must be of type Request, Illuminate\\Http\\Request given, called in /home/clj/repo/bckgrnd-msc/floor-desktop/vendor/laravel/framework/src/Illuminate/Foundation/Exceptions/Handler.php on line 717 at /home/clj/repo/bckgrnd-msc/floor-desktop/bootstrap/app.php:42)
[stacktrace]
#0 /home/clj/repo/bckgrnd-msc/floor-desktop/vendor/laravel/framework/src/Illuminate/Foundation/Exceptions/Handler.php(717): {closure:{closure:/home/clj/repo/bckgrnd-msc/floor-desktop/bootstrap/app.php:35}:42}()
#1 /home/clj/repo/bckgrnd-msc/floor-desktop/vendor/laravel/framework/src/Illuminate/Foundation/Exceptions/Handler.php(618): Illuminate\\Foundation\\Exceptions\\Handler->renderViaCallbacks()
#2 /home/clj/repo/bckgrnd-msc/floor-desktop/vendor/laravel/framework/src/Illuminate/Routing/Pipeline.php(51): Illuminate\\Foundation\\Exceptions\\Handler->render()
#3 /home/clj/repo/bckgrnd-msc/floor-desktop/vendor/laravel/framework/src/Illuminate/Pipeline/Pipeline.php(224): Illuminate\\Routing\\Pipeline->handleException()
#4 /home/clj/repo/bckgrnd-msc/floor-desktop/vendor/laravel/framework/src/Illuminate/Http/Middleware/HandleCors.php(74): Illuminate\\Pipeline\\Pipeline->{closure:{closure:Illuminate\\Pipeline\\Pipeline::carry():194}:195}()
#5 /home/clj/repo/bckgrnd-msc/floor-desktop/vendor/laravel/framework/src/Illuminate/Pipeline/Pipeline.php(219): Illuminate\\Http\\Middleware\\HandleCors->handle()
#6 /home/clj/repo/bckgrnd-msc/floor-desktop/vendor/laravel/framework/src/Illuminate/Http/Middleware/TrustProxies.php(58): Illuminate\\Pipeline\\Pipeline->{closure:{closure:Illuminate\\Pipeline\\Pipeline::carry():194}:195}()
#7 /home/clj/repo/bckgrnd-msc/floor-desktop/vendor/laravel/framework/src/Illuminate/Pipeline/Pipeline.php(219): Illuminate\\Http\\Middleware\\TrustProxies->handle()
#8 /home/clj/repo/bckgrnd-msc/floor-desktop/vendor/laravel/framework/src/Illuminate/Foundation/Http/Middleware/InvokeDeferredCallbacks.php(22): Illuminate\\Pipeline\\Pipeline->{closure:{closure:Illuminate\\Pipeline\\Pipeline::carry():194}:195}()
#9 /home/clj/repo/bckgrnd-msc/floor-desktop/vendor/laravel/framework/src/Illuminate/Pipeline/Pipeline.php(219): Illuminate\\Foundation\\Http\\Middleware\\InvokeDeferredCallbacks->handle()
#10 /home/clj/repo/bckgrnd-msc/floor-desktop/vendor/laravel/framework/src/Illuminate/Http/Middleware/ValidatePathEncoding.php(26): Illuminate\\Pipeline\\Pipeline->{closure:{closure:Illuminate\\Pipeline\\Pipeline::carry():194}:195}()
#11 /home/clj/repo/bckgrnd-msc/floor-desktop/vendor/laravel/framework/src/Illuminate/Pipeline/Pipeline.php(219): Illuminate\\Http\\Middleware\\ValidatePathEncoding->handle()
#12 /home/clj/repo/bckgrnd-msc/floor-desktop/vendor/laravel/framework/src/Illuminate/Pipeline/Pipeline.php(137): Illuminate\\Pipeline\\Pipeline->{closure:{closure:Illuminate\\Pipeline\\Pipeline::carry():194}:195}()
#13 /home/clj/repo/bckgrnd-msc/floor-desktop/vendor/laravel/framework/src/Illuminate/Foundation/Http/Kernel.php(175): Illuminate\\Pipeline\\Pipeline->then()
#14 /home/clj/repo/bckgrnd-msc/floor-desktop/vendor/laravel/framework/src/Illuminate/Foundation/Http/Kernel.php(144): Illuminate\\Foundation\\Http\\Kernel->sendRequestThroughRouter()
#15 /home/clj/repo/bckgrnd-msc/floor-desktop/vendor/laravel/framework/src/Illuminate/Foundation/Application.php(1220): Illuminate\\Foundation\\Http\\Kernel->handle()
#16 /home/clj/repo/bckgrnd-msc/floor-desktop/public/index.php(22): Illuminate\\Foundation\\Application->handleRequest()
#17 /home/clj/repo/bckgrnd-msc/floor-desktop/vendor/laravel/framework/src/Illuminate/Foundation/resources/server.php(23): require_once('...')
#18 {main}
"} 
[2026-10-02 06:46:45] local.ERROR: {closure:{closure:/home/clj/repo/bckgrnd-msc/floor-desktop/bootstrap/app.php:35}:42}(): Argument #2 ($request) must be of type Request, Illuminate\Http\Request given, called in /home/clj/repo/bckgrnd-msc/floor-desktop/vendor/laravel/framework/src/Illuminate/Foundation/Exceptions/Handler.php on line 717 {"exception":"[object] (TypeError(code: 0): {closure:{closure:/home/clj/repo/bckgrnd-msc/floor-desktop/bootstrap/app.php:35}:42}(): Argument #2 ($request) must be of type Request, Illuminate\\Http\\Request given, called in /home/clj/repo/bckgrnd-msc/floor-desktop/vendor/laravel/framework/src/Illuminate/Foundation/Exceptions/Handler.php on line 717 at /home/clj/repo/bckgrnd-msc/floor-desktop/bootstrap/app.php:42)
[stacktrace]
#0 /home/clj/repo/bckgrnd-msc/floor-desktop/vendor/laravel/framework/src/Illuminate/Foundation/Exceptions/Handler.php(717): {closure:{closure:/home/clj/repo/bckgrnd-msc/floor-desktop/bootstrap/app.php:35}:42}()
#1 /home/clj/repo/bckgrnd-msc/floor-desktop/vendor/laravel/framework/src/Illuminate/Foundation/Exceptions/Handler.php(618): Illuminate\\Foundation\\Exceptions\\Handler->renderViaCallbacks()
#2 /home/clj/repo/bckgrnd-msc/floor-desktop/vendor/laravel/framework/src/Illuminate/Routing/Pipeline.php(51): Illuminate\\Foundation\\Exceptions\\Handler->render()
#3 /home/clj/repo/bckgrnd-msc/floor-desktop/vendor/laravel/framework/src/Illuminate/Pipeline/Pipeline.php(224): Illuminate\\Routing\\Pipeline->handleException()
#4 /home/clj/repo/bckgrnd-msc/floor-desktop/vendor/laravel/framework/src/Illuminate/Http/Middleware/TrustProxies.php(58): Illuminate\\Pipeline\\Pipeline->{closure:{closure:Illuminate\\Pipeline\\Pipeline::carry():194}:195}()
#5 /home/clj/repo/bckgrnd-msc/floor-desktop/vendor/laravel/framework/src/Illuminate/Pipeline/Pipeline.php(219): Illuminate\\Http\\Middleware\\TrustProxies->handle()
#6 /home/clj/repo/bckgrnd-msc/floor-desktop/vendor/laravel/framework/src/Illuminate/Foundation/Http/Middleware/InvokeDeferredCallbacks.php(22): Illuminate\\Pipeline\\Pipeline->{closure:{closure:Illuminate\\Pipeline\\Pipeline::carry():194}:195}()
#7 /home/clj/repo/bckgrnd-msc/floor-desktop/vendor/laravel/framework/src/Illuminate/Pipeline/Pipeline.php(219): Illuminate\\Foundation\\Http\\Middleware\\InvokeDeferredCallbacks->handle()
#8 /home/clj/repo/bckgrnd-msc/floor-desktop/vendor/laravel/framework/src/Illuminate/Http/Middleware/ValidatePathEncoding.php(26): Illuminate\\Pipeline\\Pipeline->{closure:{closure:Illuminate\\Pipeline\\Pipeline::carry():194}:195}()
#9 /home/clj/repo/bckgrnd-msc/floor-desktop/vendor/laravel/framework/src/Illuminate/Pipeline/Pipeline.php(219): Illuminate\\Http\\Middleware\\ValidatePathEncoding->handle()
#10 /home/clj/repo/bckgrnd-msc/floor-desktop/vendor/laravel/framework/src/Illuminate/Pipeline/Pipeline.php(137): Illuminate\\Pipeline\\Pipeline->{closure:{closure:Illuminate\\Pipeline\\Pipeline::carry():194}:195}()
#11 /home/clj/repo/bckgrnd-msc/floor-desktop/vendor/laravel/framework/src/Illuminate/Foundation/Http/Kernel.php(175): Illuminate\\Pipeline\\Pipeline->then()
#12 /home/clj/repo/bckgrnd-msc/floor-desktop/vendor/laravel/framework/src/Illuminate/Foundation/Http/Kernel.php(144): Illuminate\\Foundation\\Http\\Kernel->sendRequestThroughRouter()
#13 /home/clj/repo/bckgrnd-msc/floor-desktop/vendor/laravel/framework/src/Illuminate/Foundation/Application.php(1220): Illuminate\\Foundation\\Http\\Kernel->handle()
#14 /home/clj/repo/bckgrnd-msc/floor-desktop/public/index.php(22): Illuminate\\Foundation\\Application->handleRequest()
#15 /home/clj/repo/bckgrnd-msc/floor-desktop/vendor/laravel/framework/src/Illuminate/Foundation/resources/server.php(23): require_once('...')
#16 {main}
"} 
[2026-10-02 06:46:45] local.ERROR: {closure:{closure:/home/clj/repo/bckgrnd-msc/floor-desktop/bootstrap/app.php:35}:42}(): Argument #2 ($request) must be of type Request, Illuminate\Http\Request given, called in /home/clj/repo/bckgrnd-msc/floor-desktop/vendor/laravel/framework/src/Illuminate/Foundation/Exceptions/Handler.php on line 717 {"exception":"[object] (TypeError(code: 0): {closure:{closure:/home/clj/repo/bckgrnd-msc/floor-desktop/bootstrap/app.php:35}:42}(): Argument #2 ($request) must be of type Request, Illuminate\\Http\\Request given, called in /home/clj/repo/bckgrnd-msc/floor-desktop/vendor/laravel/framework/src/Illuminate/Foundation/Exceptions/Handler.php on line 717 at /home/clj/repo/bckgrnd-msc/floor-desktop/bootstrap/app.php:42)
[stacktrace]
#0 /home/clj/repo/bckgrnd-msc/floor-desktop/vendor/laravel/framework/src/Illuminate/Foundation/Exceptions/Handler.php(717): {closure:{closure:/home/clj/repo/bckgrnd-msc/floor-desktop/bootstrap/app.php:35}:42}()
#1 /home/clj/repo/bckgrnd-msc/floor-desktop/vendor/laravel/framework/src/Illuminate/Foundation/Exceptions/Handler.php(618): Illuminate\\Foundation\\Exceptions\\Handler->renderViaCallbacks()
#2 /home/clj/repo/bckgrnd-msc/floor-desktop/vendor/laravel/framework/src/Illuminate/Routing/Pipeline.php(51): Illuminate\\Foundation\\Exceptions\\Handler->render()
#3 /home/clj/repo/bckgrnd-msc/floor-desktop/vendor/laravel/framework/src/Illuminate/Pipeline/Pipeline.php(224): Illuminate\\Routing\\Pipeline->handleException()
#4 /home/clj/repo/bckgrnd-msc/floor-desktop/vendor/laravel/framework/src/Illuminate/Foundation/Http/Middleware/InvokeDeferredCallbacks.php(22): Illuminate\\Pipeline\\Pipeline->{closure:{closure:Illuminate\\Pipeline\\Pipeline::carry():194}:195}()
#5 /home/clj/repo/bckgrnd-msc/floor-desktop/vendor/laravel/framework/src/Illuminate/Pipeline/Pipeline.php(219): Illuminate\\Foundation\\Http\\Middleware\\InvokeDeferredCallbacks->handle()
#6 /home/clj/repo/bckgrnd-msc/floor-desktop/vendor/laravel/framework/src/Illuminate/Http/Middleware/ValidatePathEncoding.php(26): Illuminate\\Pipeline\\Pipeline->{closure:{closure:Illuminate\\Pipeline\\Pipeline::carry():194}:195}()
#7 /home/clj/repo/bckgrnd-msc/floor-desktop/vendor/laravel/framework/src/Illuminate/Pipeline/Pipeline.php(219): Illuminate\\Http\\Middleware\\ValidatePathEncoding->handle()
#8 /home/clj/repo/bckgrnd-msc/floor-desktop/vendor/laravel/framework/src/Illuminate/Pipeline/Pipeline.php(137): Illuminate\\Pipeline\\Pipeline->{closure:{closure:Illuminate\\Pipeline\\Pipeline::carry():194}:195}()
#9 /home/clj/repo/bckgrnd-msc/floor-desktop/vendor/laravel/framework/src/Illuminate/Foundation/Http/Kernel.php(175): Illuminate\\Pipeline\\Pipeline->then()
#10 /home/clj/repo/bckgrnd-msc/floor-desktop/vendor/laravel/framework/src/Illuminate/Foundation/Http/Kernel.php(144): Illuminate\\Foundation\\Http\\Kernel->sendRequestThroughRouter()
#11 /home/clj/repo/bckgrnd-msc/floor-desktop/vendor/laravel/framework/src/Illuminate/Foundation/Application.php(1220): Illuminate\\Foundation\\Http\\Kernel->handle()
#12 /home/clj/repo/bckgrnd-msc/floor-desktop/public/index.php(22): Illuminate\\Foundation\\Application->handleRequest()
#13 /home/clj/repo/bckgrnd-msc/floor-desktop/vendor/laravel/framework/src/Illuminate/Foundation/resources/server.php(23): require_once('...')
#14 {main}
"} 
[2026-10-02 06:46:45] local.ERROR: {closure:{closure:/home/clj/repo/bckgrnd-msc/floor-desktop/bootstrap/app.php:35}:42}(): Argument #2 ($request) must be of type Request, Illuminate\Http\Request given, called in /home/clj/repo/bckgrnd-msc/floor-desktop/vendor/laravel/framework/src/Illuminate/Foundation/Exceptions/Handler.php on line 717 {"exception":"[object] (TypeError(code: 0): {closure:{closure:/home/clj/repo/bckgrnd-msc/floor-desktop/bootstrap/app.php:35}:42}(): Argument #2 ($request) must be of type Request, Illuminate\\Http\\Request given, called in /home/clj/repo/bckgrnd-msc/floor-desktop/vendor/laravel/framework/src/Illuminate/Foundation/Exceptions/Handler.php on line 717 at /home/clj/repo/bckgrnd-msc/floor-desktop/bootstrap/app.php:42)
[stacktrace]
#0 /home/clj/repo/bckgrnd-msc/floor-desktop/vendor/laravel/framework/src/Illuminate/Foundation/Exceptions/Handler.php(717): {closure:{closure:/home/clj/repo/bckgrnd-msc/floor-desktop/bootstrap/app.php:35}:42}()
#1 /home/clj/repo/bckgrnd-msc/floor-desktop/vendor/laravel/framework/src/Illuminate/Foundation/Exceptions/Handler.php(618): Illuminate\\Foundation\\Exceptions\\Handler->renderViaCallbacks()
#2 /home/clj/repo/bckgrnd-msc/floor-desktop/vendor/laravel/framework/src/Illuminate/Routing/Pipeline.php(51): Illuminate\\Foundation\\Exceptions\\Handler->render()
#3 /home/clj/repo/bckgrnd-msc/floor-desktop/vendor/laravel/framework/src/Illuminate/Pipeline/Pipeline.php(224): Illuminate\\Routing\\Pipeline->handleException()
#4 /home/clj/repo/bckgrnd-msc/floor-desktop/vendor/laravel/framework/src/Illuminate/Http/Middleware/ValidatePathEncoding.php(26): Illuminate\\Pipeline\\Pipeline->{closure:{closure:Illuminate\\Pipeline\\Pipeline::carry():194}:195}()
#5 /home/clj/repo/bckgrnd-msc/floor-desktop/vendor/laravel/framework/src/Illuminate/Pipeline/Pipeline.php(219): Illuminate\\Http\\Middleware\\ValidatePathEncoding->handle()
#6 /home/clj/repo/bckgrnd-msc/floor-desktop/vendor/laravel/framework/src/Illuminate/Pipeline/Pipeline.php(137): Illuminate\\Pipeline\\Pipeline->{closure:{closure:Illuminate\\Pipeline\\Pipeline::carry():194}:195}()
#7 /home/clj/repo/bckgrnd-msc/floor-desktop/vendor/laravel/framework/src/Illuminate/Foundation/Http/Kernel.php(175): Illuminate\\Pipeline\\Pipeline->then()
#8 /home/clj/repo/bckgrnd-msc/floor-desktop/vendor/laravel/framework/src/Illuminate/Foundation/Http/Kernel.php(144): Illuminate\\Foundation\\Http\\Kernel->sendRequestThroughRouter()
#9 /home/clj/repo/bckgrnd-msc/floor-desktop/vendor/laravel/framework/src/Illuminate/Foundation/Application.php(1220): Illuminate\\Foundation\\Http\\Kernel->handle()
#10 /home/clj/repo/bckgrnd-msc/floor-desktop/public/index.php(22): Illuminate\\Foundation\\Application->handleRequest()
#11 /home/clj/repo/bckgrnd-msc/floor-desktop/vendor/laravel/framework/src/Illuminate/Foundation/resources/server.php(23): require_once('...')
#12 {main}
"} 
[2026-10-02 06:46:45] local.ERROR: {closure:{closure:/home/clj/repo/bckgrnd-msc/floor-desktop/bootstrap/app.php:35}:42}(): Argument #2 ($request) must be of type Request, Illuminate\Http\Request given, called in /home/clj/repo/bckgrnd-msc/floor-desktop/vendor/laravel/framework/src/Illuminate/Foundation/Exceptions/Handler.php on line 717 {"exception":"[object] (TypeError(code: 0): {closure:{closure:/home/clj/repo/bckgrnd-msc/floor-desktop/bootstrap/app.php:35}:42}(): Argument #2 ($request) must be of type Request, Illuminate\\Http\\Request given, called in /home/clj/repo/bckgrnd-msc/floor-desktop/vendor/laravel/framework/src/Illuminate/Foundation/Exceptions/Handler.php on line 717 at /home/clj/repo/bckgrnd-msc/floor-desktop/bootstrap/app.php:42)
[stacktrace]
#0 /home/clj/repo/bckgrnd-msc/floor-desktop/vendor/laravel/framework/src/Illuminate/Foundation/Exceptions/Handler.php(717): {closure:{closure:/home/clj/repo/bckgrnd-msc/floor-desktop/bootstrap/app.php:35}:42}()
#1 /home/clj/repo/bckgrnd-msc/floor-desktop/vendor/laravel/framework/src/Illuminate/Foundation/Exceptions/Handler.php(618): Illuminate\\Foundation\\Exceptions\\Handler->renderViaCallbacks()
#2 /home/clj/repo/bckgrnd-msc/floor-desktop/vendor/laravel/framework/src/Illuminate/Routing/Pipeline.php(51): Illuminate\\Foundation\\Exceptions\\Handler->render()
#3 /home/clj/repo/bckgrnd-msc/floor-desktop/vendor/laravel/framework/src/Illuminate/Pipeline/Pipeline.php(224): Illuminate\\Routing\\Pipeline->handleException()
#4 /home/clj/repo/bckgrnd-msc/floor-desktop/vendor/laravel/framework/src/Illuminate/Pipeline/Pipeline.php(137): Illuminate\\Pipeline\\Pipeline->{closure:{closure:Illuminate\\Pipeline\\Pipeline::carry():194}:195}()
#5 /home/clj/repo/bckgrnd-msc/floor-desktop/vendor/laravel/framework/src/Illuminate/Foundation/Http/Kernel.php(175): Illuminate\\Pipeline\\Pipeline->then()
#6 /home/clj/repo/bckgrnd-msc/floor-desktop/vendor/laravel/framework/src/Illuminate/Foundation/Http/Kernel.php(144): Illuminate\\Foundation\\Http\\Kernel->sendRequestThroughRouter()
#7 /home/clj/repo/bckgrnd-msc/floor-desktop/vendor/laravel/framework/src/Illuminate/Foundation/Application.php(1220): Illuminate\\Foundation\\Http\\Kernel->handle()
#8 /home/clj/repo/bckgrnd-msc/floor-desktop/public/index.php(22): Illuminate\\Foundation\\Application->handleRequest()
#9 /home/clj/repo/bckgrnd-msc/floor-desktop/vendor/laravel/framework/src/Illuminate/Foundation/resources/server.php(23): require_once('...')
#10 {main}
"} 
[2026-10-02 06:46:45] local.ERROR: {closure:{closure:/home/clj/repo/bckgrnd-msc/floor-desktop/bootstrap/app.php:35}:42}(): Argument #2 ($request) must be of type Request, Illuminate\Http\Request given, called in /home/clj/repo/bckgrnd-msc/floor-desktop/vendor/laravel/framework/src/Illuminate/Foundation/Exceptions/Handler.php on line 717 {"exception":"[object] (TypeError(code: 0): {closure:{closure:/home/clj/repo/bckgrnd-msc/floor-desktop/bootstrap/app.php:35}:42}(): Argument #2 ($request) must be of type Request, Illuminate\\Http\\Request given, called in /home/clj/repo/bckgrnd-msc/floor-desktop/vendor/laravel/framework/src/Illuminate/Foundation/Exceptions/Handler.php on line 717 at /home/clj/repo/bckgrnd-msc/floor-desktop/bootstrap/app.php:42)
[stacktrace]
#0 /home/clj/repo/bckgrnd-msc/floor-desktop/vendor/laravel/framework/src/Illuminate/Foundation/Exceptions/Handler.php(717): {closure:{closure:/home/clj/repo/bckgrnd-msc/floor-desktop/bootstrap/app.php:35}:42}()
#1 /home/clj/repo/bckgrnd-msc/floor-desktop/vendor/laravel/framework/src/Illuminate/Foundation/Exceptions/Handler.php(618): Illuminate\\Foundation\\Exceptions\\Handler->renderViaCallbacks()
#2 /home/clj/repo/bckgrnd-msc/floor-desktop/vendor/laravel/framework/src/Illuminate/Foundation/Http/Kernel.php(574): Illuminate\\Foundation\\Exceptions\\Handler->render()
#3 /home/clj/repo/bckgrnd-msc/floor-desktop/vendor/laravel/framework/src/Illuminate/Foundation/Http/Kernel.php(148): Illuminate\\Foundation\\Http\\Kernel->renderException()
#4 /home/clj/repo/bckgrnd-msc/floor-desktop/vendor/laravel/framework/src/Illuminate/Foundation/Application.php(1220): Illuminate\\Foundation\\Http\\Kernel->handle()
#5 /home/clj/repo/bckgrnd-msc/floor-desktop/public/index.php(22): Illuminate\\Foundation\\Application->handleRequest()
#6 /home/clj/repo/bckgrnd-msc/floor-desktop/vendor/laravel/framework/src/Illuminate/Foundation/resources/server.php(23): require_once('...')
#7 {main}
"} 
[2026-10-02 06:46:45] local.ERROR: Uncaught TypeError: {closure:{closure:/home/clj/repo/bckgrnd-msc/floor-desktop/bootstrap/app.php:35}:42}(): Argument #2 ($request) must be of type Request, Illuminate\Http\Request given, called in /home/clj/repo/bckgrnd-msc/floor-desktop/vendor/laravel/framework/src/Illuminate/Foundation/Exceptions/Handler.php on line 717 and defined in /home/clj/repo/bckgrnd-msc/floor-desktop/bootstrap/app.php:42
Stack trace:
#0 /home/clj/repo/bckgrnd-msc/floor-desktop/vendor/laravel/framework/src/Illuminate/Foundation/Exceptions/Handler.php(717): {closure:{closure:/home/clj/repo/bckgrnd-msc/floor-desktop/bootstrap/app.php:35}:42}()
#1 /home/clj/repo/bckgrnd-msc/floor-desktop/vendor/laravel/framework/src/Illuminate/Foundation/Exceptions/Handler.php(618): Illuminate\Foundation\Exceptions\Handler->renderViaCallbacks()
#2 /home/clj/repo/bckgrnd-msc/floor-desktop/vendor/laravel/framework/src/Illuminate/Foundation/Bootstrap/HandleExceptions.php(225): Illuminate\Foundation\Exceptions\Handler->render()
#3 /home/clj/repo/bckgrnd-msc/floor-desktop/vendor/laravel/framework/src/Illuminate/Foundation/Bootstrap/HandleExceptions.php(202): Illuminate\Foundation\Bootstrap\HandleExceptions->renderHttpResponse()
#4 /home/clj/repo/bckgrnd-msc/floor-desktop/vendor/laravel/framework/src/Illuminate/Foundation/Bootstrap/HandleExceptions.php(262): Illuminate\Foundation\Bootstrap\HandleExceptions->handleException()
#5 [internal function]: Illuminate\Foundation\Bootstrap\HandleExceptions->{closure:Illuminate\Foundation\Bootstrap\HandleExceptions::forwardsTo():261}()
#6 {main}
  thrown {"exception":"[object] (Symfony\\Component\\ErrorHandler\\Error\\FatalError(code: 0): Uncaught TypeError: {closure:{closure:/home/clj/repo/bckgrnd-msc/floor-desktop/bootstrap/app.php:35}:42}(): Argument #2 ($request) must be of type Request, Illuminate\\Http\\Request given, called in /home/clj/repo/bckgrnd-msc/floor-desktop/vendor/laravel/framework/src/Illuminate/Foundation/Exceptions/Handler.php on line 717 and defined in /home/clj/repo/bckgrnd-msc/floor-desktop/bootstrap/app.php:42
Stack trace:
#0 /home/clj/repo/bckgrnd-msc/floor-desktop/vendor/laravel/framework/src/Illuminate/Foundation/Exceptions/Handler.php(717): {closure:{closure:/home/clj/repo/bckgrnd-msc/floor-desktop/bootstrap/app.php:35}:42}()
#1 /home/clj/repo/bckgrnd-msc/floor-desktop/vendor/laravel/framework/src/Illuminate/Foundation/Exceptions/Handler.php(618): Illuminate\\Foundation\\Exceptions\\Handler->renderViaCallbacks()
#2 /home/clj/repo/bckgrnd-msc/floor-desktop/vendor/laravel/framework/src/Illuminate/Foundation/Bootstrap/HandleExceptions.php(225): Illuminate\\Foundation\\Exceptions\\Handler->render()
#3 /home/clj/repo/bckgrnd-msc/floor-desktop/vendor/laravel/framework/src/Illuminate/Foundation/Bootstrap/HandleExceptions.php(202): Illuminate\\Foundation\\Bootstrap\\HandleExceptions->renderHttpResponse()
#4 /home/clj/repo/bckgrnd-msc/floor-desktop/vendor/laravel/framework/src/Illuminate/Foundation/Bootstrap/HandleExceptions.php(262): Illuminate\\Foundation\\Bootstrap\\HandleExceptions->handleException()
#5 [internal function]: Illuminate\\Foundation\\Bootstrap\\HandleExceptions->{closure:Illuminate\\Foundation\\Bootstrap\\HandleExceptions::forwardsTo():261}()
#6 {main}
  thrown at /home/clj/repo/bckgrnd-msc/floor-desktop/bootstrap/app.php:42)
[stacktrace]
#0 {main}
"} 
[2026-10-02 06:46:55] local.ERROR: {closure:{closure:/home/clj/repo/bckgrnd-msc/floor-desktop/bootstrap/app.php:35}:42}(): Argument #2 ($request) must be of type Request, Illuminate\Http\Request given, called in /home/clj/repo/bckgrnd-msc/floor-desktop/vendor/laravel/framework/src/Illuminate/Foundation/Exceptions/Handler.php on line 717 {"exception":"[object] (TypeError(code: 0): {closure:{closure:/home/clj/repo/bckgrnd-msc/floor-desktop/bootstrap/app.php:35}:42}(): Argument #2 ($request) must be of type Request, Illuminate\\Http\\Request given, called in /home/clj/repo/bckgrnd-msc/floor-desktop/vendor/laravel/framework/src/Illuminate/Foundation/Exceptions/Handler.php on line 717 at /home/clj/repo/bckgrnd-msc/floor-desktop/bootstrap/app.php:42)
[stacktrace]
#0 /home/clj/repo/bckgrnd-msc/floor-desktop/vendor/laravel/framework/src/Illuminate/Foundation/Exceptions/Handler.php(717): {closure:{closure:/home/clj/repo/bckgrnd-msc/floor-desktop/bootstrap/app.php:35}:42}()
#1 /home/clj/repo/bckgrnd-msc/floor-desktop/vendor/laravel/framework/src/Illuminate/Foundation/Exceptions/Handler.php(618): Illuminate\\Foundation\\Exceptions\\Handler->renderViaCallbacks()
#2 /home/clj/repo/bckgrnd-msc/floor-desktop/vendor/laravel/framework/src/Illuminate/Routing/Pipeline.php(51): Illuminate\\Foundation\\Exceptions\\Handler->render()
#3 /home/clj/repo/bckgrnd-msc/floor-desktop/vendor/laravel/framework/src/Illuminate/Pipeline/Pipeline.php(182): Illuminate\\Routing\\Pipeline->handleException()
#4 /home/clj/repo/bckgrnd-msc/floor-desktop/vendor/laravel/framework/src/Illuminate/Routing/Middleware/SubstituteBindings.php(50): Illuminate\\Pipeline\\Pipeline->{closure:Illuminate\\Pipeline\\Pipeline::prepareDestination():178}()
#5 /home/clj/repo/bckgrnd-msc/floor-desktop/vendor/laravel/framework/src/Illuminate/Pipeline/Pipeline.php(219): Illuminate\\Routing\\Middleware\\SubstituteBindings->handle()
#6 /home/clj/repo/bckgrnd-msc/floor-desktop/vendor/laravel/framework/src/Illuminate/Http/Middleware/HandleCors.php(74): Illuminate\\Pipeline\\Pipeline->{closure:{closure:Illuminate\\Pipeline\\Pipeline::carry():194}:195}()
#7 /home/clj/repo/bckgrnd-msc/floor-desktop/vendor/laravel/framework/src/Illuminate/Pipeline/Pipeline.php(219): Illuminate\\Http\\Middleware\\HandleCors->handle()
#8 /home/clj/repo/bckgrnd-msc/floor-desktop/vendor/laravel/framework/src/Illuminate/Pipeline/Pipeline.php(137): Illuminate\\Pipeline\\Pipeline->{closure:{closure:Illuminate\\Pipeline\\Pipeline::carry():194}:195}()
#9 /home/clj/repo/bckgrnd-msc/floor-desktop/vendor/laravel/framework/src/Illuminate/Routing/Router.php(821): Illuminate\\Pipeline\\Pipeline->then()
#10 /home/clj/repo/bckgrnd-msc/floor-desktop/vendor/laravel/framework/src/Illuminate/Routing/Router.php(800): Illuminate\\Routing\\Router->runRouteWithinStack()
#11 /home/clj/repo/bckgrnd-msc/floor-desktop/vendor/laravel/framework/src/Illuminate/Routing/Router.php(764): Illuminate\\Routing\\Router->runRoute()
#12 /home/clj/repo/bckgrnd-msc/floor-desktop/vendor/laravel/framework/src/Illuminate/Routing/Router.php(753): Illuminate\\Routing\\Router->dispatchToRoute()
#13 /home/clj/repo/bckgrnd-msc/floor-desktop/vendor/laravel/framework/src/Illuminate/Foundation/Http/Kernel.php(200): Illuminate\\Routing\\Router->dispatch()
#14 /home/clj/repo/bckgrnd-msc/floor-desktop/vendor/laravel/framework/src/Illuminate/Pipeline/Pipeline.php(180): Illuminate\\Foundation\\Http\\Kernel->{closure:Illuminate\\Foundation\\Http\\Kernel::dispatchToRouter():197}()
#15 /home/clj/repo/bckgrnd-msc/floor-desktop/vendor/laravel/framework/src/Illuminate/Foundation/Http/Middleware/TransformsRequest.php(21): Illuminate\\Pipeline\\Pipeline->{closure:Illuminate\\Pipeline\\Pipeline::prepareDestination():178}()
#16 /home/clj/repo/bckgrnd-msc/floor-desktop/vendor/laravel/framework/src/Illuminate/Foundation/Http/Middleware/ConvertEmptyStringsToNull.php(31): Illuminate\\Foundation\\Http\\Middleware\\TransformsRequest->handle()
#17 /home/clj/repo/bckgrnd-msc/floor-desktop/vendor/laravel/framework/src/Illuminate/Pipeline/Pipeline.php(219): Illuminate\\Foundation\\Http\\Middleware\\ConvertEmptyStringsToNull->handle()
#18 /home/clj/repo/bckgrnd-msc/floor-desktop/vendor/laravel/framework/src/Illuminate/Foundation/Http/Middleware/TransformsRequest.php(21): Illuminate\\Pipeline\\Pipeline->{closure:{closure:Illuminate\\Pipeline\\Pipeline::carry():194}:195}()
#19 /home/clj/repo/bckgrnd-msc/floor-desktop/vendor/laravel/framework/src/Illuminate/Foundation/Http/Middleware/TrimStrings.php(51): Illuminate\\Foundation\\Http\\Middleware\\TransformsRequest->handle()
#20 /home/clj/repo/bckgrnd-msc/floor-desktop/vendor/laravel/framework/src/Illuminate/Pipeline/Pipeline.php(219): Illuminate\\Foundation\\Http\\Middleware\\TrimStrings->handle()
#21 /home/clj/repo/bckgrnd-msc/floor-desktop/vendor/laravel/framework/src/Illuminate/Http/Middleware/ValidatePostSize.php(27): Illuminate\\Pipeline\\Pipeline->{closure:{closure:Illuminate\\Pipeline\\Pipeline::carry():194}:195}()
#22 /home/clj/repo/bckgrnd-msc/floor-desktop/vendor/laravel/framework/src/Illuminate/Pipeline/Pipeline.php(219): Illuminate\\Http\\Middleware\\ValidatePostSize->handle()
#23 /home/clj/repo/bckgrnd-msc/floor-desktop/vendor/laravel/framework/src/Illuminate/Foundation/Http/Middleware/PreventRequestsDuringMaintenance.php(109): Illuminate\\Pipeline\\Pipeline->{closure:{closure:Illuminate\\Pipeline\\Pipeline::carry():194}:195}()
#24 /home/clj/repo/bckgrnd-msc/floor-desktop/vendor/laravel/framework/src/Illuminate/Pipeline/Pipeline.php(219): Illuminate\\Foundation\\Http\\Middleware\\PreventRequestsDuringMaintenance->handle()
#25 /home/clj/repo/bckgrnd-msc/floor-desktop/vendor/laravel/framework/src/Illuminate/Http/Middleware/HandleCors.php(74): Illuminate\\Pipeline\\Pipeline->{closure:{closure:Illuminate\\Pipeline\\Pipeline::carry():194}:195}()
#26 /home/clj/repo/bckgrnd-msc/floor-desktop/vendor/laravel/framework/src/Illuminate/Pipeline/Pipeline.php(219): Illuminate\\Http\\Middleware\\HandleCors->handle()
#27 /home/clj/repo/bckgrnd-msc/floor-desktop/vendor/laravel/framework/src/Illuminate/Http/Middleware/TrustProxies.php(58): Illuminate\\Pipeline\\Pipeline->{closure:{closure:Illuminate\\Pipeline\\Pipeline::carry():194}:195}()
#28 /home/clj/repo/bckgrnd-msc/floor-desktop/vendor/laravel/framework/src/Illuminate/Pipeline/Pipeline.php(219): Illuminate\\Http\\Middleware\\TrustProxies->handle()
#29 /home/clj/repo/bckgrnd-msc/floor-desktop/vendor/laravel/framework/src/Illuminate/Foundation/Http/Middleware/InvokeDeferredCallbacks.php(22): Illuminate\\Pipeline\\Pipeline->{closure:{closure:Illuminate\\Pipeline\\Pipeline::carry():194}:195}()
#30 /home/clj/repo/bckgrnd-msc/floor-desktop/vendor/laravel/framework/src/Illuminate/Pipeline/Pipeline.php(219): Illuminate\\Foundation\\Http\\Middleware\\InvokeDeferredCallbacks->handle()
#31 /home/clj/repo/bckgrnd-msc/floor-desktop/vendor/laravel/framework/src/Illuminate/Http/Middleware/ValidatePathEncoding.php(26): Illuminate\\Pipeline\\Pipeline->{closure:{closure:Illuminate\\Pipeline\\Pipeline::carry():194}:195}()
#32 /home/clj/repo/bckgrnd-msc/floor-desktop/vendor/laravel/framework/src/Illuminate/Pipeline/Pipeline.php(219): Illuminate\\Http\\Middleware\\ValidatePathEncoding->handle()
#33 /home/clj/repo/bckgrnd-msc/floor-desktop/vendor/laravel/framework/src/Illuminate/Pipeline/Pipeline.php(137): Illuminate\\Pipeline\\Pipeline->{closure:{closure:Illuminate\\Pipeline\\Pipeline::carry():194}:195}()
#34 /home/clj/repo/bckgrnd-msc/floor-desktop/vendor/laravel/framework/src/Illuminate/Foundation/Http/Kernel.php(175): Illuminate\\Pipeline\\Pipeline->then()
#35 /home/clj/repo/bckgrnd-msc/floor-desktop/vendor/laravel/framework/src/Illuminate/Foundation/Http/Kernel.php(144): Illuminate\\Foundation\\Http\\Kernel->sendRequestThroughRouter()
#36 /home/clj/repo/bckgrnd-msc/floor-desktop/vendor/laravel/framework/src/Illuminate/Foundation/Application.php(1220): Illuminate\\Foundation\\Http\\Kernel->handle()
#37 /home/clj/repo/bckgrnd-msc/floor-desktop/public/index.php(22): Illuminate\\Foundation\\Application->handleRequest()
#38 /home/clj/repo/bckgrnd-msc/floor-desktop/vendor/laravel/framework/src/Illuminate/Foundation/resources/server.php(23): require_once('...')
#39 {main}
"} 
[2026-10-02 06:46:55] local.ERROR: {closure:{closure:/home/clj/repo/bckgrnd-msc/floor-desktop/bootstrap/app.php:35}:42}(): Argument #2 ($request) must be of type Request, Illuminate\Http\Request given, called in /home/clj/repo/bckgrnd-msc/floor-desktop/vendor/laravel/framework/src/Illuminate/Foundation/Exceptions/Handler.php on line 717 {"exception":"[object] (TypeError(code: 0): {closure:{closure:/home/clj/repo/bckgrnd-msc/floor-desktop/bootstrap/app.php:35}:42}(): Argument #2 ($request) must be of type Request, Illuminate\\Http\\Request given, called in /home/clj/repo/bckgrnd-msc/floor-desktop/vendor/laravel/framework/src/Illuminate/Foundation/Exceptions/Handler.php on line 717 at /home/clj/repo/bckgrnd-msc/floor-desktop/bootstrap/app.php:42)
[stacktrace]
#0 /home/clj/repo/bckgrnd-msc/floor-desktop/vendor/laravel/framework/src/Illuminate/Foundation/Exceptions/Handler.php(717): {closure:{closure:/home/clj/repo/bckgrnd-msc/floor-desktop/bootstrap/app.php:35}:42}()
#1 /home/clj/repo/bckgrnd-msc/floor-desktop/vendor/laravel/framework/src/Illuminate/Foundation/Exceptions/Handler.php(618): Illuminate\\Foundation\\Exceptions\\Handler->renderViaCallbacks()
#2 /home/clj/repo/bckgrnd-msc/floor-desktop/vendor/laravel/framework/src/Illuminate/Routing/Pipeline.php(51): Illuminate\\Foundation\\Exceptions\\Handler->render()
#3 /home/clj/repo/bckgrnd-msc/floor-desktop/vendor/laravel/framework/src/Illuminate/Pipeline/Pipeline.php(224): Illuminate\\Routing\\Pipeline->handleException()
#4 /home/clj/repo/bckgrnd-msc/floor-desktop/vendor/laravel/framework/src/Illuminate/Http/Middleware/HandleCors.php(74): Illuminate\\Pipeline\\Pipeline->{closure:{closure:Illuminate\\Pipeline\\Pipeline::carry():194}:195}()
#5 /home/clj/repo/bckgrnd-msc/floor-desktop/vendor/laravel/framework/src/Illuminate/Pipeline/Pipeline.php(219): Illuminate\\Http\\Middleware\\HandleCors->handle()
#6 /home/clj/repo/bckgrnd-msc/floor-desktop/vendor/laravel/framework/src/Illuminate/Pipeline/Pipeline.php(137): Illuminate\\Pipeline\\Pipeline->{closure:{closure:Illuminate\\Pipeline\\Pipeline::carry():194}:195}()
#7 /home/clj/repo/bckgrnd-msc/floor-desktop/vendor/laravel/framework/src/Illuminate/Routing/Router.php(821): Illuminate\\Pipeline\\Pipeline->then()
#8 /home/clj/repo/bckgrnd-msc/floor-desktop/vendor/laravel/framework/src/Illuminate/Routing/Router.php(800): Illuminate\\Routing\\Router->runRouteWithinStack()
#9 /home/clj/repo/bckgrnd-msc/floor-desktop/vendor/laravel/framework/src/Illuminate/Routing/Router.php(764): Illuminate\\Routing\\Router->runRoute()
#10 /home/clj/repo/bckgrnd-msc/floor-desktop/vendor/laravel/framework/src/Illuminate/Routing/Router.php(753): Illuminate\\Routing\\Router->dispatchToRoute()
#11 /home/clj/repo/bckgrnd-msc/floor-desktop/vendor/laravel/framework/src/Illuminate/Foundation/Http/Kernel.php(200): Illuminate\\Routing\\Router->dispatch()
#12 /home/clj/repo/bckgrnd-msc/floor-desktop/vendor/laravel/framework/src/Illuminate/Pipeline/Pipeline.php(180): Illuminate\\Foundation\\Http\\Kernel->{closure:Illuminate\\Foundation\\Http\\Kernel::dispatchToRouter():197}()
#13 /home/clj/repo/bckgrnd-msc/floor-desktop/vendor/laravel/framework/src/Illuminate/Foundation/Http/Middleware/TransformsRequest.php(21): Illuminate\\Pipeline\\Pipeline->{closure:Illuminate\\Pipeline\\Pipeline::prepareDestination():178}()
#14 /home/clj/repo/bckgrnd-msc/floor-desktop/vendor/laravel/framework/src/Illuminate/Foundation/Http/Middleware/ConvertEmptyStringsToNull.php(31): Illuminate\\Foundation\\Http\\Middleware\\TransformsRequest->handle()
#15 /home/clj/repo/bckgrnd-msc/floor-desktop/vendor/laravel/framework/src/Illuminate/Pipeline/Pipeline.php(219): Illuminate\\Foundation\\Http\\Middleware\\ConvertEmptyStringsToNull->handle()
#16 /home/clj/repo/bckgrnd-msc/floor-desktop/vendor/laravel/framework/src/Illuminate/Foundation/Http/Middleware/TransformsRequest.php(21): Illuminate\\Pipeline\\Pipeline->{closure:{closure:Illuminate\\Pipeline\\Pipeline::carry():194}:195}()
#17 /home/clj/repo/bckgrnd-msc/floor-desktop/vendor/laravel/framework/src/Illuminate/Foundation/Http/Middleware/TrimStrings.php(51): Illuminate\\Foundation\\Http\\Middleware\\TransformsRequest->handle()
#18 /home/clj/repo/bckgrnd-msc/floor-desktop/vendor/laravel/framework/src/Illuminate/Pipeline/Pipeline.php(219): Illuminate\\Foundation\\Http\\Middleware\\TrimStrings->handle()
#19 /home/clj/repo/bckgrnd-msc/floor-desktop/vendor/laravel/framework/src/Illuminate/Http/Middleware/ValidatePostSize.php(27): Illuminate\\Pipeline\\Pipeline->{closure:{closure:Illuminate\\Pipeline\\Pipeline::carry():194}:195}()
#20 /home/clj/repo/bckgrnd-msc/floor-desktop/vendor/laravel/framework/src/Illuminate/Pipeline/Pipeline.php(219): Illuminate\\Http\\Middleware\\ValidatePostSize->handle()
#21 /home/clj/repo/bckgrnd-msc/floor-desktop/vendor/laravel/framework/src/Illuminate/Foundation/Http/Middleware/PreventRequestsDuringMaintenance.php(109): Illuminate\\Pipeline\\Pipeline->{closure:{closure:Illuminate\\Pipeline\\Pipeline::carry():194}:195}()
#22 /home/clj/repo/bckgrnd-msc/floor-desktop/vendor/laravel/framework/src/Illuminate/Pipeline/Pipeline.php(219): Illuminate\\Foundation\\Http\\Middleware\\PreventRequestsDuringMaintenance->handle()
#23 /home/clj/repo/bckgrnd-msc/floor-desktop/vendor/laravel/framework/src/Illuminate/Http/Middleware/HandleCors.php(74): Illuminate\\Pipeline\\Pipeline->{closure:{closure:Illuminate\\Pipeline\\Pipeline::carry():194}:195}()
#24 /home/clj/repo/bckgrnd-msc/floor-desktop/vendor/laravel/framework/src/Illuminate/Pipeline/Pipeline.php(219): Illuminate\\Http\\Middleware\\HandleCors->handle()
#25 /home/clj/repo/bckgrnd-msc/floor-desktop/vendor/laravel/framework/src/Illuminate/Http/Middleware/TrustProxies.php(58): Illuminate\\Pipeline\\Pipeline->{closure:{closure:Illuminate\\Pipeline\\Pipeline::carry():194}:195}()
#26 /home/clj/repo/bckgrnd-msc/floor-desktop/vendor/laravel/framework/src/Illuminate/Pipeline/Pipeline.php(219): Illuminate\\Http\\Middleware\\TrustProxies->handle()
#27 /home/clj/repo/bckgrnd-msc/floor-desktop/vendor/laravel/framework/src/Illuminate/Foundation/Http/Middleware/InvokeDeferredCallbacks.php(22): Illuminate\\Pipeline\\Pipeline->{closure:{closure:Illuminate\\Pipeline\\Pipeline::carry():194}:195}()
#28 /home/clj/repo/bckgrnd-msc/floor-desktop/vendor/laravel/framework/src/Illuminate/Pipeline/Pipeline.php(219): Illuminate\\Foundation\\Http\\Middleware\\InvokeDeferredCallbacks->handle()
#29 /home/clj/repo/bckgrnd-msc/floor-desktop/vendor/laravel/framework/src/Illuminate/Http/Middleware/ValidatePathEncoding.php(26): Illuminate\\Pipeline\\Pipeline->{closure:{closure:Illuminate\\Pipeline\\Pipeline::carry():194}:195}()
#30 /home/clj/repo/bckgrnd-msc/floor-desktop/vendor/laravel/framework/src/Illuminate/Pipeline/Pipeline.php(219): Illuminate\\Http\\Middleware\\ValidatePathEncoding->handle()
#31 /home/clj/repo/bckgrnd-msc/floor-desktop/vendor/laravel/framework/src/Illuminate/Pipeline/Pipeline.php(137): Illuminate\\Pipeline\\Pipeline->{closure:{closure:Illuminate\\Pipeline\\Pipeline::carry():194}:195}()
#32 /home/clj/repo/bckgrnd-msc/floor-desktop/vendor/laravel/framework/src/Illuminate/Foundation/Http/Kernel.php(175): Illuminate\\Pipeline\\Pipeline->then()
#33 /home/clj/repo/bckgrnd-msc/floor-desktop/vendor/laravel/framework/src/Illuminate/Foundation/Http/Kernel.php(144): Illuminate\\Foundation\\Http\\Kernel->sendRequestThroughRouter()
#34 /home/clj/repo/bckgrnd-msc/floor-desktop/vendor/laravel/framework/src/Illuminate/Foundation/Application.php(1220): Illuminate\\Foundation\\Http\\Kernel->handle()
#35 /home/clj/repo/bckgrnd-msc/floor-desktop/public/index.php(22): Illuminate\\Foundation\\Application->handleRequest()
#36 /home/clj/repo/bckgrnd-msc/floor-desktop/vendor/laravel/framework/src/Illuminate/Foundation/resources/server.php(23): require_once('...')
#37 {main}
"} 
[2026-10-02 06:46:55] local.ERROR: {closure:{closure:/home/clj/repo/bckgrnd-msc/floor-desktop/bootstrap/app.php:35}:42}(): Argument #2 ($request) must be of type Request, Illuminate\Http\Request given, called in /home/clj/repo/bckgrnd-msc/floor-desktop/vendor/laravel/framework/src/Illuminate/Foundation/Exceptions/Handler.php on line 717 {"exception":"[object] (TypeError(code: 0): {closure:{closure:/home/clj/repo/bckgrnd-msc/floor-desktop/bootstrap/app.php:35}:42}(): Argument #2 ($request) must be of type Request, Illuminate\\Http\\Request given, called in /home/clj/repo/bckgrnd-msc/floor-desktop/vendor/laravel/framework/src/Illuminate/Foundation/Exceptions/Handler.php on line 717 at /home/clj/repo/bckgrnd-msc/floor-desktop/bootstrap/app.php:42)
[stacktrace]
#0 /home/clj/repo/bckgrnd-msc/floor-desktop/vendor/laravel/framework/src/Illuminate/Foundation/Exceptions/Handler.php(717): {closure:{closure:/home/clj/repo/bckgrnd-msc/floor-desktop/bootstrap/app.php:35}:42}()
#1 /home/clj/repo/bckgrnd-msc/floor-desktop/vendor/laravel/framework/src/Illuminate/Foundation/Exceptions/Handler.php(618): Illuminate\\Foundation\\Exceptions\\Handler->renderViaCallbacks()
#2 /home/clj/repo/bckgrnd-msc/floor-desktop/vendor/laravel/framework/src/Illuminate/Routing/Pipeline.php(51): Illuminate\\Foundation\\Exceptions\\Handler->render()
#3 /home/clj/repo/bckgrnd-msc/floor-desktop/vendor/laravel/framework/src/Illuminate/Pipeline/Pipeline.php(224): Illuminate\\Routing\\Pipeline->handleException()
#4 /home/clj/repo/bckgrnd-msc/floor-desktop/vendor/laravel/framework/src/Illuminate/Pipeline/Pipeline.php(137): Illuminate\\Pipeline\\Pipeline->{closure:{closure:Illuminate\\Pipeline\\Pipeline::carry():194}:195}()
#5 /home/clj/repo/bckgrnd-msc/floor-desktop/vendor/laravel/framework/src/Illuminate/Routing/Router.php(821): Illuminate\\Pipeline\\Pipeline->then()
#6 /home/clj/repo/bckgrnd-msc/floor-desktop/vendor/laravel/framework/src/Illuminate/Routing/Router.php(800): Illuminate\\Routing\\Router->runRouteWithinStack()
#7 /home/clj/repo/bckgrnd-msc/floor-desktop/vendor/laravel/framework/src/Illuminate/Routing/Router.php(764): Illuminate\\Routing\\Router->runRoute()
#8 /home/clj/repo/bckgrnd-msc/floor-desktop/vendor/laravel/framework/src/Illuminate/Routing/Router.php(753): Illuminate\\Routing\\Router->dispatchToRoute()
#9 /home/clj/repo/bckgrnd-msc/floor-desktop/vendor/laravel/framework/src/Illuminate/Foundation/Http/Kernel.php(200): Illuminate\\Routing\\Router->dispatch()
#10 /home/clj/repo/bckgrnd-msc/floor-desktop/vendor/laravel/framework/src/Illuminate/Pipeline/Pipeline.php(180): Illuminate\\Foundation\\Http\\Kernel->{closure:Illuminate\\Foundation\\Http\\Kernel::dispatchToRouter():197}()
#11 /home/clj/repo/bckgrnd-msc/floor-desktop/vendor/laravel/framework/src/Illuminate/Foundation/Http/Middleware/TransformsRequest.php(21): Illuminate\\Pipeline\\Pipeline->{closure:Illuminate\\Pipeline\\Pipeline::prepareDestination():178}()
#12 /home/clj/repo/bckgrnd-msc/floor-desktop/vendor/laravel/framework/src/Illuminate/Foundation/Http/Middleware/ConvertEmptyStringsToNull.php(31): Illuminate\\Foundation\\Http\\Middleware\\TransformsRequest->handle()
#13 /home/clj/repo/bckgrnd-msc/floor-desktop/vendor/laravel/framework/src/Illuminate/Pipeline/Pipeline.php(219): Illuminate\\Foundation\\Http\\Middleware\\ConvertEmptyStringsToNull->handle()
#14 /home/clj/repo/bckgrnd-msc/floor-desktop/vendor/laravel/framework/src/Illuminate/Foundation/Http/Middleware/TransformsRequest.php(21): Illuminate\\Pipeline\\Pipeline->{closure:{closure:Illuminate\\Pipeline\\Pipeline::carry():194}:195}()
#15 /home/clj/repo/bckgrnd-msc/floor-desktop/vendor/laravel/framework/src/Illuminate/Foundation/Http/Middleware/TrimStrings.php(51): Illuminate\\Foundation\\Http\\Middleware\\TransformsRequest->handle()
#16 /home/clj/repo/bckgrnd-msc/floor-desktop/vendor/laravel/framework/src/Illuminate/Pipeline/Pipeline.php(219): Illuminate\\Foundation\\Http\\Middleware\\TrimStrings->handle()
#17 /home/clj/repo/bckgrnd-msc/floor-desktop/vendor/laravel/framework/src/Illuminate/Http/Middleware/ValidatePostSize.php(27): Illuminate\\Pipeline\\Pipeline->{closure:{closure:Illuminate\\Pipeline\\Pipeline::carry():194}:195}()
#18 /home/clj/repo/bckgrnd-msc/floor-desktop/vendor/laravel/framework/src/Illuminate/Pipeline/Pipeline.php(219): Illuminate\\Http\\Middleware\\ValidatePostSize->handle()
#19 /home/clj/repo/bckgrnd-msc/floor-desktop/vendor/laravel/framework/src/Illuminate/Foundation/Http/Middleware/PreventRequestsDuringMaintenance.php(109): Illuminate\\Pipeline\\Pipeline->{closure:{closure:Illuminate\\Pipeline\\Pipeline::carry():194}:195}()
#20 /home/clj/repo/bckgrnd-msc/floor-desktop/vendor/laravel/framework/src/Illuminate/Pipeline/Pipeline.php(219): Illuminate\\Foundation\\Http\\Middleware\\PreventRequestsDuringMaintenance->handle()
#21 /home/clj/repo/bckgrnd-msc/floor-desktop/vendor/laravel/framework/src/Illuminate/Http/Middleware/HandleCors.php(74): Illuminate\\Pipeline\\Pipeline->{closure:{closure:Illuminate\\Pipeline\\Pipeline::carry():194}:195}()
#22 /home/clj/repo/bckgrnd-msc/floor-desktop/vendor/laravel/framework/src/Illuminate/Pipeline/Pipeline.php(219): Illuminate\\Http\\Middleware\\HandleCors->handle()
#23 /home/clj/repo/bckgrnd-msc/floor-desktop/vendor/laravel/framework/src/Illuminate/Http/Middleware/TrustProxies.php(58): Illuminate\\Pipeline\\Pipeline->{closure:{closure:Illuminate\\Pipeline\\Pipeline::carry():194}:195}()
#24 /home/clj/repo/bckgrnd-msc/floor-desktop/vendor/laravel/framework/src/Illuminate/Pipeline/Pipeline.php(219): Illuminate\\Http\\Middleware\\TrustProxies->handle()
#25 /home/clj/repo/bckgrnd-msc/floor-desktop/vendor/laravel/framework/src/Illuminate/Foundation/Http/Middleware/InvokeDeferredCallbacks.php(22): Illuminate\\Pipeline\\Pipeline->{closure:{closure:Illuminate\\Pipeline\\Pipeline::carry():194}:195}()
#26 /home/clj/repo/bckgrnd-msc/floor-desktop/vendor/laravel/framework/src/Illuminate/Pipeline/Pipeline.php(219): Illuminate\\Foundation\\Http\\Middleware\\InvokeDeferredCallbacks->handle()
#27 /home/clj/repo/bckgrnd-msc/floor-desktop/vendor/laravel/framework/src/Illuminate/Http/Middleware/ValidatePathEncoding.php(26): Illuminate\\Pipeline\\Pipeline->{closure:{closure:Illuminate\\Pipeline\\Pipeline::carry():194}:195}()
#28 /home/clj/repo/bckgrnd-msc/floor-desktop/vendor/laravel/framework/src/Illuminate/Pipeline/Pipeline.php(219): Illuminate\\Http\\Middleware\\ValidatePathEncoding->handle()
#29 /home/clj/repo/bckgrnd-msc/floor-desktop/vendor/laravel/framework/src/Illuminate/Pipeline/Pipeline.php(137): Illuminate\\Pipeline\\Pipeline->{closure:{closure:Illuminate\\Pipeline\\Pipeline::carry():194}:195}()
#30 /home/clj/repo/bckgrnd-msc/floor-desktop/vendor/laravel/framework/src/Illuminate/Foundation/Http/Kernel.php(175): Illuminate\\Pipeline\\Pipeline->then()
#31 /home/clj/repo/bckgrnd-msc/floor-desktop/vendor/laravel/framework/src/Illuminate/Foundation/Http/Kernel.php(144): Illuminate\\Foundation\\Http\\Kernel->sendRequestThroughRouter()
#32 /home/clj/repo/bckgrnd-msc/floor-desktop/vendor/laravel/framework/src/Illuminate/Foundation/Application.php(1220): Illuminate\\Foundation\\Http\\Kernel->handle()
#33 /home/clj/repo/bckgrnd-msc/floor-desktop/public/index.php(22): Illuminate\\Foundation\\Application->handleRequest()
#34 /home/clj/repo/bckgrnd-msc/floor-desktop/vendor/laravel/framework/src/Illuminate/Foundation/resources/server.php(23): require_once('...')
#35 {main}
"} 
[2026-10-02 06:46:55] local.ERROR: {closure:{closure:/home/clj/repo/bckgrnd-msc/floor-desktop/bootstrap/app.php:35}:42}(): Argument #2 ($request) must be of type Request, Illuminate\Http\Request given, called in /home/clj/repo/bckgrnd-msc/floor-desktop/vendor/laravel/framework/src/Illuminate/Foundation/Exceptions/Handler.php on line 717 {"exception":"[object] (TypeError(code: 0): {closure:{closure:/home/clj/repo/bckgrnd-msc/floor-desktop/bootstrap/app.php:35}:42}(): Argument #2 ($request) must be of type Request, Illuminate\\Http\\Request given, called in /home/clj/repo/bckgrnd-msc/floor-desktop/vendor/laravel/framework/src/Illuminate/Foundation/Exceptions/Handler.php on line 717 at /home/clj/repo/bckgrnd-msc/floor-desktop/bootstrap/app.php:42)
[stacktrace]
#0 /home/clj/repo/bckgrnd-msc/floor-desktop/vendor/laravel/framework/src/Illuminate/Foundation/Exceptions/Handler.php(717): {closure:{closure:/home/clj/repo/bckgrnd-msc/floor-desktop/bootstrap/app.php:35}:42}()
#1 /home/clj/repo/bckgrnd-msc/floor-desktop/vendor/laravel/framework/src/Illuminate/Foundation/Exceptions/Handler.php(618): Illuminate\\Foundation\\Exceptions\\Handler->renderViaCallbacks()
#2 /home/clj/repo/bckgrnd-msc/floor-desktop/vendor/laravel/framework/src/Illuminate/Routing/Pipeline.php(51): Illuminate\\Foundation\\Exceptions\\Handler->render()
#3 /home/clj/repo/bckgrnd-msc/floor-desktop/vendor/laravel/framework/src/Illuminate/Pipeline/Pipeline.php(182): Illuminate\\Routing\\Pipeline->handleException()
#4 /home/clj/repo/bckgrnd-msc/floor-desktop/vendor/laravel/framework/src/Illuminate/Foundation/Http/Middleware/TransformsRequest.php(21): Illuminate\\Pipeline\\Pipeline->{closure:Illuminate\\Pipeline\\Pipeline::prepareDestination():178}()
#5 /home/clj/repo/bckgrnd-msc/floor-desktop/vendor/laravel/framework/src/Illuminate/Foundation/Http/Middleware/ConvertEmptyStringsToNull.php(31): Illuminate\\Foundation\\Http\\Middleware\\TransformsRequest->handle()
#6 /home/clj/repo/bckgrnd-msc/floor-desktop/vendor/laravel/framework/src/Illuminate/Pipeline/Pipeline.php(219): Illuminate\\Foundation\\Http\\Middleware\\ConvertEmptyStringsToNull->handle()
#7 /home/clj/repo/bckgrnd-msc/floor-desktop/vendor/laravel/framework/src/Illuminate/Foundation/Http/Middleware/TransformsRequest.php(21): Illuminate\\Pipeline\\Pipeline->{closure:{closure:Illuminate\\Pipeline\\Pipeline::carry():194}:195}()
#8 /home/clj/repo/bckgrnd-msc/floor-desktop/vendor/laravel/framework/src/Illuminate/Foundation/Http/Middleware/TrimStrings.php(51): Illuminate\\Foundation\\Http\\Middleware\\TransformsRequest->handle()
#9 /home/clj/repo/bckgrnd-msc/floor-desktop/vendor/laravel/framework/src/Illuminate/Pipeline/Pipeline.php(219): Illuminate\\Foundation\\Http\\Middleware\\TrimStrings->handle()
#10 /home/clj/repo/bckgrnd-msc/floor-desktop/vendor/laravel/framework/src/Illuminate/Http/Middleware/ValidatePostSize.php(27): Illuminate\\Pipeline\\Pipeline->{closure:{closure:Illuminate\\Pipeline\\Pipeline::carry():194}:195}()
#11 /home/clj/repo/bckgrnd-msc/floor-desktop/vendor/laravel/framework/src/Illuminate/Pipeline/Pipeline.php(219): Illuminate\\Http\\Middleware\\ValidatePostSize->handle()
#12 /home/clj/repo/bckgrnd-msc/floor-desktop/vendor/laravel/framework/src/Illuminate/Foundation/Http/Middleware/PreventRequestsDuringMaintenance.php(109): Illuminate\\Pipeline\\Pipeline->{closure:{closure:Illuminate\\Pipeline\\Pipeline::carry():194}:195}()
#13 /home/clj/repo/bckgrnd-msc/floor-desktop/vendor/laravel/framework/src/Illuminate/Pipeline/Pipeline.php(219): Illuminate\\Foundation\\Http\\Middleware\\PreventRequestsDuringMaintenance->handle()
#14 /home/clj/repo/bckgrnd-msc/floor-desktop/vendor/laravel/framework/src/Illuminate/Http/Middleware/HandleCors.php(74): Illuminate\\Pipeline\\Pipeline->{closure:{closure:Illuminate\\Pipeline\\Pipeline::carry():194}:195}()
#15 /home/clj/repo/bckgrnd-msc/floor-desktop/vendor/laravel/framework/src/Illuminate/Pipeline/Pipeline.php(219): Illuminate\\Http\\Middleware\\HandleCors->handle()
#16 /home/clj/repo/bckgrnd-msc/floor-desktop/vendor/laravel/framework/src/Illuminate/Http/Middleware/TrustProxies.php(58): Illuminate\\Pipeline\\Pipeline->{closure:{closure:Illuminate\\Pipeline\\Pipeline::carry():194}:195}()
#17 /home/clj/repo/bckgrnd-msc/floor-desktop/vendor/laravel/framework/src/Illuminate/Pipeline/Pipeline.php(219): Illuminate\\Http\\Middleware\\TrustProxies->handle()
#18 /home/clj/repo/bckgrnd-msc/floor-desktop/vendor/laravel/framework/src/Illuminate/Foundation/Http/Middleware/InvokeDeferredCallbacks.php(22): Illuminate\\Pipeline\\Pipeline->{closure:{closure:Illuminate\\Pipeline\\Pipeline::carry():194}:195}()
#19 /home/clj/repo/bckgrnd-msc/floor-desktop/vendor/laravel/framework/src/Illuminate/Pipeline/Pipeline.php(219): Illuminate\\Foundation\\Http\\Middleware\\InvokeDeferredCallbacks->handle()
#20 /home/clj/repo/bckgrnd-msc/floor-desktop/vendor/laravel/framework/src/Illuminate/Http/Middleware/ValidatePathEncoding.php(26): Illuminate\\Pipeline\\Pipeline->{closure:{closure:Illuminate\\Pipeline\\Pipeline::carry():194}:195}()
#21 /home/clj/repo/bckgrnd-msc/floor-desktop/vendor/laravel/framework/src/Illuminate/Pipeline/Pipeline.php(219): Illuminate\\Http\\Middleware\\ValidatePathEncoding->handle()
#22 /home/clj/repo/bckgrnd-msc/floor-desktop/vendor/laravel/framework/src/Illuminate/Pipeline/Pipeline.php(137): Illuminate\\Pipeline\\Pipeline->{closure:{closure:Illuminate\\Pipeline\\Pipeline::carry():194}:195}()
#23 /home/clj/repo/bckgrnd-msc/floor-desktop/vendor/laravel/framework/src/Illuminate/Foundation/Http/Kernel.php(175): Illuminate\\Pipeline\\Pipeline->then()
#24 /home/clj/repo/bckgrnd-msc/floor-desktop/vendor/laravel/framework/src/Illuminate/Foundation/Http/Kernel.php(144): Illuminate\\Foundation\\Http\\Kernel->sendRequestThroughRouter()
#25 /home/clj/repo/bckgrnd-msc/floor-desktop/vendor/laravel/framework/src/Illuminate/Foundation/Application.php(1220): Illuminate\\Foundation\\Http\\Kernel->handle()
#26 /home/clj/repo/bckgrnd-msc/floor-desktop/public/index.php(22): Illuminate\\Foundation\\Application->handleRequest()
#27 /home/clj/repo/bckgrnd-msc/floor-desktop/vendor/laravel/framework/src/Illuminate/Foundation/resources/server.php(23): require_once('...')
#28 {main}
"} 
[2026-10-02 06:46:55] local.ERROR: {closure:{closure:/home/clj/repo/bckgrnd-msc/floor-desktop/bootstrap/app.php:35}:42}(): Argument #2 ($request) must be of type Request, Illuminate\Http\Request given, called in /home/clj/repo/bckgrnd-msc/floor-desktop/vendor/laravel/framework/src/Illuminate/Foundation/Exceptions/Handler.php on line 717 {"exception":"[object] (TypeError(code: 0): {closure:{closure:/home/clj/repo/bckgrnd-msc/floor-desktop/bootstrap/app.php:35}:42}(): Argument #2 ($request) must be of type Request, Illuminate\\Http\\Request given, called in /home/clj/repo/bckgrnd-msc/floor-desktop/vendor/laravel/framework/src/Illuminate/Foundation/Exceptions/Handler.php on line 717 at /home/clj/repo/bckgrnd-msc/floor-desktop/bootstrap/app.php:42)
[stacktrace]
#0 /home/clj/repo/bckgrnd-msc/floor-desktop/vendor/laravel/framework/src/Illuminate/Foundation/Exceptions/Handler.php(717): {closure:{closure:/home/clj/repo/bckgrnd-msc/floor-desktop/bootstrap/app.php:35}:42}()
#1 /home/clj/repo/bckgrnd-msc/floor-desktop/vendor/laravel/framework/src/Illuminate/Foundation/Exceptions/Handler.php(618): Illuminate\\Foundation\\Exceptions\\Handler->renderViaCallbacks()
#2 /home/clj/repo/bckgrnd-msc/floor-desktop/vendor/laravel/framework/src/Illuminate/Routing/Pipeline.php(51): Illuminate\\Foundation\\Exceptions\\Handler->render()
#3 /home/clj/repo/bckgrnd-msc/floor-desktop/vendor/laravel/framework/src/Illuminate/Pipeline/Pipeline.php(224): Illuminate\\Routing\\Pipeline->handleException()
#4 /home/clj/repo/bckgrnd-msc/floor-desktop/vendor/laravel/framework/src/Illuminate/Foundation/Http/Middleware/TransformsRequest.php(21): Illuminate\\Pipeline\\Pipeline->{closure:{closure:Illuminate\\Pipeline\\Pipeline::carry():194}:195}()
#5 /home/clj/repo/bckgrnd-msc/floor-desktop/vendor/laravel/framework/src/Illuminate/Foundation/Http/Middleware/TrimStrings.php(51): Illuminate\\Foundation\\Http\\Middleware\\TransformsRequest->handle()
#6 /home/clj/repo/bckgrnd-msc/floor-desktop/vendor/laravel/framework/src/Illuminate/Pipeline/Pipeline.php(219): Illuminate\\Foundation\\Http\\Middleware\\TrimStrings->handle()
#7 /home/clj/repo/bckgrnd-msc/floor-desktop/vendor/laravel/framework/src/Illuminate/Http/Middleware/ValidatePostSize.php(27): Illuminate\\Pipeline\\Pipeline->{closure:{closure:Illuminate\\Pipeline\\Pipeline::carry():194}:195}()
#8 /home/clj/repo/bckgrnd-msc/floor-desktop/vendor/laravel/framework/src/Illuminate/Pipeline/Pipeline.php(219): Illuminate\\Http\\Middleware\\ValidatePostSize->handle()
#9 /home/clj/repo/bckgrnd-msc/floor-desktop/vendor/laravel/framework/src/Illuminate/Foundation/Http/Middleware/PreventRequestsDuringMaintenance.php(109): Illuminate\\Pipeline\\Pipeline->{closure:{closure:Illuminate\\Pipeline\\Pipeline::carry():194}:195}()
#10 /home/clj/repo/bckgrnd-msc/floor-desktop/vendor/laravel/framework/src/Illuminate/Pipeline/Pipeline.php(219): Illuminate\\Foundation\\Http\\Middleware\\PreventRequestsDuringMaintenance->handle()
#11 /home/clj/repo/bckgrnd-msc/floor-desktop/vendor/laravel/framework/src/Illuminate/Http/Middleware/HandleCors.php(74): Illuminate\\Pipeline\\Pipeline->{closure:{closure:Illuminate\\Pipeline\\Pipeline::carry():194}:195}()
#12 /home/clj/repo/bckgrnd-msc/floor-desktop/vendor/laravel/framework/src/Illuminate/Pipeline/Pipeline.php(219): Illuminate\\Http\\Middleware\\HandleCors->handle()
#13 /home/clj/repo/bckgrnd-msc/floor-desktop/vendor/laravel/framework/src/Illuminate/Http/Middleware/TrustProxies.php(58): Illuminate\\Pipeline\\Pipeline->{closure:{closure:Illuminate\\Pipeline\\Pipeline::carry():194}:195}()
#14 /home/clj/repo/bckgrnd-msc/floor-desktop/vendor/laravel/framework/src/Illuminate/Pipeline/Pipeline.php(219): Illuminate\\Http\\Middleware\\TrustProxies->handle()
#15 /home/clj/repo/bckgrnd-msc/floor-desktop/vendor/laravel/framework/src/Illuminate/Foundation/Http/Middleware/InvokeDeferredCallbacks.php(22): Illuminate\\Pipeline\\Pipeline->{closure:{closure:Illuminate\\Pipeline\\Pipeline::carry():194}:195}()
#16 /home/clj/repo/bckgrnd-msc/floor-desktop/vendor/laravel/framework/src/Illuminate/Pipeline/Pipeline.php(219): Illuminate\\Foundation\\Http\\Middleware\\InvokeDeferredCallbacks->handle()
#17 /home/clj/repo/bckgrnd-msc/floor-desktop/vendor/laravel/framework/src/Illuminate/Http/Middleware/ValidatePathEncoding.php(26): Illuminate\\Pipeline\\Pipeline->{closure:{closure:Illuminate\\Pipeline\\Pipeline::carry():194}:195}()
#18 /home/clj/repo/bckgrnd-msc/floor-desktop/vendor/laravel/framework/src/Illuminate/Pipeline/Pipeline.php(219): Illuminate\\Http\\Middleware\\ValidatePathEncoding->handle()
#19 /home/clj/repo/bckgrnd-msc/floor-desktop/vendor/laravel/framework/src/Illuminate/Pipeline/Pipeline.php(137): Illuminate\\Pipeline\\Pipeline->{closure:{closure:Illuminate\\Pipeline\\Pipeline::carry():194}:195}()
#20 /home/clj/repo/bckgrnd-msc/floor-desktop/vendor/laravel/framework/src/Illuminate/Foundation/Http/Kernel.php(175): Illuminate\\Pipeline\\Pipeline->then()
#21 /home/clj/repo/bckgrnd-msc/floor-desktop/vendor/laravel/framework/src/Illuminate/Foundation/Http/Kernel.php(144): Illuminate\\Foundation\\Http\\Kernel->sendRequestThroughRouter()
#22 /home/clj/repo/bckgrnd-msc/floor-desktop/vendor/laravel/framework/src/Illuminate/Foundation/Application.php(1220): Illuminate\\Foundation\\Http\\Kernel->handle()
#23 /home/clj/repo/bckgrnd-msc/floor-desktop/public/index.php(22): Illuminate\\Foundation\\Application->handleRequest()
#24 /home/clj/repo/bckgrnd-msc/floor-desktop/vendor/laravel/framework/src/Illuminate/Foundation/resources/server.php(23): require_once('...')
#25 {main}
"} 
[2026-10-02 06:46:55] local.ERROR: {closure:{closure:/home/clj/repo/bckgrnd-msc/floor-desktop/bootstrap/app.php:35}:42}(): Argument #2 ($request) must be of type Request, Illuminate\Http\Request given, called in /home/clj/repo/bckgrnd-msc/floor-desktop/vendor/laravel/framework/src/Illuminate/Foundation/Exceptions/Handler.php on line 717 {"exception":"[object] (TypeError(code: 0): {closure:{closure:/home/clj/repo/bckgrnd-msc/floor-desktop/bootstrap/app.php:35}:42}(): Argument #2 ($request) must be of type Request, Illuminate\\Http\\Request given, called in /home/clj/repo/bckgrnd-msc/floor-desktop/vendor/laravel/framework/src/Illuminate/Foundation/Exceptions/Handler.php on line 717 at /home/clj/repo/bckgrnd-msc/floor-desktop/bootstrap/app.php:42)
[stacktrace]
#0 /home/clj/repo/bckgrnd-msc/floor-desktop/vendor/laravel/framework/src/Illuminate/Foundation/Exceptions/Handler.php(717): {closure:{closure:/home/clj/repo/bckgrnd-msc/floor-desktop/bootstrap/app.php:35}:42}()
#1 /home/clj/repo/bckgrnd-msc/floor-desktop/vendor/laravel/framework/src/Illuminate/Foundation/Exceptions/Handler.php(618): Illuminate\\Foundation\\Exceptions\\Handler->renderViaCallbacks()
#2 /home/clj/repo/bckgrnd-msc/floor-desktop/vendor/laravel/framework/src/Illuminate/Routing/Pipeline.php(51): Illuminate\\Foundation\\Exceptions\\Handler->render()
#3 /home/clj/repo/bckgrnd-msc/floor-desktop/vendor/laravel/framework/src/Illuminate/Pipeline/Pipeline.php(224): Illuminate\\Routing\\Pipeline->handleException()
#4 /home/clj/repo/bckgrnd-msc/floor-desktop/vendor/laravel/framework/src/Illuminate/Http/Middleware/ValidatePostSize.php(27): Illuminate\\Pipeline\\Pipeline->{closure:{closure:Illuminate\\Pipeline\\Pipeline::carry():194}:195}()
#5 /home/clj/repo/bckgrnd-msc/floor-desktop/vendor/laravel/framework/src/Illuminate/Pipeline/Pipeline.php(219): Illuminate\\Http\\Middleware\\ValidatePostSize->handle()
#6 /home/clj/repo/bckgrnd-msc/floor-desktop/vendor/laravel/framework/src/Illuminate/Foundation/Http/Middleware/PreventRequestsDuringMaintenance.php(109): Illuminate\\Pipeline\\Pipeline->{closure:{closure:Illuminate\\Pipeline\\Pipeline::carry():194}:195}()
#7 /home/clj/repo/bckgrnd-msc/floor-desktop/vendor/laravel/framework/src/Illuminate/Pipeline/Pipeline.php(219): Illuminate\\Foundation\\Http\\Middleware\\PreventRequestsDuringMaintenance->handle()
#8 /home/clj/repo/bckgrnd-msc/floor-desktop/vendor/laravel/framework/src/Illuminate/Http/Middleware/HandleCors.php(74): Illuminate\\Pipeline\\Pipeline->{closure:{closure:Illuminate\\Pipeline\\Pipeline::carry():194}:195}()
#9 /home/clj/repo/bckgrnd-msc/floor-desktop/vendor/laravel/framework/src/Illuminate/Pipeline/Pipeline.php(219): Illuminate\\Http\\Middleware\\HandleCors->handle()
#10 /home/clj/repo/bckgrnd-msc/floor-desktop/vendor/laravel/framework/src/Illuminate/Http/Middleware/TrustProxies.php(58): Illuminate\\Pipeline\\Pipeline->{closure:{closure:Illuminate\\Pipeline\\Pipeline::carry():194}:195}()
#11 /home/clj/repo/bckgrnd-msc/floor-desktop/vendor/laravel/framework/src/Illuminate/Pipeline/Pipeline.php(219): Illuminate\\Http\\Middleware\\TrustProxies->handle()
#12 /home/clj/repo/bckgrnd-msc/floor-desktop/vendor/laravel/framework/src/Illuminate/Foundation/Http/Middleware/InvokeDeferredCallbacks.php(22): Illuminate\\Pipeline\\Pipeline->{closure:{closure:Illuminate\\Pipeline\\Pipeline::carry():194}:195}()
#13 /home/clj/repo/bckgrnd-msc/floor-desktop/vendor/laravel/framework/src/Illuminate/Pipeline/Pipeline.php(219): Illuminate\\Foundation\\Http\\Middleware\\InvokeDeferredCallbacks->handle()
#14 /home/clj/repo/bckgrnd-msc/floor-desktop/vendor/laravel/framework/src/Illuminate/Http/Middleware/ValidatePathEncoding.php(26): Illuminate\\Pipeline\\Pipeline->{closure:{closure:Illuminate\\Pipeline\\Pipeline::carry():194}:195}()
#15 /home/clj/repo/bckgrnd-msc/floor-desktop/vendor/laravel/framework/src/Illuminate/Pipeline/Pipeline.php(219): Illuminate\\Http\\Middleware\\ValidatePathEncoding->handle()
#16 /home/clj/repo/bckgrnd-msc/floor-desktop/vendor/laravel/framework/src/Illuminate/Pipeline/Pipeline.php(137): Illuminate\\Pipeline\\Pipeline->{closure:{closure:Illuminate\\Pipeline\\Pipeline::carry():194}:195}()
#17 /home/clj/repo/bckgrnd-msc/floor-desktop/vendor/laravel/framework/src/Illuminate/Foundation/Http/Kernel.php(175): Illuminate\\Pipeline\\Pipeline->then()
#18 /home/clj/repo/bckgrnd-msc/floor-desktop/vendor/laravel/framework/src/Illuminate/Foundation/Http/Kernel.php(144): Illuminate\\Foundation\\Http\\Kernel->sendRequestThroughRouter()
#19 /home/clj/repo/bckgrnd-msc/floor-desktop/vendor/laravel/framework/src/Illuminate/Foundation/Application.php(1220): Illuminate\\Foundation\\Http\\Kernel->handle()
#20 /home/clj/repo/bckgrnd-msc/floor-desktop/public/index.php(22): Illuminate\\Foundation\\Application->handleRequest()
#21 /home/clj/repo/bckgrnd-msc/floor-desktop/vendor/laravel/framework/src/Illuminate/Foundation/resources/server.php(23): require_once('...')
#22 {main}
"} 
[2026-10-02 06:46:55] local.ERROR: {closure:{closure:/home/clj/repo/bckgrnd-msc/floor-desktop/bootstrap/app.php:35}:42}(): Argument #2 ($request) must be of type Request, Illuminate\Http\Request given, called in /home/clj/repo/bckgrnd-msc/floor-desktop/vendor/laravel/framework/src/Illuminate/Foundation/Exceptions/Handler.php on line 717 {"exception":"[object] (TypeError(code: 0): {closure:{closure:/home/clj/repo/bckgrnd-msc/floor-desktop/bootstrap/app.php:35}:42}(): Argument #2 ($request) must be of type Request, Illuminate\\Http\\Request given, called in /home/clj/repo/bckgrnd-msc/floor-desktop/vendor/laravel/framework/src/Illuminate/Foundation/Exceptions/Handler.php on line 717 at /home/clj/repo/bckgrnd-msc/floor-desktop/bootstrap/app.php:42)
[stacktrace]
#0 /home/clj/repo/bckgrnd-msc/floor-desktop/vendor/laravel/framework/src/Illuminate/Foundation/Exceptions/Handler.php(717): {closure:{closure:/home/clj/repo/bckgrnd-msc/floor-desktop/bootstrap/app.php:35}:42}()
#1 /home/clj/repo/bckgrnd-msc/floor-desktop/vendor/laravel/framework/src/Illuminate/Foundation/Exceptions/Handler.php(618): Illuminate\\Foundation\\Exceptions\\Handler->renderViaCallbacks()
#2 /home/clj/repo/bckgrnd-msc/floor-desktop/vendor/laravel/framework/src/Illuminate/Routing/Pipeline.php(51): Illuminate\\Foundation\\Exceptions\\Handler->render()
#3 /home/clj/repo/bckgrnd-msc/floor-desktop/vendor/laravel/framework/src/Illuminate/Pipeline/Pipeline.php(224): Illuminate\\Routing\\Pipeline->handleException()
#4 /home/clj/repo/bckgrnd-msc/floor-desktop/vendor/laravel/framework/src/Illuminate/Foundation/Http/Middleware/PreventRequestsDuringMaintenance.php(109): Illuminate\\Pipeline\\Pipeline->{closure:{closure:Illuminate\\Pipeline\\Pipeline::carry():194}:195}()
#5 /home/clj/repo/bckgrnd-msc/floor-desktop/vendor/laravel/framework/src/Illuminate/Pipeline/Pipeline.php(219): Illuminate\\Foundation\\Http\\Middleware\\PreventRequestsDuringMaintenance->handle()
#6 /home/clj/repo/bckgrnd-msc/floor-desktop/vendor/laravel/framework/src/Illuminate/Http/Middleware/HandleCors.php(74): Illuminate\\Pipeline\\Pipeline->{closure:{closure:Illuminate\\Pipeline\\Pipeline::carry():194}:195}()
#7 /home/clj/repo/bckgrnd-msc/floor-desktop/vendor/laravel/framework/src/Illuminate/Pipeline/Pipeline.php(219): Illuminate\\Http\\Middleware\\HandleCors->handle()
#8 /home/clj/repo/bckgrnd-msc/floor-desktop/vendor/laravel/framework/src/Illuminate/Http/Middleware/TrustProxies.php(58): Illuminate\\Pipeline\\Pipeline->{closure:{closure:Illuminate\\Pipeline\\Pipeline::carry():194}:195}()
#9 /home/clj/repo/bckgrnd-msc/floor-desktop/vendor/laravel/framework/src/Illuminate/Pipeline/Pipeline.php(219): Illuminate\\Http\\Middleware\\TrustProxies->handle()
#10 /home/clj/repo/bckgrnd-msc/floor-desktop/vendor/laravel/framework/src/Illuminate/Foundation/Http/Middleware/InvokeDeferredCallbacks.php(22): Illuminate\\Pipeline\\Pipeline->{closure:{closure:Illuminate\\Pipeline\\Pipeline::carry():194}:195}()
#11 /home/clj/repo/bckgrnd-msc/floor-desktop/vendor/laravel/framework/src/Illuminate/Pipeline/Pipeline.php(219): Illuminate\\Foundation\\Http\\Middleware\\InvokeDeferredCallbacks->handle()
#12 /home/clj/repo/bckgrnd-msc/floor-desktop/vendor/laravel/framework/src/Illuminate/Http/Middleware/ValidatePathEncoding.php(26): Illuminate\\Pipeline\\Pipeline->{closure:{closure:Illuminate\\Pipeline\\Pipeline::carry():194}:195}()
#13 /home/clj/repo/bckgrnd-msc/floor-desktop/vendor/laravel/framework/src/Illuminate/Pipeline/Pipeline.php(219): Illuminate\\Http\\Middleware\\ValidatePathEncoding->handle()
#14 /home/clj/repo/bckgrnd-msc/floor-desktop/vendor/laravel/framework/src/Illuminate/Pipeline/Pipeline.php(137): Illuminate\\Pipeline\\Pipeline->{closure:{closure:Illuminate\\Pipeline\\Pipeline::carry():194}:195}()
#15 /home/clj/repo/bckgrnd-msc/floor-desktop/vendor/laravel/framework/src/Illuminate/Foundation/Http/Kernel.php(175): Illuminate\\Pipeline\\Pipeline->then()
#16 /home/clj/repo/bckgrnd-msc/floor-desktop/vendor/laravel/framework/src/Illuminate/Foundation/Http/Kernel.php(144): Illuminate\\Foundation\\Http\\Kernel->sendRequestThroughRouter()
#17 /home/clj/repo/bckgrnd-msc/floor-desktop/vendor/laravel/framework/src/Illuminate/Foundation/Application.php(1220): Illuminate\\Foundation\\Http\\Kernel->handle()
#18 /home/clj/repo/bckgrnd-msc/floor-desktop/public/index.php(22): Illuminate\\Foundation\\Application->handleRequest()
#19 /home/clj/repo/bckgrnd-msc/floor-desktop/vendor/laravel/framework/src/Illuminate/Foundation/resources/server.php(23): require_once('...')
#20 {main}
"} 
[2026-10-02 06:46:55] local.ERROR: {closure:{closure:/home/clj/repo/bckgrnd-msc/floor-desktop/bootstrap/app.php:35}:42}(): Argument #2 ($request) must be of type Request, Illuminate\Http\Request given, called in /home/clj/repo/bckgrnd-msc/floor-desktop/vendor/laravel/framework/src/Illuminate/Foundation/Exceptions/Handler.php on line 717 {"exception":"[object] (TypeError(code: 0): {closure:{closure:/home/clj/repo/bckgrnd-msc/floor-desktop/bootstrap/app.php:35}:42}(): Argument #2 ($request) must be of type Request, Illuminate\\Http\\Request given, called in /home/clj/repo/bckgrnd-msc/floor-desktop/vendor/laravel/framework/src/Illuminate/Foundation/Exceptions/Handler.php on line 717 at /home/clj/repo/bckgrnd-msc/floor-desktop/bootstrap/app.php:42)
[stacktrace]
#0 /home/clj/repo/bckgrnd-msc/floor-desktop/vendor/laravel/framework/src/Illuminate/Foundation/Exceptions/Handler.php(717): {closure:{closure:/home/clj/repo/bckgrnd-msc/floor-desktop/bootstrap/app.php:35}:42}()
#1 /home/clj/repo/bckgrnd-msc/floor-desktop/vendor/laravel/framework/src/Illuminate/Foundation/Exceptions/Handler.php(618): Illuminate\\Foundation\\Exceptions\\Handler->renderViaCallbacks()
#2 /home/clj/repo/bckgrnd-msc/floor-desktop/vendor/laravel/framework/src/Illuminate/Routing/Pipeline.php(51): Illuminate\\Foundation\\Exceptions\\Handler->render()
#3 /home/clj/repo/bckgrnd-msc/floor-desktop/vendor/laravel/framework/src/Illuminate/Pipeline/Pipeline.php(224): Illuminate\\Routing\\Pipeline->handleException()
#4 /home/clj/repo/bckgrnd-msc/floor-desktop/vendor/laravel/framework/src/Illuminate/Http/Middleware/HandleCors.php(74): Illuminate\\Pipeline\\Pipeline->{closure:{closure:Illuminate\\Pipeline\\Pipeline::carry():194}:195}()
#5 /home/clj/repo/bckgrnd-msc/floor-desktop/vendor/laravel/framework/src/Illuminate/Pipeline/Pipeline.php(219): Illuminate\\Http\\Middleware\\HandleCors->handle()
#6 /home/clj/repo/bckgrnd-msc/floor-desktop/vendor/laravel/framework/src/Illuminate/Http/Middleware/TrustProxies.php(58): Illuminate\\Pipeline\\Pipeline->{closure:{closure:Illuminate\\Pipeline\\Pipeline::carry():194}:195}()
#7 /home/clj/repo/bckgrnd-msc/floor-desktop/vendor/laravel/framework/src/Illuminate/Pipeline/Pipeline.php(219): Illuminate\\Http\\Middleware\\TrustProxies->handle()
#8 /home/clj/repo/bckgrnd-msc/floor-desktop/vendor/laravel/framework/src/Illuminate/Foundation/Http/Middleware/InvokeDeferredCallbacks.php(22): Illuminate\\Pipeline\\Pipeline->{closure:{closure:Illuminate\\Pipeline\\Pipeline::carry():194}:195}()
#9 /home/clj/repo/bckgrnd-msc/floor-desktop/vendor/laravel/framework/src/Illuminate/Pipeline/Pipeline.php(219): Illuminate\\Foundation\\Http\\Middleware\\InvokeDeferredCallbacks->handle()
#10 /home/clj/repo/bckgrnd-msc/floor-desktop/vendor/laravel/framework/src/Illuminate/Http/Middleware/ValidatePathEncoding.php(26): Illuminate\\Pipeline\\Pipeline->{closure:{closure:Illuminate\\Pipeline\\Pipeline::carry():194}:195}()
#11 /home/clj/repo/bckgrnd-msc/floor-desktop/vendor/laravel/framework/src/Illuminate/Pipeline/Pipeline.php(219): Illuminate\\Http\\Middleware\\ValidatePathEncoding->handle()
#12 /home/clj/repo/bckgrnd-msc/floor-desktop/vendor/laravel/framework/src/Illuminate/Pipeline/Pipeline.php(137): Illuminate\\Pipeline\\Pipeline->{closure:{closure:Illuminate\\Pipeline\\Pipeline::carry():194}:195}()
#13 /home/clj/repo/bckgrnd-msc/floor-desktop/vendor/laravel/framework/src/Illuminate/Foundation/Http/Kernel.php(175): Illuminate\\Pipeline\\Pipeline->then()
#14 /home/clj/repo/bckgrnd-msc/floor-desktop/vendor/laravel/framework/src/Illuminate/Foundation/Http/Kernel.php(144): Illuminate\\Foundation\\Http\\Kernel->sendRequestThroughRouter()
#15 /home/clj/repo/bckgrnd-msc/floor-desktop/vendor/laravel/framework/src/Illuminate/Foundation/Application.php(1220): Illuminate\\Foundation\\Http\\Kernel->handle()
#16 /home/clj/repo/bckgrnd-msc/floor-desktop/public/index.php(22): Illuminate\\Foundation\\Application->handleRequest()
#17 /home/clj/repo/bckgrnd-msc/floor-desktop/vendor/laravel/framework/src/Illuminate/Foundation/resources/server.php(23): require_once('...')
#18 {main}
"} 
[2026-10-02 06:46:55] local.ERROR: {closure:{closure:/home/clj/repo/bckgrnd-msc/floor-desktop/bootstrap/app.php:35}:42}(): Argument #2 ($request) must be of type Request, Illuminate\Http\Request given, called in /home/clj/repo/bckgrnd-msc/floor-desktop/vendor/laravel/framework/src/Illuminate/Foundation/Exceptions/Handler.php on line 717 {"exception":"[object] (TypeError(code: 0): {closure:{closure:/home/clj/repo/bckgrnd-msc/floor-desktop/bootstrap/app.php:35}:42}(): Argument #2 ($request) must be of type Request, Illuminate\\Http\\Request given, called in /home/clj/repo/bckgrnd-msc/floor-desktop/vendor/laravel/framework/src/Illuminate/Foundation/Exceptions/Handler.php on line 717 at /home/clj/repo/bckgrnd-msc/floor-desktop/bootstrap/app.php:42)
[stacktrace]
#0 /home/clj/repo/bckgrnd-msc/floor-desktop/vendor/laravel/framework/src/Illuminate/Foundation/Exceptions/Handler.php(717): {closure:{closure:/home/clj/repo/bckgrnd-msc/floor-desktop/bootstrap/app.php:35}:42}()
#1 /home/clj/repo/bckgrnd-msc/floor-desktop/vendor/laravel/framework/src/Illuminate/Foundation/Exceptions/Handler.php(618): Illuminate\\Foundation\\Exceptions\\Handler->renderViaCallbacks()
#2 /home/clj/repo/bckgrnd-msc/floor-desktop/vendor/laravel/framework/src/Illuminate/Routing/Pipeline.php(51): Illuminate\\Foundation\\Exceptions\\Handler->render()
#3 /home/clj/repo/bckgrnd-msc/floor-desktop/vendor/laravel/framework/src/Illuminate/Pipeline/Pipeline.php(224): Illuminate\\Routing\\Pipeline->handleException()
#4 /home/clj/repo/bckgrnd-msc/floor-desktop/vendor/laravel/framework/src/Illuminate/Http/Middleware/TrustProxies.php(58): Illuminate\\Pipeline\\Pipeline->{closure:{closure:Illuminate\\Pipeline\\Pipeline::carry():194}:195}()
#5 /home/clj/repo/bckgrnd-msc/floor-desktop/vendor/laravel/framework/src/Illuminate/Pipeline/Pipeline.php(219): Illuminate\\Http\\Middleware\\TrustProxies->handle()
#6 /home/clj/repo/bckgrnd-msc/floor-desktop/vendor/laravel/framework/src/Illuminate/Foundation/Http/Middleware/InvokeDeferredCallbacks.php(22): Illuminate\\Pipeline\\Pipeline->{closure:{closure:Illuminate\\Pipeline\\Pipeline::carry():194}:195}()
#7 /home/clj/repo/bckgrnd-msc/floor-desktop/vendor/laravel/framework/src/Illuminate/Pipeline/Pipeline.php(219): Illuminate\\Foundation\\Http\\Middleware\\InvokeDeferredCallbacks->handle()
#8 /home/clj/repo/bckgrnd-msc/floor-desktop/vendor/laravel/framework/src/Illuminate/Http/Middleware/ValidatePathEncoding.php(26): Illuminate\\Pipeline\\Pipeline->{closure:{closure:Illuminate\\Pipeline\\Pipeline::carry():194}:195}()
#9 /home/clj/repo/bckgrnd-msc/floor-desktop/vendor/laravel/framework/src/Illuminate/Pipeline/Pipeline.php(219): Illuminate\\Http\\Middleware\\ValidatePathEncoding->handle()
#10 /home/clj/repo/bckgrnd-msc/floor-desktop/vendor/laravel/framework/src/Illuminate/Pipeline/Pipeline.php(137): Illuminate\\Pipeline\\Pipeline->{closure:{closure:Illuminate\\Pipeline\\Pipeline::carry():194}:195}()
#11 /home/clj/repo/bckgrnd-msc/floor-desktop/vendor/laravel/framework/src/Illuminate/Foundation/Http/Kernel.php(175): Illuminate\\Pipeline\\Pipeline->then()
#12 /home/clj/repo/bckgrnd-msc/floor-desktop/vendor/laravel/framework/src/Illuminate/Foundation/Http/Kernel.php(144): Illuminate\\Foundation\\Http\\Kernel->sendRequestThroughRouter()
#13 /home/clj/repo/bckgrnd-msc/floor-desktop/vendor/laravel/framework/src/Illuminate/Foundation/Application.php(1220): Illuminate\\Foundation\\Http\\Kernel->handle()
#14 /home/clj/repo/bckgrnd-msc/floor-desktop/public/index.php(22): Illuminate\\Foundation\\Application->handleRequest()
#15 /home/clj/repo/bckgrnd-msc/floor-desktop/vendor/laravel/framework/src/Illuminate/Foundation/resources/server.php(23): require_once('...')
#16 {main}
"} 
[2026-10-02 06:46:55] local.ERROR: {closure:{closure:/home/clj/repo/bckgrnd-msc/floor-desktop/bootstrap/app.php:35}:42}(): Argument #2 ($request) must be of type Request, Illuminate\Http\Request given, called in /home/clj/repo/bckgrnd-msc/floor-desktop/vendor/laravel/framework/src/Illuminate/Foundation/Exceptions/Handler.php on line 717 {"exception":"[object] (TypeError(code: 0): {closure:{closure:/home/clj/repo/bckgrnd-msc/floor-desktop/bootstrap/app.php:35}:42}(): Argument #2 ($request) must be of type Request, Illuminate\\Http\\Request given, called in /home/clj/repo/bckgrnd-msc/floor-desktop/vendor/laravel/framework/src/Illuminate/Foundation/Exceptions/Handler.php on line 717 at /home/clj/repo/bckgrnd-msc/floor-desktop/bootstrap/app.php:42)
[stacktrace]
#0 /home/clj/repo/bckgrnd-msc/floor-desktop/vendor/laravel/framework/src/Illuminate/Foundation/Exceptions/Handler.php(717): {closure:{closure:/home/clj/repo/bckgrnd-msc/floor-desktop/bootstrap/app.php:35}:42}()
#1 /home/clj/repo/bckgrnd-msc/floor-desktop/vendor/laravel/framework/src/Illuminate/Foundation/Exceptions/Handler.php(618): Illuminate\\Foundation\\Exceptions\\Handler->renderViaCallbacks()
#2 /home/clj/repo/bckgrnd-msc/floor-desktop/vendor/laravel/framework/src/Illuminate/Routing/Pipeline.php(51): Illuminate\\Foundation\\Exceptions\\Handler->render()
#3 /home/clj/repo/bckgrnd-msc/floor-desktop/vendor/laravel/framework/src/Illuminate/Pipeline/Pipeline.php(224): Illuminate\\Routing\\Pipeline->handleException()
#4 /home/clj/repo/bckgrnd-msc/floor-desktop/vendor/laravel/framework/src/Illuminate/Foundation/Http/Middleware/InvokeDeferredCallbacks.php(22): Illuminate\\Pipeline\\Pipeline->{closure:{closure:Illuminate\\Pipeline\\Pipeline::carry():194}:195}()
#5 /home/clj/repo/bckgrnd-msc/floor-desktop/vendor/laravel/framework/src/Illuminate/Pipeline/Pipeline.php(219): Illuminate\\Foundation\\Http\\Middleware\\InvokeDeferredCallbacks->handle()
#6 /home/clj/repo/bckgrnd-msc/floor-desktop/vendor/laravel/framework/src/Illuminate/Http/Middleware/ValidatePathEncoding.php(26): Illuminate\\Pipeline\\Pipeline->{closure:{closure:Illuminate\\Pipeline\\Pipeline::carry():194}:195}()
#7 /home/clj/repo/bckgrnd-msc/floor-desktop/vendor/laravel/framework/src/Illuminate/Pipeline/Pipeline.php(219): Illuminate\\Http\\Middleware\\ValidatePathEncoding->handle()
#8 /home/clj/repo/bckgrnd-msc/floor-desktop/vendor/laravel/framework/src/Illuminate/Pipeline/Pipeline.php(137): Illuminate\\Pipeline\\Pipeline->{closure:{closure:Illuminate\\Pipeline\\Pipeline::carry():194}:195}()
#9 /home/clj/repo/bckgrnd-msc/floor-desktop/vendor/laravel/framework/src/Illuminate/Foundation/Http/Kernel.php(175): Illuminate\\Pipeline\\Pipeline->then()
#10 /home/clj/repo/bckgrnd-msc/floor-desktop/vendor/laravel/framework/src/Illuminate/Foundation/Http/Kernel.php(144): Illuminate\\Foundation\\Http\\Kernel->sendRequestThroughRouter()
#11 /home/clj/repo/bckgrnd-msc/floor-desktop/vendor/laravel/framework/src/Illuminate/Foundation/Application.php(1220): Illuminate\\Foundation\\Http\\Kernel->handle()
#12 /home/clj/repo/bckgrnd-msc/floor-desktop/public/index.php(22): Illuminate\\Foundation\\Application->handleRequest()
#13 /home/clj/repo/bckgrnd-msc/floor-desktop/vendor/laravel/framework/src/Illuminate/Foundation/resources/server.php(23): require_once('...')
#14 {main}
"} 
[2026-10-02 06:46:55] local.ERROR: {closure:{closure:/home/clj/repo/bckgrnd-msc/floor-desktop/bootstrap/app.php:35}:42}(): Argument #2 ($request) must be of type Request, Illuminate\Http\Request given, called in /home/clj/repo/bckgrnd-msc/floor-desktop/vendor/laravel/framework/src/Illuminate/Foundation/Exceptions/Handler.php on line 717 {"exception":"[object] (TypeError(code: 0): {closure:{closure:/home/clj/repo/bckgrnd-msc/floor-desktop/bootstrap/app.php:35}:42}(): Argument #2 ($request) must be of type Request, Illuminate\\Http\\Request given, called in /home/clj/repo/bckgrnd-msc/floor-desktop/vendor/laravel/framework/src/Illuminate/Foundation/Exceptions/Handler.php on line 717 at /home/clj/repo/bckgrnd-msc/floor-desktop/bootstrap/app.php:42)
[stacktrace]
#0 /home/clj/repo/bckgrnd-msc/floor-desktop/vendor/laravel/framework/src/Illuminate/Foundation/Exceptions/Handler.php(717): {closure:{closure:/home/clj/repo/bckgrnd-msc/floor-desktop/bootstrap/app.php:35}:42}()
#1 /home/clj/repo/bckgrnd-msc/floor-desktop/vendor/laravel/framework/src/Illuminate/Foundation/Exceptions/Handler.php(618): Illuminate\\Foundation\\Exceptions\\Handler->renderViaCallbacks()
#2 /home/clj/repo/bckgrnd-msc/floor-desktop/vendor/laravel/framework/src/Illuminate/Routing/Pipeline.php(51): Illuminate\\Foundation\\Exceptions\\Handler->render()
#3 /home/clj/repo/bckgrnd-msc/floor-desktop/vendor/laravel/framework/src/Illuminate/Pipeline/Pipeline.php(224): Illuminate\\Routing\\Pipeline->handleException()
#4 /home/clj/repo/bckgrnd-msc/floor-desktop/vendor/laravel/framework/src/Illuminate/Http/Middleware/ValidatePathEncoding.php(26): Illuminate\\Pipeline\\Pipeline->{closure:{closure:Illuminate\\Pipeline\\Pipeline::carry():194}:195}()
#5 /home/clj/repo/bckgrnd-msc/floor-desktop/vendor/laravel/framework/src/Illuminate/Pipeline/Pipeline.php(219): Illuminate\\Http\\Middleware\\ValidatePathEncoding->handle()
#6 /home/clj/repo/bckgrnd-msc/floor-desktop/vendor/laravel/framework/src/Illuminate/Pipeline/Pipeline.php(137): Illuminate\\Pipeline\\Pipeline->{closure:{closure:Illuminate\\Pipeline\\Pipeline::carry():194}:195}()
#7 /home/clj/repo/bckgrnd-msc/floor-desktop/vendor/laravel/framework/src/Illuminate/Foundation/Http/Kernel.php(175): Illuminate\\Pipeline\\Pipeline->then()
#8 /home/clj/repo/bckgrnd-msc/floor-desktop/vendor/laravel/framework/src/Illuminate/Foundation/Http/Kernel.php(144): Illuminate\\Foundation\\Http\\Kernel->sendRequestThroughRouter()
#9 /home/clj/repo/bckgrnd-msc/floor-desktop/vendor/laravel/framework/src/Illuminate/Foundation/Application.php(1220): Illuminate\\Foundation\\Http\\Kernel->handle()
#10 /home/clj/repo/bckgrnd-msc/floor-desktop/public/index.php(22): Illuminate\\Foundation\\Application->handleRequest()
#11 /home/clj/repo/bckgrnd-msc/floor-desktop/vendor/laravel/framework/src/Illuminate/Foundation/resources/server.php(23): require_once('...')
#12 {main}
"} 
[2026-10-02 06:46:55] local.ERROR: {closure:{closure:/home/clj/repo/bckgrnd-msc/floor-desktop/bootstrap/app.php:35}:42}(): Argument #2 ($request) must be of type Request, Illuminate\Http\Request given, called in /home/clj/repo/bckgrnd-msc/floor-desktop/vendor/laravel/framework/src/Illuminate/Foundation/Exceptions/Handler.php on line 717 {"exception":"[object] (TypeError(code: 0): {closure:{closure:/home/clj/repo/bckgrnd-msc/floor-desktop/bootstrap/app.php:35}:42}(): Argument #2 ($request) must be of type Request, Illuminate\\Http\\Request given, called in /home/clj/repo/bckgrnd-msc/floor-desktop/vendor/laravel/framework/src/Illuminate/Foundation/Exceptions/Handler.php on line 717 at /home/clj/repo/bckgrnd-msc/floor-desktop/bootstrap/app.php:42)
[stacktrace]
#0 /home/clj/repo/bckgrnd-msc/floor-desktop/vendor/laravel/framework/src/Illuminate/Foundation/Exceptions/Handler.php(717): {closure:{closure:/home/clj/repo/bckgrnd-msc/floor-desktop/bootstrap/app.php:35}:42}()
#1 /home/clj/repo/bckgrnd-msc/floor-desktop/vendor/laravel/framework/src/Illuminate/Foundation/Exceptions/Handler.php(618): Illuminate\\Foundation\\Exceptions\\Handler->renderViaCallbacks()
#2 /home/clj/repo/bckgrnd-msc/floor-desktop/vendor/laravel/framework/src/Illuminate/Routing/Pipeline.php(51): Illuminate\\Foundation\\Exceptions\\Handler->render()
#3 /home/clj/repo/bckgrnd-msc/floor-desktop/vendor/laravel/framework/src/Illuminate/Pipeline/Pipeline.php(224): Illuminate\\Routing\\Pipeline->handleException()
#4 /home/clj/repo/bckgrnd-msc/floor-desktop/vendor/laravel/framework/src/Illuminate/Pipeline/Pipeline.php(137): Illuminate\\Pipeline\\Pipeline->{closure:{closure:Illuminate\\Pipeline\\Pipeline::carry():194}:195}()
#5 /home/clj/repo/bckgrnd-msc/floor-desktop/vendor/laravel/framework/src/Illuminate/Foundation/Http/Kernel.php(175): Illuminate\\Pipeline\\Pipeline->then()
#6 /home/clj/repo/bckgrnd-msc/floor-desktop/vendor/laravel/framework/src/Illuminate/Foundation/Http/Kernel.php(144): Illuminate\\Foundation\\Http\\Kernel->sendRequestThroughRouter()
#7 /home/clj/repo/bckgrnd-msc/floor-desktop/vendor/laravel/framework/src/Illuminate/Foundation/Application.php(1220): Illuminate\\Foundation\\Http\\Kernel->handle()
#8 /home/clj/repo/bckgrnd-msc/floor-desktop/public/index.php(22): Illuminate\\Foundation\\Application->handleRequest()
#9 /home/clj/repo/bckgrnd-msc/floor-desktop/vendor/laravel/framework/src/Illuminate/Foundation/resources/server.php(23): require_once('...')
#10 {main}
"} 
[2026-10-02 06:46:55] local.ERROR: {closure:{closure:/home/clj/repo/bckgrnd-msc/floor-desktop/bootstrap/app.php:35}:42}(): Argument #2 ($request) must be of type Request, Illuminate\Http\Request given, called in /home/clj/repo/bckgrnd-msc/floor-desktop/vendor/laravel/framework/src/Illuminate/Foundation/Exceptions/Handler.php on line 717 {"exception":"[object] (TypeError(code: 0): {closure:{closure:/home/clj/repo/bckgrnd-msc/floor-desktop/bootstrap/app.php:35}:42}(): Argument #2 ($request) must be of type Request, Illuminate\\Http\\Request given, called in /home/clj/repo/bckgrnd-msc/floor-desktop/vendor/laravel/framework/src/Illuminate/Foundation/Exceptions/Handler.php on line 717 at /home/clj/repo/bckgrnd-msc/floor-desktop/bootstrap/app.php:42)
[stacktrace]
#0 /home/clj/repo/bckgrnd-msc/floor-desktop/vendor/laravel/framework/src/Illuminate/Foundation/Exceptions/Handler.php(717): {closure:{closure:/home/clj/repo/bckgrnd-msc/floor-desktop/bootstrap/app.php:35}:42}()
#1 /home/clj/repo/bckgrnd-msc/floor-desktop/vendor/laravel/framework/src/Illuminate/Foundation/Exceptions/Handler.php(618): Illuminate\\Foundation\\Exceptions\\Handler->renderViaCallbacks()
#2 /home/clj/repo/bckgrnd-msc/floor-desktop/vendor/laravel/framework/src/Illuminate/Foundation/Http/Kernel.php(574): Illuminate\\Foundation\\Exceptions\\Handler->render()
#3 /home/clj/repo/bckgrnd-msc/floor-desktop/vendor/laravel/framework/src/Illuminate/Foundation/Http/Kernel.php(148): Illuminate\\Foundation\\Http\\Kernel->renderException()
#4 /home/clj/repo/bckgrnd-msc/floor-desktop/vendor/laravel/framework/src/Illuminate/Foundation/Application.php(1220): Illuminate\\Foundation\\Http\\Kernel->handle()
#5 /home/clj/repo/bckgrnd-msc/floor-desktop/public/index.php(22): Illuminate\\Foundation\\Application->handleRequest()
#6 /home/clj/repo/bckgrnd-msc/floor-desktop/vendor/laravel/framework/src/Illuminate/Foundation/resources/server.php(23): require_once('...')
#7 {main}
"} 
[2026-10-02 06:46:55] local.ERROR: Uncaught TypeError: {closure:{closure:/home/clj/repo/bckgrnd-msc/floor-desktop/bootstrap/app.php:35}:42}(): Argument #2 ($request) must be of type Request, Illuminate\Http\Request given, called in /home/clj/repo/bckgrnd-msc/floor-desktop/vendor/laravel/framework/src/Illuminate/Foundation/Exceptions/Handler.php on line 717 and defined in /home/clj/repo/bckgrnd-msc/floor-desktop/bootstrap/app.php:42
Stack trace:
#0 /home/clj/repo/bckgrnd-msc/floor-desktop/vendor/laravel/framework/src/Illuminate/Foundation/Exceptions/Handler.php(717): {closure:{closure:/home/clj/repo/bckgrnd-msc/floor-desktop/bootstrap/app.php:35}:42}()
#1 /home/clj/repo/bckgrnd-msc/floor-desktop/vendor/laravel/framework/src/Illuminate/Foundation/Exceptions/Handler.php(618): Illuminate\Foundation\Exceptions\Handler->renderViaCallbacks()
#2 /home/clj/repo/bckgrnd-msc/floor-desktop/vendor/laravel/framework/src/Illuminate/Foundation/Bootstrap/HandleExceptions.php(225): Illuminate\Foundation\Exceptions\Handler->render()
#3 /home/clj/repo/bckgrnd-msc/floor-desktop/vendor/laravel/framework/src/Illuminate/Foundation/Bootstrap/HandleExceptions.php(202): Illuminate\Foundation\Bootstrap\HandleExceptions->renderHttpResponse()
#4 /home/clj/repo/bckgrnd-msc/floor-desktop/vendor/laravel/framework/src/Illuminate/Foundation/Bootstrap/HandleExceptions.php(262): Illuminate\Foundation\Bootstrap\HandleExceptions->handleException()
#5 [internal function]: Illuminate\Foundation\Bootstrap\HandleExceptions->{closure:Illuminate\Foundation\Bootstrap\HandleExceptions::forwardsTo():261}()
#6 {main}
  thrown {"exception":"[object] (Symfony\\Component\\ErrorHandler\\Error\\FatalError(code: 0): Uncaught TypeError: {closure:{closure:/home/clj/repo/bckgrnd-msc/floor-desktop/bootstrap/app.php:35}:42}(): Argument #2 ($request) must be of type Request, Illuminate\\Http\\Request given, called in /home/clj/repo/bckgrnd-msc/floor-desktop/vendor/laravel/framework/src/Illuminate/Foundation/Exceptions/Handler.php on line 717 and defined in /home/clj/repo/bckgrnd-msc/floor-desktop/bootstrap/app.php:42
Stack trace:
#0 /home/clj/repo/bckgrnd-msc/floor-desktop/vendor/laravel/framework/src/Illuminate/Foundation/Exceptions/Handler.php(717): {closure:{closure:/home/clj/repo/bckgrnd-msc/floor-desktop/bootstrap/app.php:35}:42}()
#1 /home/clj/repo/bckgrnd-msc/floor-desktop/vendor/laravel/framework/src/Illuminate/Foundation/Exceptions/Handler.php(618): Illuminate\\Foundation\\Exceptions\\Handler->renderViaCallbacks()
#2 /home/clj/repo/bckgrnd-msc/floor-desktop/vendor/laravel/framework/src/Illuminate/Foundation/Bootstrap/HandleExceptions.php(225): Illuminate\\Foundation\\Exceptions\\Handler->render()
#3 /home/clj/repo/bckgrnd-msc/floor-desktop/vendor/laravel/framework/src/Illuminate/Foundation/Bootstrap/HandleExceptions.php(202): Illuminate\\Foundation\\Bootstrap\\HandleExceptions->renderHttpResponse()
#4 /home/clj/repo/bckgrnd-msc/floor-desktop/vendor/laravel/framework/src/Illuminate/Foundation/Bootstrap/HandleExceptions.php(262): Illuminate\\Foundation\\Bootstrap\\HandleExceptions->handleException()
#5 [internal function]: Illuminate\\Foundation\\Bootstrap\\HandleExceptions->{closure:Illuminate\\Foundation\\Bootstrap\\HandleExceptions::forwardsTo():261}()
#6 {main}
  thrown at /home/clj/repo/bckgrnd-msc/floor-desktop/bootstrap/app.php:42)
[stacktrace]
#0 {main}
"} 
[2026-10-02 06:47:29] local.ERROR: Database file at path [/home/clj/repo/bckgrnd-msc/floor-desktop/database/database.sqlite] does not exist. Ensure this is an absolute path to the database. (Connection: sqlite, Database: /home/clj/repo/bckgrnd-msc/floor-desktop/database/database.sqlite, SQL: select * from "sessions" where "id" = t8Wpt4IXN2NV05JuIwLtwR00fTOmqXis5mK0UL2y limit 1) {"exception":"[object] (Illuminate\\Database\\QueryException(code: 0): Database file at path [/home/clj/repo/bckgrnd-msc/floor-desktop/database/database.sqlite] does not exist. Ensure this is an absolute path to the database. (Connection: sqlite, Database: /home/clj/repo/bckgrnd-msc/floor-desktop/database/database.sqlite, SQL: select * from \"sessions\" where \"id\" = t8Wpt4IXN2NV05JuIwLtwR00fTOmqXis5mK0UL2y limit 1) at /home/clj/repo/bckgrnd-msc/floor-desktop/vendor/laravel/framework/src/Illuminate/Database/Connection.php:838)
[stacktrace]
#0 /home/clj/repo/bckgrnd-msc/floor-desktop/vendor/laravel/framework/src/Illuminate/Database/Connection.php(794): Illuminate\\Database\\Connection->runQueryCallback()
#1 /home/clj/repo/bckgrnd-msc/floor-desktop/vendor/laravel/framework/src/Illuminate/Database/Connection.php(411): Illuminate\\Database\\Connection->run()
#2 /home/clj/repo/bckgrnd-msc/floor-desktop/vendor/laravel/framework/src/Illuminate/Database/Query/Builder.php(3505): Illuminate\\Database\\Connection->select()
#3 /home/clj/repo/bckgrnd-msc/floor-desktop/vendor/laravel/framework/src/Illuminate/Database/Query/Builder.php(3490): Illuminate\\Database\\Query\\Builder->runSelect()
#4 /home/clj/repo/bckgrnd-msc/floor-desktop/vendor/laravel/framework/src/Illuminate/Database/Query/Builder.php(4080): Illuminate\\Database\\Query\\Builder->{closure:Illuminate\\Database\\Query\\Builder::get():3489}()
#5 /home/clj/repo/bckgrnd-msc/floor-desktop/vendor/laravel/framework/src/Illuminate/Database/Query/Builder.php(3489): Illuminate\\Database\\Query\\Builder->onceWithColumns()
#6 /home/clj/repo/bckgrnd-msc/floor-desktop/vendor/laravel/framework/src/Illuminate/Database/Concerns/BuildsQueries.php(366): Illuminate\\Database\\Query\\Builder->get()
#7 /home/clj/repo/bckgrnd-msc/floor-desktop/vendor/laravel/framework/src/Illuminate/Database/Query/Builder.php(3412): Illuminate\\Database\\Query\\Builder->first()
#8 /home/clj/repo/bckgrnd-msc/floor-desktop/vendor/laravel/framework/src/Illuminate/Session/DatabaseSessionHandler.php(96): Illuminate\\Database\\Query\\Builder->find()
#9 /home/clj/repo/bckgrnd-msc/floor-desktop/vendor/laravel/framework/src/Illuminate/Session/Store.php(128): Illuminate\\Session\\DatabaseSessionHandler->read()
#10 /home/clj/repo/bckgrnd-msc/floor-desktop/vendor/laravel/framework/src/Illuminate/Session/Store.php(116): Illuminate\\Session\\Store->readFromHandler()
#11 /home/clj/repo/bckgrnd-msc/floor-desktop/vendor/laravel/framework/src/Illuminate/Session/Store.php(100): Illuminate\\Session\\Store->loadSession()
#12 /home/clj/repo/bckgrnd-msc/floor-desktop/vendor/laravel/framework/src/Illuminate/Session/Middleware/StartSession.php(146): Illuminate\\Session\\Store->start()
#13 /home/clj/repo/bckgrnd-msc/floor-desktop/vendor/laravel/framework/src/Illuminate/Support/helpers.php(393): Illuminate\\Session\\Middleware\\StartSession->{closure:Illuminate\\Session\\Middleware\\StartSession::startSession():143}()
#14 /home/clj/repo/bckgrnd-msc/floor-desktop/vendor/laravel/framework/src/Illuminate/Session/Middleware/StartSession.php(143): tap()
#15 /home/clj/repo/bckgrnd-msc/floor-desktop/vendor/laravel/framework/src/Illuminate/Session/Middleware/StartSession.php(115): Illuminate\\Session\\Middleware\\StartSession->startSession()
#16 /home/clj/repo/bckgrnd-msc/floor-desktop/vendor/laravel/framework/src/Illuminate/Session/Middleware/StartSession.php(63): Illuminate\\Session\\Middleware\\StartSession->handleStatefulRequest()
#17 /home/clj/repo/bckgrnd-msc/floor-desktop/vendor/laravel/framework/src/Illuminate/Pipeline/Pipeline.php(219): Illuminate\\Session\\Middleware\\StartSession->handle()
#18 /home/clj/repo/bckgrnd-msc/floor-desktop/vendor/laravel/framework/src/Illuminate/Cookie/Middleware/AddQueuedCookiesToResponse.php(36): Illuminate\\Pipeline\\Pipeline->{closure:{closure:Illuminate\\Pipeline\\Pipeline::carry():194}:195}()
#19 /home/clj/repo/bckgrnd-msc/floor-desktop/vendor/laravel/framework/src/Illuminate/Pipeline/Pipeline.php(219): Illuminate\\Cookie\\Middleware\\AddQueuedCookiesToResponse->handle()
#20 /home/clj/repo/bckgrnd-msc/floor-desktop/vendor/laravel/framework/src/Illuminate/Cookie/Middleware/EncryptCookies.php(74): Illuminate\\Pipeline\\Pipeline->{closure:{closure:Illuminate\\Pipeline\\Pipeline::carry():194}:195}()
#21 /home/clj/repo/bckgrnd-msc/floor-desktop/vendor/laravel/framework/src/Illuminate/Pipeline/Pipeline.php(219): Illuminate\\Cookie\\Middleware\\EncryptCookies->handle()
#22 /home/clj/repo/bckgrnd-msc/floor-desktop/vendor/laravel/framework/src/Illuminate/Pipeline/Pipeline.php(137): Illuminate\\Pipeline\\Pipeline->{closure:{closure:Illuminate\\Pipeline\\Pipeline::carry():194}:195}()
#23 /home/clj/repo/bckgrnd-msc/floor-desktop/vendor/laravel/framework/src/Illuminate/Routing/Router.php(821): Illuminate\\Pipeline\\Pipeline->then()
#24 /home/clj/repo/bckgrnd-msc/floor-desktop/vendor/laravel/framework/src/Illuminate/Routing/Router.php(800): Illuminate\\Routing\\Router->runRouteWithinStack()
#25 /home/clj/repo/bckgrnd-msc/floor-desktop/vendor/laravel/framework/src/Illuminate/Routing/Router.php(764): Illuminate\\Routing\\Router->runRoute()
#26 /home/clj/repo/bckgrnd-msc/floor-desktop/vendor/laravel/framework/src/Illuminate/Routing/Router.php(753): Illuminate\\Routing\\Router->dispatchToRoute()
#27 /home/clj/repo/bckgrnd-msc/floor-desktop/vendor/laravel/framework/src/Illuminate/Foundation/Http/Kernel.php(200): Illuminate\\Routing\\Router->dispatch()
#28 /home/clj/repo/bckgrnd-msc/floor-desktop/vendor/laravel/framework/src/Illuminate/Pipeline/Pipeline.php(180): Illuminate\\Foundation\\Http\\Kernel->{closure:Illuminate\\Foundation\\Http\\Kernel::dispatchToRouter():197}()
#29 /home/clj/repo/bckgrnd-msc/floor-desktop/vendor/laravel/framework/src/Illuminate/Foundation/Http/Middleware/TransformsRequest.php(21): Illuminate\\Pipeline\\Pipeline->{closure:Illuminate\\Pipeline\\Pipeline::prepareDestination():178}()
#30 /home/clj/repo/bckgrnd-msc/floor-desktop/vendor/laravel/framework/src/Illuminate/Foundation/Http/Middleware/ConvertEmptyStringsToNull.php(31): Illuminate\\Foundation\\Http\\Middleware\\TransformsRequest->handle()
#31 /home/clj/repo/bckgrnd-msc/floor-desktop/vendor/laravel/framework/src/Illuminate/Pipeline/Pipeline.php(219): Illuminate\\Foundation\\Http\\Middleware\\ConvertEmptyStringsToNull->handle()
#32 /home/clj/repo/bckgrnd-msc/floor-desktop/vendor/laravel/framework/src/Illuminate/Foundation/Http/Middleware/TransformsRequest.php(21): Illuminate\\Pipeline\\Pipeline->{closure:{closure:Illuminate\\Pipeline\\Pipeline::carry():194}:195}()
#33 /home/clj/repo/bckgrnd-msc/floor-desktop/vendor/laravel/framework/src/Illuminate/Foundation/Http/Middleware/TrimStrings.php(51): Illuminate\\Foundation\\Http\\Middleware\\TransformsRequest->handle()
#34 /home/clj/repo/bckgrnd-msc/floor-desktop/vendor/laravel/framework/src/Illuminate/Pipeline/Pipeline.php(219): Illuminate\\Foundation\\Http\\Middleware\\TrimStrings->handle()
#35 /home/clj/repo/bckgrnd-msc/floor-desktop/vendor/laravel/framework/src/Illuminate/Http/Middleware/ValidatePostSize.php(27): Illuminate\\Pipeline\\Pipeline->{closure:{closure:Illuminate\\Pipeline\\Pipeline::carry():194}:195}()
#36 /home/clj/repo/bckgrnd-msc/floor-desktop/vendor/laravel/framework/src/Illuminate/Pipeline/Pipeline.php(219): Illuminate\\Http\\Middleware\\ValidatePostSize->handle()
#37 /home/clj/repo/bckgrnd-msc/floor-desktop/vendor/laravel/framework/src/Illuminate/Foundation/Http/Middleware/PreventRequestsDuringMaintenance.php(109): Illuminate\\Pipeline\\Pipeline->{closure:{closure:Illuminate\\Pipeline\\Pipeline::carry():194}:195}()
#38 /home/clj/repo/bckgrnd-msc/floor-desktop/vendor/laravel/framework/src/Illuminate/Pipeline/Pipeline.php(219): Illuminate\\Foundation\\Http\\Middleware\\PreventRequestsDuringMaintenance->handle()
#39 /home/clj/repo/bckgrnd-msc/floor-desktop/vendor/laravel/framework/src/Illuminate/Http/Middleware/HandleCors.php(61): Illuminate\\Pipeline\\Pipeline->{closure:{closure:Illuminate\\Pipeline\\Pipeline::carry():194}:195}()
#40 /home/clj/repo/bckgrnd-msc/floor-desktop/vendor/laravel/framework/src/Illuminate/Pipeline/Pipeline.php(219): Illuminate\\Http\\Middleware\\HandleCors->handle()
#41 /home/clj/repo/bckgrnd-msc/floor-desktop/vendor/laravel/framework/src/Illuminate/Http/Middleware/TrustProxies.php(58): Illuminate\\Pipeline\\Pipeline->{closure:{closure:Illuminate\\Pipeline\\Pipeline::carry():194}:195}()
#42 /home/clj/repo/bckgrnd-msc/floor-desktop/vendor/laravel/framework/src/Illuminate/Pipeline/Pipeline.php(219): Illuminate\\Http\\Middleware\\TrustProxies->handle()
#43 /home/clj/repo/bckgrnd-msc/floor-desktop/vendor/laravel/framework/src/Illuminate/Foundation/Http/Middleware/InvokeDeferredCallbacks.php(22): Illuminate\\Pipeline\\Pipeline->{closure:{closure:Illuminate\\Pipeline\\Pipeline::carry():194}:195}()
#44 /home/clj/repo/bckgrnd-msc/floor-desktop/vendor/laravel/framework/src/Illuminate/Pipeline/Pipeline.php(219): Illuminate\\Foundation\\Http\\Middleware\\InvokeDeferredCallbacks->handle()
#45 /home/clj/repo/bckgrnd-msc/floor-desktop/vendor/laravel/framework/src/Illuminate/Http/Middleware/ValidatePathEncoding.php(26): Illuminate\\Pipeline\\Pipeline->{closure:{closure:Illuminate\\Pipeline\\Pipeline::carry():194}:195}()
#46 /home/clj/repo/bckgrnd-msc/floor-desktop/vendor/laravel/framework/src/Illuminate/Pipeline/Pipeline.php(219): Illuminate\\Http\\Middleware\\ValidatePathEncoding->handle()
#47 /home/clj/repo/bckgrnd-msc/floor-desktop/vendor/laravel/framework/src/Illuminate/Pipeline/Pipeline.php(137): Illuminate\\Pipeline\\Pipeline->{closure:{closure:Illuminate\\Pipeline\\Pipeline::carry():194}:195}()
#48 /home/clj/repo/bckgrnd-msc/floor-desktop/vendor/laravel/framework/src/Illuminate/Foundation/Http/Kernel.php(175): Illuminate\\Pipeline\\Pipeline->then()
#49 /home/clj/repo/bckgrnd-msc/floor-desktop/vendor/laravel/framework/src/Illuminate/Foundation/Http/Kernel.php(144): Illuminate\\Foundation\\Http\\Kernel->sendRequestThroughRouter()
#50 /home/clj/repo/bckgrnd-msc/floor-desktop/vendor/laravel/framework/src/Illuminate/Foundation/Application.php(1220): Illuminate\\Foundation\\Http\\Kernel->handle()
#51 /home/clj/repo/bckgrnd-msc/floor-desktop/public/index.php(22): Illuminate\\Foundation\\Application->handleRequest()
#52 /home/clj/repo/bckgrnd-msc/floor-desktop/vendor/laravel/framework/src/Illuminate/Foundation/resources/server.php(23): require_once('...')
#53 {main}

[previous exception] [object] (Illuminate\\Database\\SQLiteDatabaseDoesNotExistException(code: 0): Database file at path [/home/clj/repo/bckgrnd-msc/floor-desktop/database/database.sqlite] does not exist. Ensure this is an absolute path to the database. at /home/clj/repo/bckgrnd-msc/floor-desktop/vendor/laravel/framework/src/Illuminate/Database/Connectors/SQLiteConnector.php:60)
[stacktrace]
#0 /home/clj/repo/bckgrnd-msc/floor-desktop/vendor/laravel/framework/src/Illuminate/Database/Connectors/SQLiteConnector.php(19): Illuminate\\Database\\Connectors\\SQLiteConnector->parseDatabasePath()
#1 /home/clj/repo/bckgrnd-msc/floor-desktop/vendor/laravel/framework/src/Illuminate/Database/Connectors/ConnectionFactory.php(225): Illuminate\\Database\\Connectors\\SQLiteConnector->connect()
#2 [internal function]: Illuminate\\Database\\Connectors\\ConnectionFactory->{closure:Illuminate\\Database\\Connectors\\ConnectionFactory::createPdoResolverWithoutHosts():225}()
#3 /home/clj/repo/bckgrnd-msc/floor-desktop/vendor/laravel/framework/src/Illuminate/Database/Connection.php(1257): call_user_func()
#4 /home/clj/repo/bckgrnd-msc/floor-desktop/vendor/laravel/framework/src/Illuminate/Database/Connection.php(525): Illuminate\\Database\\Connection->getPdo()
#5 /home/clj/repo/bckgrnd-msc/floor-desktop/vendor/laravel/framework/src/Illuminate/Database/Connection.php(420): Illuminate\\Database\\Connection->getPdoForSelect()
#6 /home/clj/repo/bckgrnd-msc/floor-desktop/vendor/laravel/framework/src/Illuminate/Database/Connection.php(827): Illuminate\\Database\\Connection->{closure:Illuminate\\Database\\Connection::select():411}()
#7 /home/clj/repo/bckgrnd-msc/floor-desktop/vendor/laravel/framework/src/Illuminate/Database/Connection.php(794): Illuminate\\Database\\Connection->runQueryCallback()
#8 /home/clj/repo/bckgrnd-msc/floor-desktop/vendor/laravel/framework/src/Illuminate/Database/Connection.php(411): Illuminate\\Database\\Connection->run()
#9 /home/clj/repo/bckgrnd-msc/floor-desktop/vendor/laravel/framework/src/Illuminate/Database/Query/Builder.php(3505): Illuminate\\Database\\Connection->select()
#10 /home/clj/repo/bckgrnd-msc/floor-desktop/vendor/laravel/framework/src/Illuminate/Database/Query/Builder.php(3490): Illuminate\\Database\\Query\\Builder->runSelect()
#11 /home/clj/repo/bckgrnd-msc/floor-desktop/vendor/laravel/framework/src/Illuminate/Database/Query/Builder.php(4080): Illuminate\\Database\\Query\\Builder->{closure:Illuminate\\Database\\Query\\Builder::get():3489}()
#12 /home/clj/repo/bckgrnd-msc/floor-desktop/vendor/laravel/framework/src/Illuminate/Database/Query/Builder.php(3489): Illuminate\\Database\\Query\\Builder->onceWithColumns()
#13 /home/clj/repo/bckgrnd-msc/floor-desktop/vendor/laravel/framework/src/Illuminate/Database/Concerns/BuildsQueries.php(366): Illuminate\\Database\\Query\\Builder->get()
#14 /home/clj/repo/bckgrnd-msc/floor-desktop/vendor/laravel/framework/src/Illuminate/Database/Query/Builder.php(3412): Illuminate\\Database\\Query\\Builder->first()
#15 /home/clj/repo/bckgrnd-msc/floor-desktop/vendor/laravel/framework/src/Illuminate/Session/DatabaseSessionHandler.php(96): Illuminate\\Database\\Query\\Builder->find()
#16 /home/clj/repo/bckgrnd-msc/floor-desktop/vendor/laravel/framework/src/Illuminate/Session/Store.php(128): Illuminate\\Session\\DatabaseSessionHandler->read()
#17 /home/clj/repo/bckgrnd-msc/floor-desktop/vendor/laravel/framework/src/Illuminate/Session/Store.php(116): Illuminate\\Session\\Store->readFromHandler()
#18 /home/clj/repo/bckgrnd-msc/floor-desktop/vendor/laravel/framework/src/Illuminate/Session/Store.php(100): Illuminate\\Session\\Store->loadSession()
#19 /home/clj/repo/bckgrnd-msc/floor-desktop/vendor/laravel/framework/src/Illuminate/Session/Middleware/StartSession.php(146): Illuminate\\Session\\Store->start()
#20 /home/clj/repo/bckgrnd-msc/floor-desktop/vendor/laravel/framework/src/Illuminate/Support/helpers.php(393): Illuminate\\Session\\Middleware\\StartSession->{closure:Illuminate\\Session\\Middleware\\StartSession::startSession():143}()
#21 /home/clj/repo/bckgrnd-msc/floor-desktop/vendor/laravel/framework/src/Illuminate/Session/Middleware/StartSession.php(143): tap()
#22 /home/clj/repo/bckgrnd-msc/floor-desktop/vendor/laravel/framework/src/Illuminate/Session/Middleware/StartSession.php(115): Illuminate\\Session\\Middleware\\StartSession->startSession()
#23 /home/clj/repo/bckgrnd-msc/floor-desktop/vendor/laravel/framework/src/Illuminate/Session/Middleware/StartSession.php(63): Illuminate\\Session\\Middleware\\StartSession->handleStatefulRequest()
#24 /home/clj/repo/bckgrnd-msc/floor-desktop/vendor/laravel/framework/src/Illuminate/Pipeline/Pipeline.php(219): Illuminate\\Session\\Middleware\\StartSession->handle()
#25 /home/clj/repo/bckgrnd-msc/floor-desktop/vendor/laravel/framework/src/Illuminate/Cookie/Middleware/AddQueuedCookiesToResponse.php(36): Illuminate\\Pipeline\\Pipeline->{closure:{closure:Illuminate\\Pipeline\\Pipeline::carry():194}:195}()
#26 /home/clj/repo/bckgrnd-msc/floor-desktop/vendor/laravel/framework/src/Illuminate/Pipeline/Pipeline.php(219): Illuminate\\Cookie\\Middleware\\AddQueuedCookiesToResponse->handle()
#27 /home/clj/repo/bckgrnd-msc/floor-desktop/vendor/laravel/framework/src/Illuminate/Cookie/Middleware/EncryptCookies.php(74): Illuminate\\Pipeline\\Pipeline->{closure:{closure:Illuminate\\Pipeline\\Pipeline::carry():194}:195}()
#28 /home/clj/repo/bckgrnd-msc/floor-desktop/vendor/laravel/framework/src/Illuminate/Pipeline/Pipeline.php(219): Illuminate\\Cookie\\Middleware\\EncryptCookies->handle()
#29 /home/clj/repo/bckgrnd-msc/floor-desktop/vendor/laravel/framework/src/Illuminate/Pipeline/Pipeline.php(137): Illuminate\\Pipeline\\Pipeline->{closure:{closure:Illuminate\\Pipeline\\Pipeline::carry():194}:195}()
#30 /home/clj/repo/bckgrnd-msc/floor-desktop/vendor/laravel/framework/src/Illuminate/Routing/Router.php(821): Illuminate\\Pipeline\\Pipeline->then()
#31 /home/clj/repo/bckgrnd-msc/floor-desktop/vendor/laravel/framework/src/Illuminate/Routing/Router.php(800): Illuminate\\Routing\\Router->runRouteWithinStack()
#32 /home/clj/repo/bckgrnd-msc/floor-desktop/vendor/laravel/framework/src/Illuminate/Routing/Router.php(764): Illuminate\\Routing\\Router->runRoute()
#33 /home/clj/repo/bckgrnd-msc/floor-desktop/vendor/laravel/framework/src/Illuminate/Routing/Router.php(753): Illuminate\\Routing\\Router->dispatchToRoute()
#34 /home/clj/repo/bckgrnd-msc/floor-desktop/vendor/laravel/framework/src/Illuminate/Foundation/Http/Kernel.php(200): Illuminate\\Routing\\Router->dispatch()
#35 /home/clj/repo/bckgrnd-msc/floor-desktop/vendor/laravel/framework/src/Illuminate/Pipeline/Pipeline.php(180): Illuminate\\Foundation\\Http\\Kernel->{closure:Illuminate\\Foundation\\Http\\Kernel::dispatchToRouter():197}()
#36 /home/clj/repo/bckgrnd-msc/floor-desktop/vendor/laravel/framework/src/Illuminate/Foundation/Http/Middleware/TransformsRequest.php(21): Illuminate\\Pipeline\\Pipeline->{closure:Illuminate\\Pipeline\\Pipeline::prepareDestination():178}()
#37 /home/clj/repo/bckgrnd-msc/floor-desktop/vendor/laravel/framework/src/Illuminate/Foundation/Http/Middleware/ConvertEmptyStringsToNull.php(31): Illuminate\\Foundation\\Http\\Middleware\\TransformsRequest->handle()
#38 /home/clj/repo/bckgrnd-msc/floor-desktop/vendor/laravel/framework/src/Illuminate/Pipeline/Pipeline.php(219): Illuminate\\Foundation\\Http\\Middleware\\ConvertEmptyStringsToNull->handle()
#39 /home/clj/repo/bckgrnd-msc/floor-desktop/vendor/laravel/framework/src/Illuminate/Foundation/Http/Middleware/TransformsRequest.php(21): Illuminate\\Pipeline\\Pipeline->{closure:{closure:Illuminate\\Pipeline\\Pipeline::carry():194}:195}()
#40 /home/clj/repo/bckgrnd-msc/floor-desktop/vendor/laravel/framework/src/Illuminate/Foundation/Http/Middleware/TrimStrings.php(51): Illuminate\\Foundation\\Http\\Middleware\\TransformsRequest->handle()
#41 /home/clj/repo/bckgrnd-msc/floor-desktop/vendor/laravel/framework/src/Illuminate/Pipeline/Pipeline.php(219): Illuminate\\Foundation\\Http\\Middleware\\TrimStrings->handle()
#42 /home/clj/repo/bckgrnd-msc/floor-desktop/vendor/laravel/framework/src/Illuminate/Http/Middleware/ValidatePostSize.php(27): Illuminate\\Pipeline\\Pipeline->{closure:{closure:Illuminate\\Pipeline\\Pipeline::carry():194}:195}()
#43 /home/clj/repo/bckgrnd-msc/floor-desktop/vendor/laravel/framework/src/Illuminate/Pipeline/Pipeline.php(219): Illuminate\\Http\\Middleware\\ValidatePostSize->handle()
#44 /home/clj/repo/bckgrnd-msc/floor-desktop/vendor/laravel/framework/src/Illuminate/Foundation/Http/Middleware/PreventRequestsDuringMaintenance.php(109): Illuminate\\Pipeline\\Pipeline->{closure:{closure:Illuminate\\Pipeline\\Pipeline::carry():194}:195}()
#45 /home/clj/repo/bckgrnd-msc/floor-desktop/vendor/laravel/framework/src/Illuminate/Pipeline/Pipeline.php(219): Illuminate\\Foundation\\Http\\Middleware\\PreventRequestsDuringMaintenance->handle()
#46 /home/clj/repo/bckgrnd-msc/floor-desktop/vendor/laravel/framework/src/Illuminate/Http/Middleware/HandleCors.php(61): Illuminate\\Pipeline\\Pipeline->{closure:{closure:Illuminate\\Pipeline\\Pipeline::carry():194}:195}()
#47 /home/clj/repo/bckgrnd-msc/floor-desktop/vendor/laravel/framework/src/Illuminate/Pipeline/Pipeline.php(219): Illuminate\\Http\\Middleware\\HandleCors->handle()
#48 /home/clj/repo/bckgrnd-msc/floor-desktop/vendor/laravel/framework/src/Illuminate/Http/Middleware/TrustProxies.php(58): Illuminate\\Pipeline\\Pipeline->{closure:{closure:Illuminate\\Pipeline\\Pipeline::carry():194}:195}()
#49 /home/clj/repo/bckgrnd-msc/floor-desktop/vendor/laravel/framework/src/Illuminate/Pipeline/Pipeline.php(219): Illuminate\\Http\\Middleware\\TrustProxies->handle()
#50 /home/clj/repo/bckgrnd-msc/floor-desktop/vendor/laravel/framework/src/Illuminate/Foundation/Http/Middleware/InvokeDeferredCallbacks.php(22): Illuminate\\Pipeline\\Pipeline->{closure:{closure:Illuminate\\Pipeline\\Pipeline::carry():194}:195}()
#51 /home/clj/repo/bckgrnd-msc/floor-desktop/vendor/laravel/framework/src/Illuminate/Pipeline/Pipeline.php(219): Illuminate\\Foundation\\Http\\Middleware\\InvokeDeferredCallbacks->handle()
#52 /home/clj/repo/bckgrnd-msc/floor-desktop/vendor/laravel/framework/src/Illuminate/Http/Middleware/ValidatePathEncoding.php(26): Illuminate\\Pipeline\\Pipeline->{closure:{closure:Illuminate\\Pipeline\\Pipeline::carry():194}:195}()
#53 /home/clj/repo/bckgrnd-msc/floor-desktop/vendor/laravel/framework/src/Illuminate/Pipeline/Pipeline.php(219): Illuminate\\Http\\Middleware\\ValidatePathEncoding->handle()
#54 /home/clj/repo/bckgrnd-msc/floor-desktop/vendor/laravel/framework/src/Illuminate/Pipeline/Pipeline.php(137): Illuminate\\Pipeline\\Pipeline->{closure:{closure:Illuminate\\Pipeline\\Pipeline::carry():194}:195}()
#55 /home/clj/repo/bckgrnd-msc/floor-desktop/vendor/laravel/framework/src/Illuminate/Foundation/Http/Kernel.php(175): Illuminate\\Pipeline\\Pipeline->then()
#56 /home/clj/repo/bckgrnd-msc/floor-desktop/vendor/laravel/framework/src/Illuminate/Foundation/Http/Kernel.php(144): Illuminate\\Foundation\\Http\\Kernel->sendRequestThroughRouter()
#57 /home/clj/repo/bckgrnd-msc/floor-desktop/vendor/laravel/framework/src/Illuminate/Foundation/Application.php(1220): Illuminate\\Foundation\\Http\\Kernel->handle()
#58 /home/clj/repo/bckgrnd-msc/floor-desktop/public/index.php(22): Illuminate\\Foundation\\Application->handleRequest()
#59 /home/clj/repo/bckgrnd-msc/floor-desktop/vendor/laravel/framework/src/Illuminate/Foundation/resources/server.php(23): require_once('...')
#60 {main}
"} 
[2026-10-02 06:47:33] local.ERROR: Database file at path [/home/clj/repo/bckgrnd-msc/floor-desktop/database/database.sqlite] does not exist. Ensure this is an absolute path to the database. (Connection: sqlite, Database: /home/clj/repo/bckgrnd-msc/floor-desktop/database/database.sqlite, SQL: select * from "sessions" where "id" = hXWA4Gwal18X2mNzLUZTBTWKIAGIwnzF0ZpeA54x limit 1) {"exception":"[object] (Illuminate\\Database\\QueryException(code: 0): Database file at path [/home/clj/repo/bckgrnd-msc/floor-desktop/database/database.sqlite] does not exist. Ensure this is an absolute path to the database. (Connection: sqlite, Database: /home/clj/repo/bckgrnd-msc/floor-desktop/database/database.sqlite, SQL: select * from \"sessions\" where \"id\" = hXWA4Gwal18X2mNzLUZTBTWKIAGIwnzF0ZpeA54x limit 1) at /home/clj/repo/bckgrnd-msc/floor-desktop/vendor/laravel/framework/src/Illuminate/Database/Connection.php:838)
[stacktrace]
#0 /home/clj/repo/bckgrnd-msc/floor-desktop/vendor/laravel/framework/src/Illuminate/Database/Connection.php(794): Illuminate\\Database\\Connection->runQueryCallback()
#1 /home/clj/repo/bckgrnd-msc/floor-desktop/vendor/laravel/framework/src/Illuminate/Database/Connection.php(411): Illuminate\\Database\\Connection->run()
#2 /home/clj/repo/bckgrnd-msc/floor-desktop/vendor/laravel/framework/src/Illuminate/Database/Query/Builder.php(3505): Illuminate\\Database\\Connection->select()
#3 /home/clj/repo/bckgrnd-msc/floor-desktop/vendor/laravel/framework/src/Illuminate/Database/Query/Builder.php(3490): Illuminate\\Database\\Query\\Builder->runSelect()
#4 /home/clj/repo/bckgrnd-msc/floor-desktop/vendor/laravel/framework/src/Illuminate/Database/Query/Builder.php(4080): Illuminate\\Database\\Query\\Builder->{closure:Illuminate\\Database\\Query\\Builder::get():3489}()
#5 /home/clj/repo/bckgrnd-msc/floor-desktop/vendor/laravel/framework/src/Illuminate/Database/Query/Builder.php(3489): Illuminate\\Database\\Query\\Builder->onceWithColumns()
#6 /home/clj/repo/bckgrnd-msc/floor-desktop/vendor/laravel/framework/src/Illuminate/Database/Concerns/BuildsQueries.php(366): Illuminate\\Database\\Query\\Builder->get()
#7 /home/clj/repo/bckgrnd-msc/floor-desktop/vendor/laravel/framework/src/Illuminate/Database/Query/Builder.php(3412): Illuminate\\Database\\Query\\Builder->first()
#8 /home/clj/repo/bckgrnd-msc/floor-desktop/vendor/laravel/framework/src/Illuminate/Session/DatabaseSessionHandler.php(96): Illuminate\\Database\\Query\\Builder->find()
#9 /home/clj/repo/bckgrnd-msc/floor-desktop/vendor/laravel/framework/src/Illuminate/Session/Store.php(128): Illuminate\\Session\\DatabaseSessionHandler->read()
#10 /home/clj/repo/bckgrnd-msc/floor-desktop/vendor/laravel/framework/src/Illuminate/Session/Store.php(116): Illuminate\\Session\\Store->readFromHandler()
#11 /home/clj/repo/bckgrnd-msc/floor-desktop/vendor/laravel/framework/src/Illuminate/Session/Store.php(100): Illuminate\\Session\\Store->loadSession()
#12 /home/clj/repo/bckgrnd-msc/floor-desktop/vendor/laravel/framework/src/Illuminate/Session/Middleware/StartSession.php(146): Illuminate\\Session\\Store->start()
#13 /home/clj/repo/bckgrnd-msc/floor-desktop/vendor/laravel/framework/src/Illuminate/Support/helpers.php(393): Illuminate\\Session\\Middleware\\StartSession->{closure:Illuminate\\Session\\Middleware\\StartSession::startSession():143}()
#14 /home/clj/repo/bckgrnd-msc/floor-desktop/vendor/laravel/framework/src/Illuminate/Session/Middleware/StartSession.php(143): tap()
#15 /home/clj/repo/bckgrnd-msc/floor-desktop/vendor/laravel/framework/src/Illuminate/Session/Middleware/StartSession.php(115): Illuminate\\Session\\Middleware\\StartSession->startSession()
#16 /home/clj/repo/bckgrnd-msc/floor-desktop/vendor/laravel/framework/src/Illuminate/Session/Middleware/StartSession.php(63): Illuminate\\Session\\Middleware\\StartSession->handleStatefulRequest()
#17 /home/clj/repo/bckgrnd-msc/floor-desktop/vendor/laravel/framework/src/Illuminate/Pipeline/Pipeline.php(219): Illuminate\\Session\\Middleware\\StartSession->handle()
#18 /home/clj/repo/bckgrnd-msc/floor-desktop/vendor/laravel/framework/src/Illuminate/Cookie/Middleware/AddQueuedCookiesToResponse.php(36): Illuminate\\Pipeline\\Pipeline->{closure:{closure:Illuminate\\Pipeline\\Pipeline::carry():194}:195}()
#19 /home/clj/repo/bckgrnd-msc/floor-desktop/vendor/laravel/framework/src/Illuminate/Pipeline/Pipeline.php(219): Illuminate\\Cookie\\Middleware\\AddQueuedCookiesToResponse->handle()
#20 /home/clj/repo/bckgrnd-msc/floor-desktop/vendor/laravel/framework/src/Illuminate/Cookie/Middleware/EncryptCookies.php(74): Illuminate\\Pipeline\\Pipeline->{closure:{closure:Illuminate\\Pipeline\\Pipeline::carry():194}:195}()
#21 /home/clj/repo/bckgrnd-msc/floor-desktop/vendor/laravel/framework/src/Illuminate/Pipeline/Pipeline.php(219): Illuminate\\Cookie\\Middleware\\EncryptCookies->handle()
#22 /home/clj/repo/bckgrnd-msc/floor-desktop/vendor/laravel/framework/src/Illuminate/Pipeline/Pipeline.php(137): Illuminate\\Pipeline\\Pipeline->{closure:{closure:Illuminate\\Pipeline\\Pipeline::carry():194}:195}()
#23 /home/clj/repo/bckgrnd-msc/floor-desktop/vendor/laravel/framework/src/Illuminate/Routing/Router.php(821): Illuminate\\Pipeline\\Pipeline->then()
#24 /home/clj/repo/bckgrnd-msc/floor-desktop/vendor/laravel/framework/src/Illuminate/Routing/Router.php(800): Illuminate\\Routing\\Router->runRouteWithinStack()
#25 /home/clj/repo/bckgrnd-msc/floor-desktop/vendor/laravel/framework/src/Illuminate/Routing/Router.php(764): Illuminate\\Routing\\Router->runRoute()
#26 /home/clj/repo/bckgrnd-msc/floor-desktop/vendor/laravel/framework/src/Illuminate/Routing/Router.php(753): Illuminate\\Routing\\Router->dispatchToRoute()
#27 /home/clj/repo/bckgrnd-msc/floor-desktop/vendor/laravel/framework/src/Illuminate/Foundation/Http/Kernel.php(200): Illuminate\\Routing\\Router->dispatch()
#28 /home/clj/repo/bckgrnd-msc/floor-desktop/vendor/laravel/framework/src/Illuminate/Pipeline/Pipeline.php(180): Illuminate\\Foundation\\Http\\Kernel->{closure:Illuminate\\Foundation\\Http\\Kernel::dispatchToRouter():197}()
#29 /home/clj/repo/bckgrnd-msc/floor-desktop/vendor/laravel/framework/src/Illuminate/Foundation/Http/Middleware/TransformsRequest.php(21): Illuminate\\Pipeline\\Pipeline->{closure:Illuminate\\Pipeline\\Pipeline::prepareDestination():178}()
#30 /home/clj/repo/bckgrnd-msc/floor-desktop/vendor/laravel/framework/src/Illuminate/Foundation/Http/Middleware/ConvertEmptyStringsToNull.php(31): Illuminate\\Foundation\\Http\\Middleware\\TransformsRequest->handle()
#31 /home/clj/repo/bckgrnd-msc/floor-desktop/vendor/laravel/framework/src/Illuminate/Pipeline/Pipeline.php(219): Illuminate\\Foundation\\Http\\Middleware\\ConvertEmptyStringsToNull->handle()
#32 /home/clj/repo/bckgrnd-msc/floor-desktop/vendor/laravel/framework/src/Illuminate/Foundation/Http/Middleware/TransformsRequest.php(21): Illuminate\\Pipeline\\Pipeline->{closure:{closure:Illuminate\\Pipeline\\Pipeline::carry():194}:195}()
#33 /home/clj/repo/bckgrnd-msc/floor-desktop/vendor/laravel/framework/src/Illuminate/Foundation/Http/Middleware/TrimStrings.php(51): Illuminate\\Foundation\\Http\\Middleware\\TransformsRequest->handle()
#34 /home/clj/repo/bckgrnd-msc/floor-desktop/vendor/laravel/framework/src/Illuminate/Pipeline/Pipeline.php(219): Illuminate\\Foundation\\Http\\Middleware\\TrimStrings->handle()
#35 /home/clj/repo/bckgrnd-msc/floor-desktop/vendor/laravel/framework/src/Illuminate/Http/Middleware/ValidatePostSize.php(27): Illuminate\\Pipeline\\Pipeline->{closure:{closure:Illuminate\\Pipeline\\Pipeline::carry():194}:195}()
#36 /home/clj/repo/bckgrnd-msc/floor-desktop/vendor/laravel/framework/src/Illuminate/Pipeline/Pipeline.php(219): Illuminate\\Http\\Middleware\\ValidatePostSize->handle()
#37 /home/clj/repo/bckgrnd-msc/floor-desktop/vendor/laravel/framework/src/Illuminate/Foundation/Http/Middleware/PreventRequestsDuringMaintenance.php(109): Illuminate\\Pipeline\\Pipeline->{closure:{closure:Illuminate\\Pipeline\\Pipeline::carry():194}:195}()
#38 /home/clj/repo/bckgrnd-msc/floor-desktop/vendor/laravel/framework/src/Illuminate/Pipeline/Pipeline.php(219): Illuminate\\Foundation\\Http\\Middleware\\PreventRequestsDuringMaintenance->handle()
#39 /home/clj/repo/bckgrnd-msc/floor-desktop/vendor/laravel/framework/src/Illuminate/Http/Middleware/HandleCors.php(61): Illuminate\\Pipeline\\Pipeline->{closure:{closure:Illuminate\\Pipeline\\Pipeline::carry():194}:195}()
#40 /home/clj/repo/bckgrnd-msc/floor-desktop/vendor/laravel/framework/src/Illuminate/Pipeline/Pipeline.php(219): Illuminate\\Http\\Middleware\\HandleCors->handle()
#41 /home/clj/repo/bckgrnd-msc/floor-desktop/vendor/laravel/framework/src/Illuminate/Http/Middleware/TrustProxies.php(58): Illuminate\\Pipeline\\Pipeline->{closure:{closure:Illuminate\\Pipeline\\Pipeline::carry():194}:195}()
#42 /home/clj/repo/bckgrnd-msc/floor-desktop/vendor/laravel/framework/src/Illuminate/Pipeline/Pipeline.php(219): Illuminate\\Http\\Middleware\\TrustProxies->handle()
#43 /home/clj/repo/bckgrnd-msc/floor-desktop/vendor/laravel/framework/src/Illuminate/Foundation/Http/Middleware/InvokeDeferredCallbacks.php(22): Illuminate\\Pipeline\\Pipeline->{closure:{closure:Illuminate\\Pipeline\\Pipeline::carry():194}:195}()
#44 /home/clj/repo/bckgrnd-msc/floor-desktop/vendor/laravel/framework/src/Illuminate/Pipeline/Pipeline.php(219): Illuminate\\Foundation\\Http\\Middleware\\InvokeDeferredCallbacks->handle()
#45 /home/clj/repo/bckgrnd-msc/floor-desktop/vendor/laravel/framework/src/Illuminate/Http/Middleware/ValidatePathEncoding.php(26): Illuminate\\Pipeline\\Pipeline->{closure:{closure:Illuminate\\Pipeline\\Pipeline::carry():194}:195}()
#46 /home/clj/repo/bckgrnd-msc/floor-desktop/vendor/laravel/framework/src/Illuminate/Pipeline/Pipeline.php(219): Illuminate\\Http\\Middleware\\ValidatePathEncoding->handle()
#47 /home/clj/repo/bckgrnd-msc/floor-desktop/vendor/laravel/framework/src/Illuminate/Pipeline/Pipeline.php(137): Illuminate\\Pipeline\\Pipeline->{closure:{closure:Illuminate\\Pipeline\\Pipeline::carry():194}:195}()
#48 /home/clj/repo/bckgrnd-msc/floor-desktop/vendor/laravel/framework/src/Illuminate/Foundation/Http/Kernel.php(175): Illuminate\\Pipeline\\Pipeline->then()
#49 /home/clj/repo/bckgrnd-msc/floor-desktop/vendor/laravel/framework/src/Illuminate/Foundation/Http/Kernel.php(144): Illuminate\\Foundation\\Http\\Kernel->sendRequestThroughRouter()
#50 /home/clj/repo/bckgrnd-msc/floor-desktop/vendor/laravel/framework/src/Illuminate/Foundation/Application.php(1220): Illuminate\\Foundation\\Http\\Kernel->handle()
#51 /home/clj/repo/bckgrnd-msc/floor-desktop/public/index.php(22): Illuminate\\Foundation\\Application->handleRequest()
#52 /home/clj/repo/bckgrnd-msc/floor-desktop/vendor/laravel/framework/src/Illuminate/Foundation/resources/server.php(23): require_once('...')
#53 {main}

[previous exception] [object] (Illuminate\\Database\\SQLiteDatabaseDoesNotExistException(code: 0): Database file at path [/home/clj/repo/bckgrnd-msc/floor-desktop/database/database.sqlite] does not exist. Ensure this is an absolute path to the database. at /home/clj/repo/bckgrnd-msc/floor-desktop/vendor/laravel/framework/src/Illuminate/Database/Connectors/SQLiteConnector.php:60)
[stacktrace]
#0 /home/clj/repo/bckgrnd-msc/floor-desktop/vendor/laravel/framework/src/Illuminate/Database/Connectors/SQLiteConnector.php(19): Illuminate\\Database\\Connectors\\SQLiteConnector->parseDatabasePath()
#1 /home/clj/repo/bckgrnd-msc/floor-desktop/vendor/laravel/framework/src/Illuminate/Database/Connectors/ConnectionFactory.php(225): Illuminate\\Database\\Connectors\\SQLiteConnector->connect()
#2 [internal function]: Illuminate\\Database\\Connectors\\ConnectionFactory->{closure:Illuminate\\Database\\Connectors\\ConnectionFactory::createPdoResolverWithoutHosts():225}()
#3 /home/clj/repo/bckgrnd-msc/floor-desktop/vendor/laravel/framework/src/Illuminate/Database/Connection.php(1257): call_user_func()
#4 /home/clj/repo/bckgrnd-msc/floor-desktop/vendor/laravel/framework/src/Illuminate/Database/Connection.php(525): Illuminate\\Database\\Connection->getPdo()
#5 /home/clj/repo/bckgrnd-msc/floor-desktop/vendor/laravel/framework/src/Illuminate/Database/Connection.php(420): Illuminate\\Database\\Connection->getPdoForSelect()
#6 /home/clj/repo/bckgrnd-msc/floor-desktop/vendor/laravel/framework/src/Illuminate/Database/Connection.php(827): Illuminate\\Database\\Connection->{closure:Illuminate\\Database\\Connection::select():411}()
#7 /home/clj/repo/bckgrnd-msc/floor-desktop/vendor/laravel/framework/src/Illuminate/Database/Connection.php(794): Illuminate\\Database\\Connection->runQueryCallback()
#8 /home/clj/repo/bckgrnd-msc/floor-desktop/vendor/laravel/framework/src/Illuminate/Database/Connection.php(411): Illuminate\\Database\\Connection->run()
#9 /home/clj/repo/bckgrnd-msc/floor-desktop/vendor/laravel/framework/src/Illuminate/Database/Query/Builder.php(3505): Illuminate\\Database\\Connection->select()
#10 /home/clj/repo/bckgrnd-msc/floor-desktop/vendor/laravel/framework/src/Illuminate/Database/Query/Builder.php(3490): Illuminate\\Database\\Query\\Builder->runSelect()
#11 /home/clj/repo/bckgrnd-msc/floor-desktop/vendor/laravel/framework/src/Illuminate/Database/Query/Builder.php(4080): Illuminate\\Database\\Query\\Builder->{closure:Illuminate\\Database\\Query\\Builder::get():3489}()
#12 /home/clj/repo/bckgrnd-msc/floor-desktop/vendor/laravel/framework/src/Illuminate/Database/Query/Builder.php(3489): Illuminate\\Database\\Query\\Builder->onceWithColumns()
#13 /home/clj/repo/bckgrnd-msc/floor-desktop/vendor/laravel/framework/src/Illuminate/Database/Concerns/BuildsQueries.php(366): Illuminate\\Database\\Query\\Builder->get()
#14 /home/clj/repo/bckgrnd-msc/floor-desktop/vendor/laravel/framework/src/Illuminate/Database/Query/Builder.php(3412): Illuminate\\Database\\Query\\Builder->first()
#15 /home/clj/repo/bckgrnd-msc/floor-desktop/vendor/laravel/framework/src/Illuminate/Session/DatabaseSessionHandler.php(96): Illuminate\\Database\\Query\\Builder->find()
#16 /home/clj/repo/bckgrnd-msc/floor-desktop/vendor/laravel/framework/src/Illuminate/Session/Store.php(128): Illuminate\\Session\\DatabaseSessionHandler->read()
#17 /home/clj/repo/bckgrnd-msc/floor-desktop/vendor/laravel/framework/src/Illuminate/Session/Store.php(116): Illuminate\\Session\\Store->readFromHandler()
#18 /home/clj/repo/bckgrnd-msc/floor-desktop/vendor/laravel/framework/src/Illuminate/Session/Store.php(100): Illuminate\\Session\\Store->loadSession()
#19 /home/clj/repo/bckgrnd-msc/floor-desktop/vendor/laravel/framework/src/Illuminate/Session/Middleware/StartSession.php(146): Illuminate\\Session\\Store->start()
#20 /home/clj/repo/bckgrnd-msc/floor-desktop/vendor/laravel/framework/src/Illuminate/Support/helpers.php(393): Illuminate\\Session\\Middleware\\StartSession->{closure:Illuminate\\Session\\Middleware\\StartSession::startSession():143}()
#21 /home/clj/repo/bckgrnd-msc/floor-desktop/vendor/laravel/framework/src/Illuminate/Session/Middleware/StartSession.php(143): tap()
#22 /home/clj/repo/bckgrnd-msc/floor-desktop/vendor/laravel/framework/src/Illuminate/Session/Middleware/StartSession.php(115): Illuminate\\Session\\Middleware\\StartSession->startSession()
#23 /home/clj/repo/bckgrnd-msc/floor-desktop/vendor/laravel/framework/src/Illuminate/Session/Middleware/StartSession.php(63): Illuminate\\Session\\Middleware\\StartSession->handleStatefulRequest()
#24 /home/clj/repo/bckgrnd-msc/floor-desktop/vendor/laravel/framework/src/Illuminate/Pipeline/Pipeline.php(219): Illuminate\\Session\\Middleware\\StartSession->handle()
#25 /home/clj/repo/bckgrnd-msc/floor-desktop/vendor/laravel/framework/src/Illuminate/Cookie/Middleware/AddQueuedCookiesToResponse.php(36): Illuminate\\Pipeline\\Pipeline->{closure:{closure:Illuminate\\Pipeline\\Pipeline::carry():194}:195}()
#26 /home/clj/repo/bckgrnd-msc/floor-desktop/vendor/laravel/framework/src/Illuminate/Pipeline/Pipeline.php(219): Illuminate\\Cookie\\Middleware\\AddQueuedCookiesToResponse->handle()
#27 /home/clj/repo/bckgrnd-msc/floor-desktop/vendor/laravel/framework/src/Illuminate/Cookie/Middleware/EncryptCookies.php(74): Illuminate\\Pipeline\\Pipeline->{closure:{closure:Illuminate\\Pipeline\\Pipeline::carry():194}:195}()
#28 /home/clj/repo/bckgrnd-msc/floor-desktop/vendor/laravel/framework/src/Illuminate/Pipeline/Pipeline.php(219): Illuminate\\Cookie\\Middleware\\EncryptCookies->handle()
#29 /home/clj/repo/bckgrnd-msc/floor-desktop/vendor/laravel/framework/src/Illuminate/Pipeline/Pipeline.php(137): Illuminate\\Pipeline\\Pipeline->{closure:{closure:Illuminate\\Pipeline\\Pipeline::carry():194}:195}()
#30 /home/clj/repo/bckgrnd-msc/floor-desktop/vendor/laravel/framework/src/Illuminate/Routing/Router.php(821): Illuminate\\Pipeline\\Pipeline->then()
#31 /home/clj/repo/bckgrnd-msc/floor-desktop/vendor/laravel/framework/src/Illuminate/Routing/Router.php(800): Illuminate\\Routing\\Router->runRouteWithinStack()
#32 /home/clj/repo/bckgrnd-msc/floor-desktop/vendor/laravel/framework/src/Illuminate/Routing/Router.php(764): Illuminate\\Routing\\Router->runRoute()
#33 /home/clj/repo/bckgrnd-msc/floor-desktop/vendor/laravel/framework/src/Illuminate/Routing/Router.php(753): Illuminate\\Routing\\Router->dispatchToRoute()
#34 /home/clj/repo/bckgrnd-msc/floor-desktop/vendor/laravel/framework/src/Illuminate/Foundation/Http/Kernel.php(200): Illuminate\\Routing\\Router->dispatch()
#35 /home/clj/repo/bckgrnd-msc/floor-desktop/vendor/laravel/framework/src/Illuminate/Pipeline/Pipeline.php(180): Illuminate\\Foundation\\Http\\Kernel->{closure:Illuminate\\Foundation\\Http\\Kernel::dispatchToRouter():197}()
#36 /home/clj/repo/bckgrnd-msc/floor-desktop/vendor/laravel/framework/src/Illuminate/Foundation/Http/Middleware/TransformsRequest.php(21): Illuminate\\Pipeline\\Pipeline->{closure:Illuminate\\Pipeline\\Pipeline::prepareDestination():178}()
#37 /home/clj/repo/bckgrnd-msc/floor-desktop/vendor/laravel/framework/src/Illuminate/Foundation/Http/Middleware/ConvertEmptyStringsToNull.php(31): Illuminate\\Foundation\\Http\\Middleware\\TransformsRequest->handle()
#38 /home/clj/repo/bckgrnd-msc/floor-desktop/vendor/laravel/framework/src/Illuminate/Pipeline/Pipeline.php(219): Illuminate\\Foundation\\Http\\Middleware\\ConvertEmptyStringsToNull->handle()
#39 /home/clj/repo/bckgrnd-msc/floor-desktop/vendor/laravel/framework/src/Illuminate/Foundation/Http/Middleware/TransformsRequest.php(21): Illuminate\\Pipeline\\Pipeline->{closure:{closure:Illuminate\\Pipeline\\Pipeline::carry():194}:195}()
#40 /home/clj/repo/bckgrnd-msc/floor-desktop/vendor/laravel/framework/src/Illuminate/Foundation/Http/Middleware/TrimStrings.php(51): Illuminate\\Foundation\\Http\\Middleware\\TransformsRequest->handle()
#41 /home/clj/repo/bckgrnd-msc/floor-desktop/vendor/laravel/framework/src/Illuminate/Pipeline/Pipeline.php(219): Illuminate\\Foundation\\Http\\Middleware\\TrimStrings->handle()
#42 /home/clj/repo/bckgrnd-msc/floor-desktop/vendor/laravel/framework/src/Illuminate/Http/Middleware/ValidatePostSize.php(27): Illuminate\\Pipeline\\Pipeline->{closure:{closure:Illuminate\\Pipeline\\Pipeline::carry():194}:195}()
#43 /home/clj/repo/bckgrnd-msc/floor-desktop/vendor/laravel/framework/src/Illuminate/Pipeline/Pipeline.php(219): Illuminate\\Http\\Middleware\\ValidatePostSize->handle()
#44 /home/clj/repo/bckgrnd-msc/floor-desktop/vendor/laravel/framework/src/Illuminate/Foundation/Http/Middleware/PreventRequestsDuringMaintenance.php(109): Illuminate\\Pipeline\\Pipeline->{closure:{closure:Illuminate\\Pipeline\\Pipeline::carry():194}:195}()
#45 /home/clj/repo/bckgrnd-msc/floor-desktop/vendor/laravel/framework/src/Illuminate/Pipeline/Pipeline.php(219): Illuminate\\Foundation\\Http\\Middleware\\PreventRequestsDuringMaintenance->handle()
#46 /home/clj/repo/bckgrnd-msc/floor-desktop/vendor/laravel/framework/src/Illuminate/Http/Middleware/HandleCors.php(61): Illuminate\\Pipeline\\Pipeline->{closure:{closure:Illuminate\\Pipeline\\Pipeline::carry():194}:195}()
#47 /home/clj/repo/bckgrnd-msc/floor-desktop/vendor/laravel/framework/src/Illuminate/Pipeline/Pipeline.php(219): Illuminate\\Http\\Middleware\\HandleCors->handle()
#48 /home/clj/repo/bckgrnd-msc/floor-desktop/vendor/laravel/framework/src/Illuminate/Http/Middleware/TrustProxies.php(58): Illuminate\\Pipeline\\Pipeline->{closure:{closure:Illuminate\\Pipeline\\Pipeline::carry():194}:195}()
#49 /home/clj/repo/bckgrnd-msc/floor-desktop/vendor/laravel/framework/src/Illuminate/Pipeline/Pipeline.php(219): Illuminate\\Http\\Middleware\\TrustProxies->handle()
#50 /home/clj/repo/bckgrnd-msc/floor-desktop/vendor/laravel/framework/src/Illuminate/Foundation/Http/Middleware/InvokeDeferredCallbacks.php(22): Illuminate\\Pipeline\\Pipeline->{closure:{closure:Illuminate\\Pipeline\\Pipeline::carry():194}:195}()
#51 /home/clj/repo/bckgrnd-msc/floor-desktop/vendor/laravel/framework/src/Illuminate/Pipeline/Pipeline.php(219): Illuminate\\Foundation\\Http\\Middleware\\InvokeDeferredCallbacks->handle()
#52 /home/clj/repo/bckgrnd-msc/floor-desktop/vendor/laravel/framework/src/Illuminate/Http/Middleware/ValidatePathEncoding.php(26): Illuminate\\Pipeline\\Pipeline->{closure:{closure:Illuminate\\Pipeline\\Pipeline::carry():194}:195}()
#53 /home/clj/repo/bckgrnd-msc/floor-desktop/vendor/laravel/framework/src/Illuminate/Pipeline/Pipeline.php(219): Illuminate\\Http\\Middleware\\ValidatePathEncoding->handle()
#54 /home/clj/repo/bckgrnd-msc/floor-desktop/vendor/laravel/framework/src/Illuminate/Pipeline/Pipeline.php(137): Illuminate\\Pipeline\\Pipeline->{closure:{closure:Illuminate\\Pipeline\\Pipeline::carry():194}:195}()
#55 /home/clj/repo/bckgrnd-msc/floor-desktop/vendor/laravel/framework/src/Illuminate/Foundation/Http/Kernel.php(175): Illuminate\\Pipeline\\Pipeline->then()
#56 /home/clj/repo/bckgrnd-msc/floor-desktop/vendor/laravel/framework/src/Illuminate/Foundation/Http/Kernel.php(144): Illuminate\\Foundation\\Http\\Kernel->sendRequestThroughRouter()
#57 /home/clj/repo/bckgrnd-msc/floor-desktop/vendor/laravel/framework/src/Illuminate/Foundation/Application.php(1220): Illuminate\\Foundation\\Http\\Kernel->handle()
#58 /home/clj/repo/bckgrnd-msc/floor-desktop/public/index.php(22): Illuminate\\Foundation\\Application->handleRequest()
#59 /home/clj/repo/bckgrnd-msc/floor-desktop/vendor/laravel/framework/src/Illuminate/Foundation/resources/server.php(23): require_once('...')
#60 {main}
"} 
